OBJECTID;UIDENTSTLAE;ULAND;UREGBEZ;UKREIS;UGEMEINDE;UJAHR;UMONAT;USTUNDE;UWOCHENTAG;UKATEGORIE;UART;UTYP1;ULICHTVERH;USTRZUSTAND;IstRad;IstPKW;IstFuss;IstKrad;IstGkfz;IstSonstige;LINREFX;LINREFY;XGCSWGS84;YGCSWGS84
30323;5,21E+18;5;3;15;0;2021;9;17;3;3;2;6;0;0;0;1;0;0;0;1;357777,3796;5639454,918;6,97788435;50,88923219
30330;5,21E+18;5;3;15;0;2021;7;22;3;3;0;1;2;1;1;0;0;0;0;0;355286,17;5644185,634;6,940612721;50,93112761
30331;5,21E+18;5;3;15;0;2021;9;14;5;3;1;5;0;0;1;1;0;0;0;0;353790,1682;5646227,417;6,918519003;50,94909914
30333;5,21E+18;5;3;15;0;2021;3;10;3;3;1;7;0;0;0;1;0;0;0;0;353886,4948;5641869,282;6,921636196;50,90995838
30335;5,21E+18;5;3;15;0;2021;10;6;2;3;5;3;2;1;0;1;0;0;0;1;354924,29;5643339,187;6,935803285;50,92342988
30341;5,21E+18;5;3;15;0;2021;10;12;6;3;0;7;0;0;0;1;1;0;0;0;352566,431;5647198,775;6,900716624;50,95751658
30342;5,21E+18;5;3;15;0;2021;9;16;5;3;5;3;0;0;1;1;0;0;0;0;356005,9272;5646891,197;6,94977882;50,95562217
30346;5,21E+18;5;3;15;0;2021;6;13;3;3;5;2;0;1;1;1;0;0;0;0;357026,839;5641116,149;6,966570029;50,90397638
30347;5,21E+18;5;3;15;0;2021;9;15;7;3;1;3;0;0;1;1;0;0;0;0;351478,1382;5644619,231;6,886283779;50,93405616
30350;5,21E+18;5;3;15;0;2021;9;9;5;3;3;2;0;0;1;1;0;0;0;0;356429,9083;5647045,303;6,955750659;50,95711288
30353;5,21E+18;5;3;15;0;2021;6;20;4;3;0;1;1;1;0;1;0;0;0;0;348848,7557;5644880,543;6,848782809;50,93572128
30355;5,21E+18;5;3;15;0;2021;3;22;2;3;5;3;2;0;1;1;0;0;0;0;355531,7389;5643780,259;6,944265598;50,92754614
30356;5,21E+18;5;3;15;0;2021;1;19;7;3;2;6;2;0;0;1;0;0;0;0;354191,852;5644842,442;6,924787849;50,93675455
30357;5,21E+18;5;3;15;0;2021;11;16;7;3;3;6;0;0;0;1;0;1;0;0;355118,0427;5644660,453;6,938033044;50,93535249
30366;5,21E+18;5;3;15;0;2021;1;7;4;3;5;2;1;0;1;0;0;0;0;1;353538,0541;5642766,862;6,91632306;50,91793635
30367;5,21E+18;5;3;15;0;2021;5;17;4;3;2;2;0;1;0;1;0;0;0;0;351735,7258;5643568,131;6,890374522;50,92467672
30374;5,21E+18;5;3;15;0;2021;4;15;3;2;3;6;0;1;0;1;0;0;0;0;357931,7838;5646596,288;6,977296315;50,95344982
30380;5,21E+18;5;3;15;0;2021;6;18;5;3;5;3;0;0;0;1;0;0;0;1;354542,8979;5647449,951;6,928739035;50,96027611
30381;5,21E+18;5;3;15;0;2021;11;8;6;3;2;6;0;1;0;1;0;1;0;0;355279,6004;5644006,58;6,940590383;50,92951684
30383;5,21E+18;5;3;15;0;2021;6;13;2;3;2;6;0;0;0;1;0;0;0;0;351136,2193;5650601,426;6,878973976;50,98772641
30388;5,21E+18;5;3;15;0;2021;12;3;1;2;0;1;2;1;0;0;0;0;0;1;357475,5054;5644775,395;6,971516942;50,93697291
30391;5,21E+18;5;3;15;0;2021;11;19;7;2;5;2;2;1;0;1;0;0;0;0;354088,3774;5644846,458;6,923314574;50,93676447
30393;5,21E+18;5;3;15;0;2021;12;18;1;3;1;6;2;1;0;1;0;0;0;0;355137,605;5646571,528;6,937551198;50,95253178
30398;5,21E+18;5;3;15;0;2021;6;19;5;3;2;6;0;0;1;0;0;0;0;1;353331,6774;5646716,728;6,911799323;50,9533799
30399;5,21E+18;5;3;15;0;2021;7;18;5;2;3;6;0;1;0;1;0;0;0;1;352749,417;5650656,385;6,901920127;50,98863522
30416;5,21E+18;5;3;15;0;2021;2;16;1;3;0;7;0;0;0;1;0;1;0;0;355271,31;5644014,759;6,940469243;50,92958826
30419;5,21E+18;5;3;15;0;2021;9;13;3;3;6;4;0;0;1;0;1;0;0;0;356856,0627;5644266,678;6,962906475;50,93224769
30420;5,21E+18;5;3;15;0;2021;12;18;7;2;0;6;2;1;0;1;0;0;0;0;358061,3936;5644009,79;6,980148232;50,93023692
30423;5,21E+18;5;3;15;0;2021;10;15;2;3;2;6;0;0;0;1;0;0;0;0;357359,1643;5642400,508;6,97079134;50,91560111
30427;5,21E+18;5;3;15;0;2021;12;17;4;3;0;1;1;0;1;0;0;0;0;0;352850,9405;5641190,723;6,907190169;50,90359737
30431;5,21E+18;5;3;15;0;2021;5;19;6;3;2;6;0;1;0;1;0;0;1;0;354855,718;5641522,94;6,935550864;50,90709041
30437;5,21E+18;5;3;15;0;2021;9;8;2;3;6;4;0;0;0;1;1;0;0;0;352603,7816;5647176,294;6,901257177;50,95732412
30448;5,21E+18;5;3;15;0;2021;9;14;4;3;3;6;0;1;0;1;0;0;0;0;357713,2722;5646829,101;6,974096322;50,95548819
30453;5,21E+18;5;3;15;0;2021;9;4;7;3;0;1;2;0;1;0;0;0;0;0;355219,722;5644982,933;6,939351018;50,93827608
30455;5,21E+18;5;3;15;0;2021;6;16;2;3;5;2;0;0;1;1;0;0;0;0;354576,6829;5644817,059;6,930271253;50,93662362
30460;5,21E+18;5;3;15;0;2021;6;13;5;2;5;3;0;0;1;1;0;0;0;0;357165,8734;5638776,656;6,969460905;50,88298575
30463;5,21E+18;5;3;15;0;2021;10;8;4;3;5;2;0;0;0;1;0;0;0;1;352739,8863;5644932,049;6,904101267;50,93719087
30465;5,21E+18;5;3;15;0;2021;5;14;4;3;2;6;0;1;0;1;0;0;0;0;353924,3928;5646745,687;6,920220572;50,95379067
30479;5,21E+18;5;3;15;0;2021;3;15;5;3;2;6;0;0;0;1;0;0;0;1;351503,8039;5644528,407;6,886685784;50,93324658
30482;5,21E+18;5;3;15;0;2021;10;17;7;3;5;2;0;0;1;1;0;0;0;0;357710,8246;5646910,62;6,974029628;50,9562202
30487;5,21E+18;5;3;15;0;2021;3;10;4;2;6;4;0;0;0;0;1;0;1;0;355103,135;5644660,468;6,937821018;50,93534888
30490;5,21E+18;5;3;15;0;2021;10;13;3;3;6;4;0;0;0;1;1;0;0;0;347861,5867;5645204,209;6,834608762;50,93837023
30495;5,21E+18;5;3;15;0;2021;11;10;7;3;0;5;0;0;1;1;0;0;0;1;353534,1317;5642862,433;6,916228922;50,91879422
30499;5,21E+18;5;3;15;0;2021;6;17;6;3;0;2;0;0;1;1;0;0;0;0;354917,206;5647910,709;6,933881623;50,96451117
30508;5,21E+18;5;3;15;0;2021;11;14;2;3;5;3;0;0;0;1;0;1;0;0;355721,141;5640043,406;6,948436301;50,89401095
30509;5,21E+18;5;3;15;0;2021;6;15;3;3;3;2;0;0;0;1;0;1;0;0;356101,9253;5643384,28;6,952529884;50,92413004
30510;5,21E+18;5;3;15;0;2021;10;9;4;3;3;6;0;1;0;1;0;0;0;1;354526,7576;5647207,497;6,92860628;50,95809318
30511;5,21E+18;5;3;15;0;2021;5;16;4;3;5;2;0;0;1;1;0;0;0;0;355478,2558;5651030,909;6,940625493;50,99269257
30524;5,21E+18;5;3;15;0;2021;6;21;6;3;2;2;0;0;1;1;0;0;0;0;355030,6946;5644243,723;6,936956528;50,93158548
30530;5,21E+18;5;3;15;0;2021;9;12;5;3;5;3;0;0;1;0;0;1;0;0;353276,9855;5643428,876;6,912345213;50,92381932
30537;5,21E+18;5;3;15;0;2021;5;8;5;3;0;3;0;1;1;0;0;0;0;1;357116,8617;5643216,047;6,967027187;50,92287039
30542;5,21E+18;5;3;15;0;2021;6;15;3;3;3;2;0;1;0;1;0;1;0;0;350251,5793;5659640,922;6,862644574;51,06872773
30543;5,21E+18;5;3;15;0;2021;7;18;6;3;5;2;0;0;1;1;0;0;0;0;355746,846;5644060,411;6,94721354;50,93011765
30544;5,21E+18;5;3;15;0;2021;5;6;3;3;5;3;0;1;0;1;0;0;0;0;354260,4832;5640287,574;6,927583596;50,8958385
30557;5,21E+18;5;3;15;0;2021;10;12;6;3;3;6;0;0;0;1;0;0;1;0;354148,5326;5647958,05;6,92292367;50,96474253
30562;5,21E+18;5;3;15;0;2021;6;8;3;3;0;1;0;1;1;0;0;0;0;0;349857,2878;5650243,21;6,860913174;50,98417524
30563;5,21E+18;5;3;15;0;2021;6;19;5;3;5;2;0;0;0;1;0;0;0;0;356872,153;5645471,943;6,962661856;50,94308328
30567;5,21E+18;5;3;15;0;2021;12;7;4;3;5;3;0;0;1;1;0;0;0;0;349201,7818;5645133,851;6,85369855;50,93808999
30580;5,21E+18;5;3;15;0;2021;6;9;4;3;4;6;0;0;1;1;0;0;0;0;353238,4457;5643502,644;6,911767548;50,92447244
30582;5,21E+18;5;3;15;0;2021;10;8;5;3;0;3;0;0;1;0;0;0;0;1;353484,2278;5644138,59;6,91500667;50,93024994
30595;5,21E+18;5;3;15;0;2021;1;7;3;2;5;2;2;1;1;1;0;0;0;0;354467,255;5645760,332;6,928338091;50,94507293
30596;5,21E+18;5;3;15;0;2021;9;20;2;2;0;7;2;0;0;0;0;1;0;0;355270,386;5645234,533;6,939971669;50,94054988
30599;5,21E+18;5;3;15;0;2021;7;9;5;3;0;1;0;0;1;0;0;0;0;0;356838,8728;5644143,91;6,962710229;50,93114012
30602;5,21E+18;5;3;15;0;2021;12;14;6;3;0;2;0;1;0;1;0;0;0;1;348027,771;5645194,765;6,836976205;50,93832918
30603;5,21E+18;5;3;15;0;2021;7;21;7;2;0;1;0;0;0;0;0;0;0;1;357426,2099;5644264,738;6,971015596;50,93237147
30606;5,21E+18;5;3;15;0;2021;6;20;6;3;0;1;0;0;1;0;0;0;0;0;352972,8004;5644411,404;6,907623935;50,93257148
30613;5,21E+18;5;3;15;0;2021;12;10;4;3;5;3;0;0;1;1;0;0;0;0;356861,3793;5645473,215;6,962508102;50,94309204
30614;5,21E+18;5;3;15;0;2021;6;18;4;3;0;1;0;0;1;0;0;0;0;0;347488,9583;5646615,386;6,828718301;50,95095282
30617;5,21E+18;5;3;15;0;2021;12;15;2;3;0;7;0;0;0;1;1;0;0;0;356130,915;5648904,585;6,950760997;50,9737473
30620;5,21E+18;5;3;15;0;2021;7;1;7;3;8;1;2;0;1;0;0;0;0;0;356313,522;5646232,574;6,954415387;50,94978001
30621;5,21E+18;5;3;15;0;2021;3;18;1;2;8;7;0;0;0;1;0;0;0;0;351279,1783;5645099,695;6,883258219;50,93832257
30625;5,21E+18;5;3;15;0;2021;12;18;4;3;8;1;2;1;0;1;0;0;0;0;349359,9416;5643149,36;6,856767985;50,92029809
30626;5,21E+18;5;3;15;0;2021;9;8;2;3;5;3;0;0;1;0;0;0;0;1;356575,0248;5653976,696;6,955079219;51,01944001
30629;5,21E+18;5;3;15;0;2021;11;18;3;3;2;6;2;1;0;1;0;0;0;0;349026,8252;5647044,002;6,850418421;50,95520932
30632;5,21E+18;5;3;15;0;2021;5;17;6;3;5;3;0;0;1;0;0;0;0;0;354335,7839;5644835,197;6,92683782;50,93672582
30636;5,21E+18;5;3;15;0;2021;10;21;3;3;4;1;2;1;0;1;0;0;0;0;357739,834;5635003,216;6,979082211;50,84921505
30640;5,21E+18;5;3;15;0;2021;3;14;4;3;2;6;0;0;0;1;0;0;0;0;357114,5833;5639170,26;6,968578365;50,88651039
30644;5,21E+18;5;3;15;0;2021;10;8;5;3;5;2;0;0;1;1;0;0;0;0;351968,0002;5644961,818;6,893111124;50,93726077
30648;5,21E+18;5;3;15;0;2021;6;11;3;2;2;6;0;0;0;1;0;0;0;1;350391,2559;5642602,085;6,87165461;50,91564836
30649;5,21E+18;5;3;15;0;2021;5;16;5;3;5;3;0;1;0;1;0;0;0;1;349840,1714;5649470,091;6,860988891;50,97722333
30654;5,21E+18;5;3;15;0;2021;7;14;3;2;5;2;0;0;0;1;0;0;0;0;356181,2449;5644620,301;6,953170073;50,93525777
30658;5,21E+18;5;3;15;0;2021;1;16;4;3;1;6;1;0;0;1;0;0;0;0;356740,4781;5634909,161;6,964931898;50,84812315
30666;5,21E+18;5;3;15;0;2021;5;15;5;3;5;3;0;0;1;1;0;0;0;0;354247,8751;5645174,505;6,925451804;50,93975287
30668;5,21E+18;5;3;15;0;2021;12;1;1;3;4;6;2;0;1;0;0;0;0;1;355188,007;5644776,491;6,938981978;50,93641287
30679;5,21E+18;5;3;15;0;2021;2;10;5;3;3;3;0;0;1;1;0;0;0;0;355472,298;5645755,454;6,94263694;50,94528193
30681;5,21E+18;5;3;15;0;2021;9;15;3;3;0;1;2;0;0;0;0;1;0;0;354823,589;5646205,525;6,933229504;50,9491636
30683;5,21E+18;5;3;15;0;2021;12;16;4;3;2;6;2;0;0;1;0;0;0;0;349883,588;5654173,719;6,859662326;51,01950252
30684;5,21E+18;5;3;15;0;2021;6;17;4;3;3;7;0;0;0;1;0;0;0;1;356514,658;5644622,624;6,957911072;50,9353617
30685;5,21E+18;5;3;15;0;2021;4;15;4;3;4;6;0;0;1;1;0;0;0;0;357761,5537;5643721,744;6,975996605;50,92757438
30688;5,21E+18;5;3;15;0;2021;1;16;4;2;0;1;1;0;1;0;0;0;0;0;353040,7873;5643937,928;6,90878167;50,92833386
30693;5,21E+18;5;3;15;0;2021;12;14;6;3;7;1;0;0;1;0;0;0;0;0;355478,1691;5651031,057;6,9406242;50,99269387
30696;5,21E+18;5;3;15;0;2021;7;18;4;3;1;7;0;0;0;1;0;1;0;0;351030,907;5651851,845;6,876961727;50,99893585
30697;5,21E+18;5;3;15;0;2021;12;11;5;3;1;6;0;0;0;1;0;0;0;1;356850,304;5644295,591;6,962813222;50,93250609
30701;5,21E+18;5;3;15;0;2021;5;15;4;3;2;6;0;1;0;1;0;0;0;0;357155,0927;5637143,09;6,96994591;50,86830216
30708;5,21E+18;5;3;15;0;2021;7;16;1;2;1;7;0;1;0;1;0;1;0;0;350870,6957;5645059,402;6,877465042;50,93785498
30713;5,21E+18;5;3;15;0;2021;6;18;1;3;0;1;0;0;1;0;0;0;0;0;353244,1881;5646809,289;6,910517257;50,95418944
30722;5,21E+18;5;3;15;0;2021;11;14;1;2;5;3;0;1;1;1;0;0;0;0;349358,992;5643149,086;6,856754598;50,92029537
30723;5,21E+18;5;3;15;0;2021;10;14;2;3;2;6;0;0;0;1;0;0;0;0;356552,9545;5647093,37;6,95748254;50,95757549
30726;5,21E+18;5;3;15;0;2021;10;7;5;3;5;3;0;1;1;1;0;0;0;0;355684,1255;5639978,932;6,947935795;50,89342228
30728;5,21E+18;5;3;15;0;2021;7;20;4;2;0;7;0;1;0;1;0;0;0;0;355262,9944;5645195,994;6,939881843;50,94020168
30729;5,21E+18;5;3;15;0;2021;10;11;6;3;6;4;0;0;0;1;1;0;0;0;353598,6142;5642616,784;6,917244255;50,91660302
30731;5,21E+18;5;3;15;0;2021;6;17;5;3;5;2;0;0;1;1;0;0;0;0;354785,769;5647745,31;6,932077154;50,96299167
30732;5,21E+18;5;3;15;0;2021;10;12;5;3;9;7;0;0;0;1;0;0;0;0;358033,973;5644016,709;6,979755588;50,93029235
30735;5,21E+18;5;3;15;0;2021;12;14;6;3;1;6;0;0;0;1;0;0;0;0;357351,185;5646874,241;6,968926628;50,95580435
30740;5,21E+18;5;3;15;0;2021;7;14;3;3;5;2;0;1;1;1;0;0;0;0;354039,0729;5646881,569;6,921797719;50,95504086
30746;5,21E+18;5;3;15;0;2021;5;17;3;2;3;3;0;1;1;1;0;0;0;0;356813,2968;5644712,896;6,962122961;50,93624719
30749;5,21E+18;5;3;15;0;2021;3;7;4;3;2;6;0;1;0;1;0;1;0;0;355827,3394;5641175,338;6,949498448;50,90421002
30751;5,21E+18;5;3;15;0;2021;2;8;2;3;3;6;0;1;0;1;0;0;0;0;356198,2232;5646183,907;6,952794283;50,9493139
30755;5,21E+18;5;3;15;0;2021;5;15;2;3;2;6;0;0;0;1;0;0;0;0;349234,8705;5643113,248;6,855004795;50,9199409
30759;5,21E+18;5;3;15;0;2021;5;17;3;3;2;7;0;1;0;1;0;0;0;1;349056,0702;5649568,001;6,849787189;50,97789818
30761;5,21E+18;5;3;15;0;2021;4;11;5;3;0;2;0;0;0;1;0;1;0;0;355830,4935;5650303,997;6,94592975;50,98624834
30762;5,21E+18;5;3;15;0;2021;9;9;5;3;5;2;0;0;1;1;0;0;0;0;354299,372;5644203,598;6,926572457;50,93104062
30766;5,21E+18;5;3;15;0;2021;2;12;6;3;0;2;0;1;0;1;0;0;0;1;357878,1201;5644434,306;6,977376369;50,93400691
30772;5,21E+18;5;3;15;0;2021;7;12;4;3;1;3;0;0;1;0;0;0;0;0;353380,78;5645565,318;6,912961527;50,94304512
30774;5,21E+18;5;3;15;0;2021;9;20;7;3;2;6;2;0;0;1;0;1;0;0;353496,531;5641343,958;6,916304004;50,90513862
30782;5,21E+18;5;3;15;0;2021;4;15;3;3;0;6;0;0;1;1;0;0;0;0;353064,4491;5644912,991;6,908725041;50,9371024
30784;5,21E+18;5;3;15;0;2021;5;19;2;3;2;6;0;0;0;1;0;0;0;0;355723,0128;5640050,528;6,948460085;50,89407542
30788;5,21E+18;5;3;15;0;2021;5;19;4;3;6;4;0;0;1;0;1;0;0;0;353889,8083;5646155,056;6,91996554;50,94847412
30789;5,21E+18;5;3;15;0;2021;3;15;6;3;2;6;0;0;0;1;0;0;0;1;351252,373;5652586,604;6,879814583;51,00559593
30790;5,21E+18;5;3;15;0;2021;7;18;4;2;3;6;0;0;1;0;0;0;0;0;356937,6392;5643609,924;6,964324355;50,92636572
30791;5,21E+18;5;3;15;0;2021;5;14;3;3;6;7;0;1;0;0;1;0;0;1;358208,3926;5645453,498;6,981676918;50,94324769
30797;5,21E+18;5;3;15;0;2021;12;15;3;3;5;3;0;0;1;1;0;0;0;0;353197,129;5645188,257;6,910501169;50,93960989
30800;5,21E+18;5;3;15;0;2021;11;7;5;3;2;6;1;1;0;1;0;0;1;1;353337,377;5640360,655;6,914436942;50,89626158
30802;5,21E+18;5;3;15;0;2021;4;11;5;3;5;2;0;0;1;1;0;0;0;0;356179,4314;5644620,883;6,953144053;50,93526255
30805;5,21E+18;5;3;15;0;2021;7;6;5;3;2;6;0;1;0;1;0;0;0;0;351589,147;5647962,229;6,886499949;50,96412646
30806;5,21E+18;5;3;15;0;2021;10;8;7;2;2;6;0;0;0;1;0;1;0;0;358378,2034;5646101,355;6,983840545;50,94911173
30810;5,21E+18;5;3;15;0;2021;4;14;7;3;1;5;0;0;1;1;0;0;0;0;357598,4345;5643911,448;6,973602925;50,929239
30813;5,21E+18;5;3;15;0;2021;1;12;3;3;5;2;0;1;1;1;0;0;0;0;355694,341;5645893,211;6,945740981;50,94657554
30814;5,21E+18;5;3;15;0;2021;9;20;3;2;6;1;1;0;0;0;1;1;0;0;354235,9523;5642404,559;6,926389677;50,91485714
30815;5,21E+18;5;3;15;0;2021;11;17;5;2;0;1;2;0;1;0;0;0;0;0;355185,5676;5643733,858;6,93936153;50,92704235
30817;5,21E+18;5;3;15;0;2021;4;17;4;3;2;6;0;0;0;1;0;0;0;0;354483,0877;5641760,957;6,93015958;50,90913561
30819;5,21E+18;5;3;15;0;2021;10;17;7;3;8;1;0;0;1;0;0;0;0;0;350398,9639;5659539,007;6,864788784;51,06785034
30822;5,21E+18;5;3;15;0;2021;9;10;7;3;5;3;0;0;1;1;0;0;0;0;357351,185;5646874,241;6,968926628;50,95580435
30825;5,21E+18;5;3;15;0;2021;12;15;2;3;3;2;0;0;0;1;0;0;0;1;353358,3372;5644887,772;6,912915013;50,93695057
30829;5,21E+18;5;3;15;0;2021;11;18;3;3;6;6;2;0;1;0;1;0;0;0;353858,309;5642350,099;6,921042988;50,91427222
30831;5,21E+18;5;3;15;0;2021;11;21;3;2;5;7;2;0;0;1;0;0;0;1;354822,9242;5643234,607;6,934403646;50,92246454
30834;5,21E+18;5;3;15;0;2021;12;22;2;3;0;1;2;1;1;0;0;0;0;0;356659,1569;5644613,085;6,959969943;50,93531191
30836;5,21E+18;5;3;15;0;2021;1;6;1;3;9;1;2;1;0;1;0;0;0;0;352481,0938;5651008,676;6,897956654;50,99173237
30840;5,21E+18;5;3;15;0;2021;12;7;2;3;6;2;2;1;0;1;1;0;0;0;353845,6449;5642328,16;6,920871749;50,91407185
30841;5,21E+18;5;3;15;0;2021;9;12;2;2;0;1;0;1;1;0;0;0;0;0;350944,0189;5645052,974;6,878510505;50,93781618
30843;5,21E+18;5;3;15;0;2021;10;14;7;3;2;6;0;0;0;1;0;0;0;0;358266,4047;5646238,247;6,982196722;50,9503145
30847;5,21E+18;5;3;15;0;2021;9;8;4;3;3;6;0;1;0;1;0;1;0;0;348959,0101;5649685,735;6,848356682;50,97893071
30849;5,21E+18;5;3;15;0;2021;6;7;2;3;0;7;0;0;0;0;0;0;0;1;354171,2194;5644654,856;6,924569472;50,93506355
30851;5,21E+18;5;3;15;0;2021;9;18;2;3;3;7;1;1;1;0;0;0;0;1;355164,86;5643705,849;6,939078201;50,92678543
30860;5,21E+18;5;3;15;0;2021;1;7;6;3;5;3;2;1;1;1;0;0;0;0;353655,747;5648666,701;6,915625736;50,97098592
30861;5,21E+18;5;3;15;0;2021;6;8;3;3;5;3;0;0;1;1;0;0;0;0;351789,512;5643089,184;6,891333929;50,92038647
30862;5,21E+18;5;3;15;0;2021;5;20;3;2;5;2;0;0;1;1;0;0;0;0;355338,64;5643970,168;6,941444402;50,92920442
30863;5,21E+18;5;3;15;0;2021;3;15;5;3;3;7;0;1;0;1;0;0;0;0;354828,5753;5646211,848;6,93329792;50,94922168
30867;5,21E+18;5;3;15;0;2021;11;11;5;3;5;2;0;1;1;1;0;0;0;0;356618,088;5646263,594;6,958736164;50,95013463
30869;5,21E+18;5;3;15;0;2021;4;10;7;3;4;6;0;0;0;1;0;0;0;0;350041,181;5653311,212;6,862264143;51,01179298
30872;5,21E+18;5;3;15;0;2021;1;15;4;3;9;1;0;0;0;0;0;1;0;0;352378,535;5651305,906;6,896375512;50,99437711
30873;5,21E+18;5;3;15;0;2021;4;15;4;3;3;6;0;1;1;0;0;0;0;0;355747,4296;5645926,653;6,946482957;50,94688936
30874;5,21E+18;5;3;15;0;2021;5;15;3;3;1;6;0;1;0;1;0;0;0;0;354561,4831;5647465,063;6,928997456;50,96041661
30875;5,21E+18;5;3;15;0;2021;6;15;7;2;0;1;0;0;1;0;0;0;0;0;355134,0354;5639047,771;6,940488506;50,88491636
30876;5,21E+18;5;3;15;0;2021;3;9;4;3;6;7;0;0;1;0;1;0;0;0;353819,8831;5646567,429;6,918805223;50,95216224
30878;5,21E+18;5;3;15;0;2021;5;20;1;3;6;7;0;0;0;0;1;0;0;1;356888,8097;5644499,222;6,963280872;50,93434566
30880;5,21E+18;5;3;15;0;2021;3;18;5;2;0;2;0;0;1;1;0;0;0;0;349113,7376;5645119,749;6,852452203;50,93794025
30882;5,21E+18;5;3;15;0;2021;10;7;5;3;2;6;1;0;0;1;0;0;0;0;357359,014;5642370,895;6,970800781;50,91533494
30889;5,21E+18;5;3;15;0;2021;7;13;6;3;0;2;0;0;1;1;0;0;0;0;354908,6512;5641490,127;6,936316277;50,90680883
30894;5,21E+18;5;3;15;0;2021;1;0;7;3;9;1;2;1;0;1;0;0;1;0;347911,8816;5659844,553;6,829189958;51,06994238
30895;5,21E+18;5;3;15;0;2021;6;7;4;3;6;4;0;0;1;0;1;0;0;0;353208,0761;5645203,647;6,910650672;50,93975099
30900;5,21E+18;5;3;15;0;2021;6;17;2;3;4;3;0;0;1;0;0;0;0;0;356253,661;5644601,345;6,954207475;50,93510547
30901;5,21E+18;5;3;15;0;2021;7;18;2;2;0;7;0;0;1;0;0;0;0;0;354740,4118;5644776,24;6,932616164;50,93629805
30906;5,21E+18;5;3;15;0;2021;11;13;1;2;3;6;0;0;0;1;0;1;0;0;356468,7859;5643933,225;6,957530146;50,92915474
30909;5,21E+18;5;3;15;0;2021;9;15;6;3;2;6;0;0;0;1;0;0;0;0;355396,4494;5635201,671;6,945736891;50,85041752
30910;5,21E+18;5;3;15;0;2021;4;14;5;3;5;2;0;0;1;1;0;0;0;0;354308,471;5642506,9;6,927379722;50,91579516
30911;5,21E+18;5;3;15;0;2021;10;20;3;2;0;1;2;1;1;0;0;0;0;0;355256,7131;5645163,202;6,939805529;50,9399054
30914;5,21E+18;5;3;15;0;2021;11;14;6;3;5;2;0;0;0;1;0;0;0;1;354723,2273;5645620,452;6,932035116;50,94388042
30916;5,21E+18;5;3;15;0;2021;7;18;6;3;5;3;0;0;0;1;0;0;0;0;349216,7608;5649542;6,852085307;50,97770663
30924;5,21E+18;5;3;15;0;2021;2;9;6;2;6;4;0;0;0;0;1;0;0;1;353999,2126;5646828,982;6,921251676;50,95455818
30926;5,21E+18;5;3;15;0;2021;5;21;3;3;5;2;0;1;1;1;0;0;0;0;354948,2736;5645448,306;6,935304898;50,94239006
30928;5,21E+18;5;3;15;0;2021;4;16;6;3;2;7;0;0;0;1;0;0;0;0;350825,5197;5651071,708;6,874357243;50,99187209
30931;5,21E+18;5;3;15;0;2021;2;16;7;3;5;3;0;0;1;1;0;0;0;0;353202,293;5646839,928;6,909908832;50,95445411
30933;5,21E+18;5;3;15;0;2021;9;17;2;3;1;6;0;0;0;1;0;0;0;0;355935,494;5644655,285;6,949661106;50,93551083
30935;5,21E+18;5;3;15;0;2021;5;11;6;2;4;3;0;0;1;1;0;0;0;0;356039,821;5639996,125;6,95298329;50,89366556
30936;5,21E+18;5;3;15;0;2021;9;15;6;3;8;2;0;0;0;1;0;0;0;0;351227,938;5648230,9;6,881249903;50,96644768
30938;5,21E+18;5;3;15;0;2021;6;23;7;3;3;6;2;1;0;1;0;0;0;0;351701,3825;5651483,048;6,886660676;50,99579489
30943;5,21E+18;5;3;15;0;2021;9;17;2;3;0;1;0;0;0;0;0;1;0;0;357578,4065;5645067,285;6,972866407;50,93962153
30948;5,21E+18;5;3;15;0;2021;9;13;5;3;6;4;0;0;0;0;1;0;0;1;355188,3859;5644752,351;6,93899696;50,93619603
30950;5,21E+18;5;3;15;0;2021;2;17;1;3;5;3;0;0;1;1;0;0;0;0;357891,003;5643519,588;6,977916191;50,92578951
30958;5,21E+18;5;3;15;0;2021;12;12;3;3;0;1;0;0;1;0;0;0;0;0;353660,43;5646360,133;6,916619982;50,95025888
30959;5,21E+18;5;3;15;0;2021;11;14;4;3;0;6;0;0;0;1;0;1;0;0;351738,756;5643568,261;6,890417554;50,92467867
30960;5,21E+18;5;3;15;0;2021;4;17;6;3;2;6;0;0;0;1;0;0;0;1;355638,8783;5646722,156;6,944623323;50,95401121
30968;5,21E+18;5;3;15;0;2021;6;0;4;2;0;1;2;1;1;0;0;0;0;0;353032,4944;5644894,237;6,90827813;50,93692572
30969;5,21E+18;5;3;15;0;2021;4;17;7;3;8;1;0;0;0;1;0;0;0;0;352484,6524;5651064,759;6,897984549;50,99223727
30972;5,21E+18;5;3;15;0;2021;10;10;7;3;3;6;0;1;0;1;0;1;0;0;354420,1711;5641826,714;6,929239044;50,90971068
30973;5,21E+18;5;3;15;0;2021;12;14;5;3;2;6;0;0;0;1;0;0;0;0;355138,1967;5639119,609;6,940519149;50,885563
30983;5,21E+18;5;3;15;0;2021;9;9;5;3;0;3;0;0;0;0;0;1;1;0;354398,9533;5653375,954;6,92431605;51,01349449
30992;5,21E+18;5;3;15;0;2021;12;17;6;3;5;2;2;0;1;1;0;0;0;0;352606,9359;5644940,543;6,902206953;50,93723324
30995;5,21E+18;5;3;15;0;2021;7;20;7;2;8;1;1;1;1;1;0;0;0;0;351832,2509;5650930,31;6,888749751;50,99086147