OBJECTID;UIDENTSTLAE;ULAND;UREGBEZ;UKREIS;UGEMEINDE;UJAHR;UMONAT;USTUNDE;UWOCHENTAG;UKATEGORIE;UART;UTYP1;ULICHTVERH;USTRZUSTAND;IstRad;IstPKW;IstFuss;IstKrad;IstGkfz;IstSonstige;LINREFX;LINREFY;XGCSWGS84;YGCSWGS84
31663;5,21E+18;5;3;15;0;2021;6;9;5;3;3;2;0;0;0;0;0;0;0;1;355025,4075;5645376,552;6,936430633;50,94176463
31669;5,21E+18;5;3;15;0;2021;11;16;7;3;9;1;0;0;0;1;0;0;0;0;353445,8044;5652842,484;6,910953093;51,00845837
31670;5,21E+18;5;3;15;0;2021;10;19;7;3;4;2;2;0;0;1;0;0;0;0;352808,5773;5651771,342;6,902310616;50,99866989
31671;5,21E+18;5;3;15;0;2021;7;14;5;3;9;3;0;1;0;1;0;1;0;0;356138,2012;5648874,521;6,950876604;50,97347895
31679;5,21E+18;5;3;15;0;2021;12;18;3;3;3;6;1;1;0;1;0;0;0;0;350075,9606;5645095,67;6,866147138;50,93797483
31683;5,21E+18;5;3;15;0;2021;5;23;2;2;9;1;2;0;0;1;0;0;0;0;347514,8427;5644148,821;6,830118886;50,92879477
31684;5,21E+18;5;3;15;0;2021;4;18;7;2;6;4;1;1;0;1;1;0;0;0;355804,7416;5650366,286;6,945538379;50,98680167
31686;5,21E+18;5;3;15;0;2021;5;14;6;3;1;5;0;0;0;1;0;0;0;0;354343,3051;5645516,535;6,92667239;50,9428507
31689;5,21E+18;5;3;15;0;2021;9;22;3;3;2;6;2;0;0;1;0;0;0;0;354682,2246;5646028,404;6,931289088;50,94753624
31691;5,21E+18;5;3;15;0;2021;9;23;5;2;7;1;2;0;0;0;0;1;0;0;350430,4865;5659223,284;6,865368919;51,06502142
31693;5,21E+18;5;3;15;0;2021;12;7;4;3;2;6;0;1;0;1;0;0;0;0;357121,2421;5638971,264;6,968750772;50,88472366
31704;5,21E+18;5;3;15;0;2021;7;11;7;2;5;3;0;0;0;1;0;0;0;1;356834,7932;5645352,998;6,96217717;50,94200506
31705;5,21E+18;5;3;15;0;2021;1;14;5;3;6;4;0;0;0;1;1;0;0;0;353154,3855;5646867,32;6,909216165;50,95468807
31710;5,21E+18;5;3;15;0;2021;2;15;7;3;6;4;0;0;1;0;1;0;0;0;356321,7872;5647761,409;6,953929463;50,96352145
31716;5,21E+18;5;3;15;0;2021;1;21;3;3;8;7;2;0;0;1;0;0;0;0;356538,62;5652598,443;6,955105528;51,00704492
31726;5,21E+18;5;3;15;0;2021;10;13;6;2;0;1;0;0;1;0;0;0;0;0;349896,4528;5645083,934;6,863598956;50,93782267
31731;5,21E+18;5;3;15;0;2021;10;11;6;3;4;2;0;0;1;1;0;0;0;0;353379,6819;5645783,569;6,912858051;50,94500619
31742;5,21E+18;5;3;15;0;2021;12;17;2;2;3;2;2;0;1;0;0;1;0;0;357766,7255;5635034,259;6,979451915;50,84950066
31745;5,21E+18;5;3;15;0;2021;5;13;2;2;2;6;0;0;0;1;0;0;0;0;357101,4588;5636755,326;6,969335658;50,86480405
31752;5,21E+18;5;3;15;0;2021;10;18;2;3;5;3;1;1;1;1;0;0;0;0;354923,5194;5643338,107;6,935792757;50,92341998
31758;5,21E+18;5;3;15;0;2021;9;18;7;2;0;1;0;0;0;0;0;1;0;0;352486,998;5647252,325;6,899564698;50,95797749
31759;5,21E+18;5;3;15;0;2021;11;3;7;3;0;1;2;0;1;0;0;0;0;0;355950,6973;5646855,594;6,949007072;50,95528841
31763;5,21E+18;5;3;15;0;2021;10;11;5;3;5;3;0;1;1;1;0;0;0;0;357025,6481;5641115,987;6,966553166;50,90397463
31766;5,21E+18;5;3;15;0;2021;9;12;7;3;5;3;0;0;0;1;0;0;0;0;349389,28;5649444,21;6,85458152;50,97687301
31767;5,21E+18;5;3;15;0;2021;10;14;1;2;0;1;0;0;1;0;0;0;0;0;356493,3169;5651662,843;6,954830082;50,99862561
31770;5,21E+18;5;3;15;0;2021;11;15;6;2;2;6;0;0;0;1;0;0;0;0;348910,894;5645550,645;6,849388629;50,94175927
31774;5,21E+18;5;3;15;0;2021;11;13;2;3;0;6;0;0;0;1;0;0;0;1;355195,542;5644663,156;6,939134181;50,93539625
31777;5,21E+18;5;3;15;0;2021;9;10;2;3;5;3;0;0;1;1;0;0;0;0;357895,97;5644512,306;6,977599818;50,93471229
31782;5,21E+18;5;3;15;0;2021;11;11;3;3;2;6;0;0;0;1;0;0;0;0;353216,4483;5640453,255;6,912681321;50,89706302
31790;5,21E+18;5;3;15;0;2021;7;9;2;3;0;1;0;0;0;0;0;1;0;0;356529,437;5638189,906;6,960649678;50,87755495
31791;5,21E+18;5;3;15;0;2021;6;1;4;3;8;1;2;0;0;0;0;1;0;0;357904,1538;5643496,793;6,978112074;50,92558789
31795;5,21E+18;5;3;15;0;2021;12;0;7;2;0;1;2;0;0;0;0;0;0;1;356100,205;5643385,669;6,952504875;50,9241421
31797;5,21E+18;5;3;15;0;2021;11;15;3;3;2;6;0;0;0;1;0;0;0;0;355378,0871;5646702,588;6,94092058;50,95376997
31801;5,21E+18;5;3;15;0;2021;10;15;6;3;5;2;0;0;0;0;0;0;0;1;358299,6761;5645566,352;6,982931522;50,94428435
31804;5,21E+18;5;3;15;0;2021;2;21;6;3;3;6;2;0;0;1;0;0;0;0;357498,3901;5644974,077;6,971764726;50,93876411
31807;5,21E+18;5;3;15;0;2021;2;10;5;3;5;3;0;0;1;1;0;0;0;0;354245,255;5645165,095;6,925418301;50,93966763
31817;5,21E+18;5;3;15;0;2021;10;3;7;3;9;1;2;0;0;0;0;0;0;1;353579,4549;5646256,481;6,915509667;50,94930684
31820;5,21E+18;5;3;15;0;2021;10;16;3;3;5;3;0;1;0;1;0;0;0;1;354702,3401;5643067,396;6,932755773;50,9209315
31826;5,21E+18;5;3;15;0;2021;2;14;4;3;0;1;0;0;1;0;0;0;0;0;357931,7292;5646596,347;6,977295516;50,95345033
31830;5,21E+18;5;3;15;0;2021;9;11;4;3;9;1;0;1;0;1;0;1;0;0;352407,0859;5651362,235;6,896759181;50,99489064
31832;5,21E+18;5;3;15;0;2021;4;19;4;3;5;2;0;0;1;1;0;0;0;0;354143,1441;5636519,345;6,927419585;50,86194458
31837;5,21E+18;5;3;15;0;2021;11;7;5;3;2;6;0;0;0;1;0;0;0;0;358169,7873;5646342,502;6,98078152;50,95122767
31841;5,21E+18;5;3;15;0;2021;9;13;1;2;6;4;0;0;0;1;1;0;0;0;348552,6803;5645173,16;6,844450566;50,93827313
31846;5,21E+18;5;3;15;0;2021;10;14;3;3;2;6;0;0;0;1;0;1;0;0;354983,9209;5644286,953;6,936274157;50,93196223
31851;5,21E+18;5;3;15;0;2021;2;18;4;3;6;4;2;1;0;0;1;0;0;1;353235,0492;5646818,632;6,910383466;50,95427107
31856;5,21E+18;5;3;15;0;2021;4;6;6;3;3;5;0;0;0;1;0;1;0;0;356328,709;5647699,453;6,954052432;50,96296639
31857;5,21E+18;5;3;15;0;2021;10;17;3;3;0;1;0;0;1;0;0;0;0;0;354704,1535;5644687,159;6,932136002;50,93548837
31862;5,21E+18;5;3;15;0;2021;6;15;4;3;5;7;0;0;0;1;0;0;0;1;356383,046;5643172,483;6,956610533;50,92229669
31864;5,21E+18;5;3;15;0;2021;2;15;1;3;5;3;0;0;1;1;0;0;0;0;347627,7791;5648100,082;6,830071585;50,96433117
31875;5,21E+18;5;3;15;0;2021;11;18;5;3;2;2;2;1;0;1;0;0;0;0;357175,4881;5638784,745;6,969594337;50,88306082
31878;5,21E+18;5;3;15;0;2021;7;21;2;2;5;2;2;0;0;1;0;0;0;0;352918,0706;5649369,988;6,904842058;50,97711813
31882;5,21E+18;5;3;15;0;2021;10;22;7;2;5;3;2;0;0;1;0;0;0;1;354877,3811;5644798,26;6,934555434;50,93653042
31888;5,21E+18;5;3;15;0;2021;5;15;6;3;3;6;0;0;0;1;0;1;0;0;352362,3118;5647348,402;6,897751597;50,95880895
31889;5,21E+18;5;3;15;0;2021;4;14;6;3;5;2;0;0;0;1;0;0;0;0;355705,4385;5637911,677;6,949054812;50,87484937
31892;5,21E+18;5;3;15;0;2021;9;14;1;2;7;1;2;0;0;0;0;0;0;1;357028,9525;5643435,959;6,965691016;50,92482495
31896;5,21E+18;5;3;15;0;2021;10;17;3;3;2;1;0;0;0;1;0;0;0;0;356426,315;5647053,975;6,95569611;50,95718992
31900;5,21E+18;5;3;15;0;2021;1;15;4;3;1;5;0;1;0;1;0;0;0;0;346604,6873;5645269,224;6,816705728;50,93862149
31901;5,21E+18;5;3;15;0;2021;12;16;2;3;0;1;1;1;0;0;0;1;0;0;355871,4535;5654680,494;6,944775001;51,02558888
31903;5,21E+18;5;3;15;0;2021;10;2;5;2;0;1;2;1;0;0;0;0;0;1;355077,9437;5644200,001;6,937645842;50,93120444
31910;5,21E+18;5;3;15;0;2021;4;15;5;3;2;6;0;0;1;1;0;0;0;0;353437,7993;5646601,754;6,913355455;50,95237367
31912;5,21E+18;5;3;15;0;2021;12;13;2;3;1;5;0;1;0;1;0;0;0;0;353594,5858;5644850,583;6,916289995;50,93667639
31916;5,21E+18;5;3;15;0;2021;3;17;3;3;2;6;0;0;0;1;0;0;0;0;354781,632;5646150,696;6,932654475;50,9486603
31917;5,21E+18;5;3;15;0;2021;9;13;6;2;9;1;0;0;0;0;0;0;0;1;350764,4884;5653218,011;6,872605951;51,01114358
31924;5,21E+18;5;3;15;0;2021;10;19;7;3;2;2;2;0;0;1;0;0;0;0;355710,005;5640037,755;6,948280294;50,89395738
31925;5,21E+18;5;3;15;0;2021;4;8;2;3;5;2;0;0;1;0;0;0;0;1;356114,0838;5644639,519;6,952207301;50,93541373
31927;5,21E+18;5;3;15;0;2021;6;7;6;3;9;1;0;0;0;0;0;0;0;1;355242,6098;5641306,523;6,941135814;50,90524265
31933;5,21E+18;5;3;15;0;2021;3;18;6;3;2;2;1;1;0;1;0;0;0;0;349317,6834;5649469,393;6,853551969;50,97708058
31935;5,21E+18;5;3;15;0;2021;5;20;7;3;3;6;1;1;1;0;0;0;0;1;357212,0916;5635109,769;6,971548677;50,85004263
31938;5,21E+18;5;3;15;0;2021;11;17;7;3;5;3;2;0;1;1;0;0;0;0;354168,2954;5644820,454;6,924461615;50,936551
31942;5,21E+18;5;3;15;0;2021;10;15;6;2;0;4;0;0;1;0;1;0;0;0;351083,0671;5651822,458;6,877716596;50,99868527
31946;5,21E+18;5;3;15;0;2021;2;17;6;2;5;2;1;0;0;1;0;0;0;0;353213,6934;5641509,16;6,91221767;50,90655139
31951;5,21E+18;5;3;15;0;2021;12;1;4;3;8;1;2;0;0;1;0;0;0;0;354506,1477;5637527,463;6,932173241;50,87109583
31956;5,21E+18;5;3;15;0;2021;7;14;4;2;6;7;0;0;0;1;1;0;0;0;356392,989;5644604,782;6,956187682;50,93517107
31959;5,21E+18;5;3;15;0;2021;6;15;4;2;5;2;0;0;1;1;0;0;0;0;352084,7476;5643626,058;6,895313605;50,92528688
31960;5,21E+18;5;3;15;0;2021;10;7;5;3;3;6;1;0;0;1;0;1;0;0;355844,3526;5646783,742;6,947522416;50,9546161
31961;5,21E+18;5;3;15;0;2021;1;17;6;3;5;2;2;0;1;1;0;0;0;0;354467,255;5645760,332;6,928338091;50,94507293
31963;5,21E+18;5;3;15;0;2021;5;13;4;3;3;6;0;1;0;1;0;0;0;0;353654,4653;5642550,506;6,91806484;50,91602156
31970;5,21E+18;5;3;15;0;2021;9;18;2;3;9;1;0;0;0;1;0;0;0;0;357948,0126;5644059,606;6,978516428;50,93065669
31972;5,21E+18;5;3;15;0;2021;11;18;1;3;5;2;2;0;1;1;0;0;0;0;353001,4068;5644261,175;6,908091337;50,93122872
31974;5,21E+18;5;3;15;0;2021;12;14;4;3;1;5;0;0;1;1;0;0;0;0;355847,2178;5643512,554;6,948857519;50,92521924
31976;5,21E+18;5;3;15;0;2021;3;11;6;3;2;6;0;0;0;1;0;0;0;0;354545,5964;5647132,202;6,928904432;50,95742128
31979;5,21E+18;5;3;15;0;2021;6;18;6;3;2;6;0;0;0;1;0;0;0;0;351196,0764;5651238,657;6,879565176;50,99346827
31984;5,21E+18;5;3;15;0;2021;7;21;2;2;8;1;0;0;0;0;0;1;0;0;357489,05;5644927,35;6,971650153;50,93834187
31987;5,21E+18;5;3;15;0;2021;10;19;7;3;6;1;2;1;0;0;1;0;0;1;354182,3745;5647140,908;6,923732727;50,95740773
31989;5,21E+18;5;3;15;0;2021;12;13;3;2;6;4;0;1;0;1;1;0;0;0;355025,8056;5644248,224;6,936885211;50,93162471
31994;5,21E+18;5;3;15;0;2021;9;14;7;3;5;7;0;0;1;1;0;0;0;0;353329,8712;5646718,667;6,911772843;50,95339686
31995;5,21E+18;5;3;15;0;2021;6;14;7;3;5;3;0;0;0;1;0;0;0;0;352682,6434;5649947,456;6,901256804;50,98224736
31997;5,21E+18;5;3;15;0;2021;11;15;3;3;0;7;0;1;0;1;0;0;0;0;353433,743;5641240,742;6,915453052;50,90419511
31998;5,21E+18;5;3;15;0;2021;3;16;3;3;2;6;0;0;0;1;0;0;0;0;351616,9202;5644091,298;6,888472363;50,92934762
32001;5,21E+18;5;3;15;0;2021;12;21;7;3;2;6;2;1;0;1;0;0;0;0;351374,7006;5644776,758;6,884748514;50,93544513
32002;5,21E+18;5;3;15;0;2021;3;20;4;3;2;7;2;0;0;1;0;0;0;1;357050,5236;5638816,542;6,967806588;50,88331568
32003;5,21E+18;5;3;15;0;2021;2;1;1;2;9;1;2;0;0;1;0;0;0;0;350393,5662;5648525,828;6,869254587;50,96888192
32005;5,21E+18;5;3;15;0;2021;3;13;7;3;3;7;0;0;0;0;0;0;0;1;356392,989;5644604,782;6,956187682;50,93517107
32010;5,21E+18;5;3;15;0;2021;9;17;4;3;5;2;0;0;1;1;0;0;0;0;354486,1792;5647384,847;6,927957976;50,95967672
32011;5,21E+18;5;3;15;0;2021;10;20;6;3;2;6;1;0;0;0;0;0;0;1;355270,0927;5645233,008;6,939968103;50,94053609
32026;5,21E+18;5;3;15;0;2021;4;16;3;3;0;3;0;0;1;0;0;0;0;0;354965,591;5645432,188;6,935557644;50,94224956
32030;5,21E+18;5;3;15;0;2021;12;19;5;2;5;2;2;1;0;0;0;0;1;1;347287,458;5645241,71;6,826427726;50,93855546
32033;5,21E+18;5;3;15;0;2021;6;22;5;3;3;7;1;0;0;0;0;1;0;1;356042,006;5644117,409;6,951388414;50,93070362
32041;5,21E+18;5;3;15;0;2021;11;13;2;3;0;1;0;0;1;0;0;0;0;0;356494,1769;5651679,167;6,954835879;50,99877252
32055;5,21E+18;5;3;15;0;2021;9;14;6;3;0;1;0;0;1;0;0;0;0;0;357252,465;5642726,145;6,969147029;50,91850122
32062;5,21E+18;5;3;15;0;2021;10;17;4;3;5;2;0;1;0;1;0;0;0;0;354856,5458;5644406,469;6,934415145;50,93300425
32064;5,21E+18;5;3;15;0;2021;5;15;5;2;2;6;0;0;0;1;0;0;1;0;350806,5517;5653144,998;6,873235155;51,01049838
32070;5,21E+18;5;3;15;0;2021;4;10;3;3;6;6;0;0;1;0;1;0;0;0;356299,7669;5647981,779;6,953529049;50,96549638
32072;5,21E+18;5;3;15;0;2021;11;6;2;3;3;6;1;0;0;1;0;0;1;0;351356,664;5652438,782;6,881360551;51,00429451
32077;5,21E+18;5;3;15;0;2021;3;15;3;3;3;6;0;1;0;1;0;0;0;0;357633,0233;5646910,275;6,972922738;50,95619788
32080;5,21E+18;5;3;15;0;2021;6;14;3;3;2;6;0;0;0;1;0;0;0;0;354233,4829;5644325,441;6,925586736;50,93211894
32088;5,21E+18;5;3;15;0;2021;9;12;2;3;5;2;0;0;0;1;0;0;0;0;353379,6704;5645783,459;6,912857932;50,94500519
32090;5,21E+18;5;3;15;0;2021;5;16;4;3;2;6;0;0;0;1;0;0;0;1;353874,7349;5653196,762;6,916920257;51,01175123
32091;5,21E+18;5;3;15;0;2021;5;14;2;3;3;2;0;1;0;1;0;0;1;0;352069,098;5651066,327;6,892066761;50,9921447
32092;5,21E+18;5;3;15;0;2021;5;17;3;3;9;1;0;1;0;1;0;0;0;0;355619,886;5648502,695;6,943646581;50,97000774
32094;5,21E+18;5;3;15;0;2021;2;13;1;3;3;2;0;0;0;1;0;0;0;1;354702,4342;5643067,534;6,932757056;50,92093277
32095;5,21E+18;5;3;15;0;2021;11;15;2;3;4;2;0;0;0;1;0;1;0;0;350502,773;5652072,549;6,869349691;51,00078219
32097;5,21E+18;5;3;15;0;2021;4;16;3;3;5;3;0;1;0;1;0;0;0;0;356575,5243;5647103,086;6,957799861;50,95766842
32102;5,21E+18;5;3;15;0;2021;12;16;2;3;6;4;2;0;0;0;1;1;0;0;355868,8664;5644657,412;6,948712666;50,9355133
32103;5,21E+18;5;3;15;0;2021;9;11;2;3;5;2;0;0;1;1;0;0;0;0;356237,041;5648466,168;6,952444917;50,96983384
32104;5,21E+18;5;3;15;0;2021;5;8;6;2;3;2;0;0;0;1;0;0;0;1;354411,0799;5642616,142;6,928794828;50,91680279
32105;5,21E+18;5;3;15;0;2021;4;18;6;3;2;6;0;0;0;1;0;1;0;0;355362,6934;5646700,725;6,940702301;50,95374937
32106;5,21E+18;5;3;15;0;2021;6;1;7;2;0;1;2;1;0;0;0;0;0;1;353881,0252;5646655,83;6,91963962;50,95297217
32109;5,21E+18;5;3;15;0;2021;11;9;4;3;6;2;0;1;0;1;1;0;0;0;356779,0168;5638449,069;6,964093386;50,87994596
32110;5,21E+18;5;3;15;0;2021;9;13;4;3;5;3;0;0;1;1;0;0;0;0;358301,506;5644791,37;6,983258992;50,93732003
32118;5,21E+18;5;3;15;0;2021;4;9;5;3;0;3;0;0;1;1;0;0;0;0;355035,2259;5643522,591;6,937307721;50,92510597
32121;5,21E+18;5;3;15;0;2021;3;15;4;3;5;2;0;0;0;1;0;0;0;0;347772,44;5645209,229;6,833338806;50,93839181
32128;5,21E+18;5;3;15;0;2021;5;17;7;3;4;6;0;0;1;0;0;0;0;0;355556,3509;5648401,246;6,942782587;50,96908011
32130;5,21E+18;5;3;15;0;2021;9;15;6;3;1;1;0;0;0;1;0;0;0;0;351268,6857;5645256,973;6,883044783;50,93973323
32134;5,21E+18;5;3;15;0;2021;9;7;5;3;5;3;0;0;1;1;0;0;0;0;356333,5855;5641119,173;6,956715754;50,90383147
32135;5,21E+18;5;3;15;0;2021;9;15;3;3;5;7;0;0;0;1;0;0;0;0;357571,9023;5639982,135;6,974759286;50,89391969
32139;5,21E+18;5;3;15;0;2021;10;14;6;3;2;6;0;0;0;1;0;0;0;0;354465,7163;5647447,324;6,927641813;50,96023301
32141;5,21E+18;5;3;15;0;2021;3;10;2;3;2;6;0;0;0;1;0;0;1;0;353751,9705;5648556,026;6,917039779;50,97001576
32143;5,21E+18;5;3;15;0;2021;6;15;2;3;0;1;0;0;0;0;0;0;0;1;356886,5934;5646241,916;6,962564688;50,95000653
32151;5,21E+18;5;3;15;0;2021;12;17;5;3;5;3;2;0;1;1;0;0;0;0;352196,504;5647479,406;6,895339115;50,95994371
32158;5,21E+18;5;3;15;0;2021;5;17;2;3;5;3;0;0;1;1;0;0;0;0;356834,067;5643849,77;6,962757407;50,92849551
32159;5,21E+18;5;3;15;0;2021;6;18;2;3;0;3;0;0;1;1;0;0;0;0;353237,3974;5645254,027;6,911047422;50,9402112
32164;5,21E+18;5;3;15;0;2021;4;13;3;3;5;3;0;0;1;1;0;0;0;0;356050,2741;5637754,681;6,954014626;50,87352444
32165;5,21E+18;5;3;15;0;2021;10;5;6;3;9;7;2;0;0;1;0;0;0;0;351378,0578;5650721,416;6,882368111;50,98886718
32168;5,21E+18;5;3;15;0;2021;1;9;5;3;2;6;0;0;0;1;0;0;0;0;358274,4256;5643037,513;6,983555697;50,9215514
32171;5,21E+18;5;3;15;0;2021;11;7;6;3;2;6;0;0;0;1;0;0;0;1;348615,0343;5649899,731;6,843371187;50,98076338
32172;5,21E+18;5;3;15;0;2021;11;9;4;3;2;6;0;0;0;1;0;0;0;0;357490,992;5639265,196;6,973889216;50,88745656
32173;5,21E+18;5;3;15;0;2021;4;10;6;3;2;6;0;0;0;1;0;0;1;0;349075,415;5649361,404;6,850148316;50,97604673
32175;5,21E+18;5;3;15;0;2021;7;0;5;3;0;1;0;0;0;0;0;0;0;1;355636,1069;5643661,478;6,945796731;50,9265048
32176;5,21E+18;5;3;15;0;2021;11;12;4;3;2;2;0;1;0;1;0;0;0;0;354348,609;5645495,487;6,926756251;50,94266289
32181;5,21E+18;5;3;15;0;2021;9;5;3;3;2;6;2;0;0;1;0;0;0;0;350147,7802;5648755,247;6,86566209;50,97087967
32186;5,21E+18;5;3;15;0;2021;5;20;7;3;0;1;1;0;1;0;0;0;0;0;353412,1121;5646629,386;6,912978873;50,95261546
32188;5,21E+18;5;3;15;0;2021;5;6;5;3;0;1;0;0;0;0;0;0;0;1;353679,7167;5646378,607;6,916886941;50,9504298
32190;5,21E+18;5;3;15;0;2021;12;13;7;3;3;2;0;0;1;0;0;0;0;1;353978,0666;5646092,505;6,921246189;50,94793436
32203;5,21E+18;5;3;15;0;2021;7;12;2;3;6;4;0;0;0;1;1;0;0;0;352969,9342;5643834,835;6,907815731;50,92738934
32207;5,21E+18;5;3;15;0;2021;6;5;1;3;0;1;1;0;0;0;0;0;0;1;354903,7557;5644361,762;6,935104337;50,93261436
32226;5,21E+18;5;3;15;0;2021;5;14;6;3;2;6;0;0;0;1;0;0;0;0;349044,0023;5647398,972;6,850515585;50,95840366
32235;5,21E+18;5;3;15;0;2021;10;10;1;3;2;6;0;0;1;1;0;0;0;0;348108,7973;5652640,73;6,835018614;51,00526092
32240;5,21E+18;5;3;15;0;2021;12;9;4;3;0;1;0;0;1;0;0;0;0;0;352778,1018;5647076,605;6,90377783;50,95647281
32242;5,21E+18;5;3;15;0;2021;5;18;4;3;0;2;0;1;1;1;0;0;0;0;353864,2997;5644333,556;6,920333306;50,93209845
32248;5,21E+18;5;3;15;0;2021;3;10;5;3;0;5;0;0;1;1;0;0;0;1;353155,5861;5645089,948;6,909949918;50,93871585
32249;5,21E+18;5;3;15;0;2021;5;5;7;3;9;1;0;0;0;1;0;0;0;0;352688,9504;5656709,476;6,898601035;51,04301542
32251;5,21E+18;5;3;15;0;2021;1;17;6;3;3;2;1;0;1;1;0;0;0;0;356304,445;5647931,788;6,953615372;50,96504829
32252;5,21E+18;5;3;15;0;2021;11;7;3;3;3;6;0;0;1;0;0;0;0;0;354508,2154;5643625,886;6,929772937;50,9259016
32253;5,21E+18;5;3;15;0;2021;5;20;6;3;5;2;2;0;0;1;0;0;0;0;353843,1934;5642330,884;6,920835808;50,9140957
32259;5,21E+18;5;3;15;0;2021;9;13;7;2;0;1;0;0;1;0;0;0;0;0;348604,4903;5657255,656;6,840151402;51,04686164
32260;5,21E+18;5;3;15;0;2021;11;17;2;3;0;7;2;0;1;0;1;0;0;0;357390,8829;5641199,035;6,971711776;50,90481132
32265;5,21E+18;5;3;15;0;2021;3;10;3;3;0;7;0;0;0;0;0;0;0;1;355289,948;5648290,896;6,93903491;50,96802156
32271;5,21E+18;5;3;15;0;2021;10;15;7;3;0;1;0;0;0;0;0;0;0;1;353370,0479;5644070,568;6,913410346;50,92960963
32272;5,21E+18;5;3;15;0;2021;10;14;2;3;3;2;0;0;1;1;0;0;0;0;352733,9659;5647101,41;6,903139814;50,95668445
32274;5,21E+18;5;3;15;0;2021;12;7;2;3;5;3;2;1;1;1;0;0;0;0;353571,4339;5642661,596;6,916839865;50,91699883
32276;5,21E+18;5;3;15;0;2021;10;9;3;3;9;1;0;0;0;1;0;0;0;0;355537,1434;5648351,117;6,942529127;50,9686248
32285;5,21E+18;5;3;15;0;2021;10;17;2;3;2;2;2;1;0;1;0;0;0;0;353044,497;5643882,872;6,908856614;50,92784004
32286;5,21E+18;5;3;15;0;2021;3;6;4;2;0;1;2;0;0;0;0;1;0;0;352235,4171;5643678,816;6,897434557;50,9257996
32290;5,21E+18;5;3;15;0;2021;9;11;2;3;0;1;0;0;0;1;0;0;0;0;355355,268;5644710,425;6,941387079;50,93586113
32291;5,21E+18;5;3;15;0;2021;9;15;5;3;5;2;0;0;0;1;0;0;0;1;353681,3302;5642555,158;6,918444888;50,91607018
32295;5,21E+18;5;3;15;0;2021;9;13;2;3;0;6;0;0;0;1;0;1;0;0;358000,8219;5641095,394;6,980421304;50,90403023
32299;5,21E+18;5;3;15;0;2021;9;9;4;2;0;3;0;1;0;0;0;0;0;1;348542,145;5645153,371;6,844308957;50,93809254
32301;5,21E+18;5;3;15;0;2021;12;1;7;3;8;4;2;1;0;1;1;1;0;0;354185,1586;5647145,058;6,923770679;50,95744572
32303;5,21E+18;5;3;15;0;2021;4;17;5;3;3;6;0;0;0;1;0;1;0;0;355082,5127;5644787,988;6,937477012;50,9364897
32305;5,21E+18;5;3;15;0;2021;10;15;2;2;0;5;0;0;0;1;0;1;0;0;350868,4274;5648429,411;6,876052274;50,96813861
32309;5,21E+18;5;3;15;0;2021;9;21;1;3;3;6;2;0;0;1;0;0;0;0;353437,3699;5649606,453;6,912138792;50,97937553
32312;5,21E+18;5;3;15;0;2021;6;12;5;3;2;6;0;0;0;1;0;0;0;0;351651,7604;5641619,866;6,889972886;50,90714701
32315;5,21E+18;5;3;15;0;2021;7;19;1;3;0;3;0;0;1;1;0;0;0;0;354698,1779;5645634,155;6,931673328;50,94399726
32316;5,21E+18;5;3;15;0;2021;6;16;6;3;0;7;0;0;0;0;0;1;0;0;351287,9544;5645200,743;6,883341794;50,93923289
32326;5,21E+18;5;3;15;0;2021;5;16;6;3;0;7;0;0;0;0;0;0;0;1;354142,583;5636517,79;6,927412236;50,86193046
32328;5,21E+18;5;3;15;0;2021;5;19;7;3;0;7;0;1;1;0;0;0;0;0;353694,3707;5646400,534;6,917086606;50,95063057
32330;5,21E+18;5;3;15;0;2021;5;9;7;3;4;2;0;0;0;1;0;0;0;0;357738,8437;5635001,837;6,979068688;50,84920242
32333;5,21E+18;5;3;15;0;2021;2;16;4;3;2;6;0;0;0;1;0;0;0;1;357117,4026;5639179,39;6,968614852;50,88659314
32345;5,21E+18;5;3;15;0;2021;10;15;6;3;2;6;0;0;0;1;0;0;0;0;353320,578;5652623,599;6,909257799;51,00645945
32346;5,21E+18;5;3;15;0;2021;4;11;3;3;5;3;0;0;0;1;0;1;0;0;352456,8881;5644930,073;6,900077149;50,93710078
32348;5,21E+18;5;3;15;0;2021;10;22;6;3;3;6;2;0;0;1;0;0;0;0;351799,6627;5651875,769;6,887899927;50,99934935
32349;5,21E+18;5;3;15;0;2021;5;12;1;3;0;7;0;0;1;0;0;0;0;0;356287,4118;5648125,632;6,953296387;50,96678608
32351;5,21E+18;5;3;15;0;2021;7;14;5;3;6;4;0;0;0;1;1;0;0;0;357135,9866;5646224,324;6,966119685;50,9499103
32353;5,21E+18;5;3;15;0;2021;6;15;6;3;5;3;0;0;1;1;0;0;0;0;349311,782;5645127,327;6,855265701;50,93806013
32354;5,21E+18;5;3;15;0;2021;6;7;4;3;0;1;0;0;0;0;0;1;0;0;356365,6051;5647283,471;6,954741693;50,95923723
32357;5,21E+18;5;3;15;0;2021;10;9;3;3;2;6;0;0;0;1;0;0;1;0;348883,5839;5645055,68;6,849205488;50,93730424
32360;5,21E+18;5;3;15;0;2021;10;17;1;3;0;7;0;0;1;1;0;0;0;0;354382,0301;5645808,68;6,927106431;50,9454859
32363;5,21E+18;5;3;15;0;2021;10;18;3;3;2;6;2;0;0;1;0;0;0;0;354480,482;5641764,171;6,93012126;50,90916383
32364;5,21E+18;5;3;15;0;2021;9;16;5;3;6;7;0;0;0;0;1;0;0;1;357921,6732;5644714,204;6,97788666;50,93653308