OBJECTID;UIDENTSTLAE;ULAND;UREGBEZ;UKREIS;UGEMEINDE;UJAHR;UMONAT;USTUNDE;UWOCHENTAG;UKATEGORIE;UART;UTYP1;ULICHTVERH;USTRZUSTAND;IstRad;IstPKW;IstFuss;IstKrad;IstGkfz;IstSonstige;LINREFX;LINREFY;XGCSWGS84;YGCSWGS84
32370;5,21E+18;5;3;15;0;2021;2;11;7;2;5;3;0;1;0;1;0;0;0;0;353379,548;5645782,283;6,912856665;50,94499459
32372;5,21E+18;5;3;15;0;2021;7;22;2;2;0;1;1;0;1;0;0;0;0;0;353656,9199;5646319,624;6,916586327;50,94989396
32385;5,21E+18;5;3;15;0;2021;2;14;6;3;3;2;0;0;0;1;0;1;0;0;353819,3104;5646566,631;6,918797395;50,95215493
32388;5,21E+18;5;3;15;0;2021;9;17;6;3;0;2;0;0;0;1;0;0;1;0;358302,4671;5645567,668;6,982970713;50,94429687
32389;5,21E+18;5;3;15;0;2021;3;16;5;3;0;2;0;0;1;1;0;0;0;0;349111,162;5645119,899;6,85241551;50,93794092
32394;5,21E+18;5;3;15;0;2021;12;17;3;3;2;6;2;0;0;1;0;0;0;0;354170,8898;5644617,3;6,924579812;50,93472597
32396;5,21E+18;5;3;15;0;2021;9;7;2;3;3;6;0;0;0;1;0;0;0;1;355188,168;5644777,985;6,938983674;50,93642634
32403;5,21E+18;5;3;15;0;2021;11;16;5;3;2;6;1;0;0;1;0;0;0;0;353681,056;5651909,252;6,914680279;51,00013175
32404;5,21E+18;5;3;15;0;2021;3;11;5;3;2;6;0;0;0;1;0;0;0;0;351741,5541;5643568,405;6,89045728;50,92468068
32406;5,21E+18;5;3;15;0;2021;6;13;3;3;5;3;0;0;1;0;0;0;0;0;354741,601;5644805,463;6,932621428;50,93656097
32417;5,21E+18;5;3;15;0;2021;6;8;2;3;2;6;0;1;0;1;0;0;0;0;354406,5701;5645619,521;6,927531132;50,94379218
32418;5,21E+18;5;3;15;0;2021;2;16;3;3;0;6;0;1;0;1;0;1;0;0;355375,3492;5648312,933;6,940241593;50,96824105
32419;5,21E+18;5;3;15;0;2021;12;12;3;3;0;7;0;0;0;0;1;0;0;1;353712,4342;5644260,576;6,918202914;50,93140411
32425;5,21E+18;5;3;15;0;2021;3;17;6;3;2;6;0;0;0;1;0;0;1;0;357069,6781;5634795,037;6,969649736;50,84717894
32426;5,21E+18;5;3;15;0;2021;6;18;1;3;1;7;0;0;0;1;0;0;0;0;348571,3486;5643741,782;6,845310738;50,92541533
32429;5,21E+18;5;3;15;0;2021;5;11;4;3;5;3;0;1;1;1;0;0;0;0;352951,3454;5643823,479;6,907555988;50,92728255
32432;5,21E+18;5;3;15;0;2021;12;18;6;2;0;1;2;1;0;0;0;1;0;0;355596,09;5636325,323;6,948127836;50,8605656
32433;5,21E+18;5;3;15;0;2021;11;20;6;3;5;3;2;1;0;1;0;0;0;1;356099,7838;5643386,009;6,952498752;50,92414505
32439;5,21E+18;5;3;15;0;2021;2;11;2;3;3;6;0;1;0;1;0;0;1;0;349264,0527;5643425,716;6,855290527;50,92275647
32444;5,21E+18;5;3;15;0;2021;4;9;6;3;2;6;0;0;0;1;0;1;0;1;354191,5935;5644968,751;6,924733629;50,93788958
32446;5,21E+18;5;3;15;0;2021;12;22;1;3;0;1;2;1;0;0;0;1;0;0;355197,8695;5644855,935;6,939090677;50,93712929
32454;5,21E+18;5;3;15;0;2021;12;16;2;3;0;2;1;0;1;1;0;0;0;0;352728,673;5647104,595;6,903063215;50,95671172
32456;5,21E+18;5;3;15;0;2021;9;6;6;3;0;1;0;1;0;0;0;1;0;0;353655,747;5648666,701;6,915625736;50,97098592
32460;5,21E+18;5;3;15;0;2021;12;17;5;2;2;6;2;0;0;1;0;0;0;1;357091,8885;5639043,457;6,968305514;50,8853652
32462;5,21E+18;5;3;15;0;2021;12;16;7;3;6;7;1;1;0;1;1;0;0;0;349767,6091;5653566,242;6,858261553;51,01401333
32463;5,21E+18;5;3;15;0;2021;6;20;2;3;5;3;0;0;0;1;0;0;0;1;356619,6289;5646263,489;6,958758127;50,95013406
32464;5,21E+18;5;3;15;0;2021;9;12;1;3;2;6;0;0;0;1;0;0;0;0;357856,9362;5646655,695;6,976208183;50,95396525
32467;5,21E+18;5;3;15;0;2021;12;17;2;3;5;2;1;0;1;1;0;0;0;0;352180,4373;5643657,645;6,896661387;50,92559526
32469;5,21E+18;5;3;15;0;2021;6;13;3;2;0;6;0;0;1;0;0;0;0;0;354580,468;5647450,002;6,929273626;50,96028605
32470;5,21E+18;5;3;15;0;2021;5;11;7;2;0;1;0;0;1;0;0;0;0;0;355308,9709;5644747,924;6,940713735;50,93618651
32471;5,21E+18;5;3;15;0;2021;11;9;5;3;0;7;0;0;1;1;0;0;0;0;353834,5187;5646195,181;6,919162881;50,94882069
32474;5,21E+18;5;3;15;0;2021;3;12;4;2;3;6;0;0;0;1;0;1;0;0;358010,9077;5641080,518;6,980570441;50,90389902
32475;5,21E+18;5;3;15;0;2021;4;15;3;3;0;5;0;0;1;0;0;0;0;1;349320,3997;5652173,607;6,852469054;51,00138189
32484;5,21E+18;5;3;15;0;2021;2;9;5;3;0;2;0;0;1;1;0;0;0;0;355038,269;5643524,007;6,937350427;50,92511946
32495;5,21E+18;5;3;15;0;2021;9;14;4;3;5;3;0;1;1;1;0;0;0;0;351948,179;5654646,008;6,888884601;51,02428199
32497;5,21E+18;5;3;15;0;2021;6;13;4;3;0;6;0;0;1;0;0;0;0;1;354732,9661;5644536,429;6,932605864;50,93414105
32502;5,21E+18;5;3;15;0;2021;12;18;3;3;5;2;2;1;1;1;0;0;0;0;356467,481;5646911,281;6,956338133;50,9559178
32505;5,21E+18;5;3;15;0;2021;5;18;6;3;0;3;0;1;1;0;0;0;0;0;355819,6;5650330,347;6,945764194;50,98648241
32507;5,21E+18;5;3;15;0;2021;9;13;6;3;1;2;0;0;0;1;0;1;0;0;354260,7059;5640287,465;6,927586804;50,89583758
32509;5,21E+18;5;3;15;0;2021;6;16;4;2;3;2;0;0;1;1;0;0;0;0;353710,8556;5646425,2;6,917311221;50,95085642
32513;5,21E+18;5;3;15;0;2021;6;14;2;3;5;3;0;0;1;1;0;0;0;0;348943,0941;5643031,295;6,850890635;50,91912814
32520;5,21E+18;5;3;15;0;2021;4;16;5;2;5;2;0;0;0;1;0;0;0;1;353910,6505;5641939,556;6,921951421;50,91059604
32522;5,21E+18;5;3;15;0;2021;11;13;6;3;5;2;0;0;0;1;0;0;0;1;354754,142;5638222,739;6,93541925;50,87740655
32526;5,21E+18;5;3;15;0;2021;7;0;2;3;9;1;2;0;0;0;0;1;0;0;356859,06;5645349,546;6,962523709;50,94198007
32527;5,21E+18;5;3;15;0;2021;6;21;4;3;5;2;0;0;0;1;0;0;0;1;353202,917;5646839,563;6,909917856;50,95445099
32533;5,21E+18;5;3;15;0;2021;12;22;1;2;5;3;2;1;0;1;0;0;0;1;356837,1092;5634873,796;6,966317489;50,84782924
32536;5,21E+18;5;3;15;0;2021;5;18;1;3;5;2;0;0;1;1;0;0;0;0;356429,4721;5647046,356;6,955744038;50,95712223
32539;5,21E+18;5;3;15;0;2021;9;15;6;3;2;1;0;0;0;1;0;0;0;0;348934,7062;5646149,399;6,849478984;50,94714606
32542;5,21E+18;5;3;15;0;2021;6;13;6;3;5;3;0;0;1;1;0;0;0;0;354210,6849;5642331,728;6,926059582;50,91419624
32543;5,21E+18;5;3;15;0;2021;10;19;6;3;9;1;1;0;0;0;0;0;1;0;355506,4941;5654514,858;6,939640411;51,02400876
32545;5,21E+18;5;3;15;0;2021;10;17;3;3;5;3;0;0;1;1;0;0;0;0;354573,982;5644817,487;6,930232669;50,93662678
32553;5,21E+18;5;3;15;0;2021;11;17;1;2;1;5;1;0;0;1;0;1;0;0;353535,7575;5642774,432;6,916287371;50,91800379
32554;5,21E+18;5;3;15;0;2021;10;13;7;3;2;6;0;0;0;1;0;0;0;0;352151,9155;5651692,664;6,892991033;50,99779451
32555;5,21E+18;5;3;15;0;2021;12;1;7;3;7;7;2;0;0;0;0;0;0;1;355603,7599;5644697,861;6,94492621;50,93581049
32557;5,21E+18;5;3;15;0;2021;6;17;4;3;6;6;0;0;1;0;1;0;0;0;354855,9284;5644407,053;6,934406132;50,93300934
32559;5,21E+18;5;3;15;0;2021;11;19;3;3;6;7;2;0;0;1;1;0;0;0;349476,5915;5642718,95;6,858603992;50,91646071
32566;5,21E+18;5;3;15;0;2021;7;12;6;3;9;1;0;0;0;1;0;0;0;0;356124,7815;5644637,699;6,952360166;50,93540005
32569;5,21E+18;5;3;15;0;2021;10;7;6;2;6;4;2;1;0;0;1;0;0;1;353705,9341;5641612,627;6,919172532;50,90760617
32570;5,21E+18;5;3;15;0;2021;12;18;6;3;2;6;2;1;0;1;0;0;0;1;351250,9911;5652588,388;6,87979417;51,00561161
32571;5,21E+18;5;3;15;0;2021;12;14;5;3;2;6;0;0;0;1;0;0;0;0;356696,7393;5634912,707;6,964309601;50,84814418
32576;5,21E+18;5;3;15;0;2021;5;13;2;3;3;2;0;0;1;1;0;0;0;0;348813,4737;5645152,694;6,848168129;50,93815765
32580;5,21E+18;5;3;15;0;2021;3;7;3;3;3;6;0;1;1;0;0;0;0;1;355087,6135;5648128,681;6,936219878;50,96651291
32585;5,21E+18;5;3;15;0;2021;6;17;3;3;2;2;0;0;0;1;0;1;0;0;353502,089;5651904,025;6,912133583;51,00003923
32586;5,21E+18;5;3;15;0;2021;12;17;4;3;2;6;2;0;0;1;0;0;0;0;352708,0851;5650684,694;6,901320161;50,98887904
32589;5,21E+18;5;3;15;0;2021;2;16;3;2;2;6;0;0;0;1;0;0;1;0;351674,984;5643866,232;6,889389595;50,92734
32590;5,21E+18;5;3;15;0;2021;4;19;5;3;5;3;0;0;1;0;0;0;0;1;355551,0552;5650907,214;6,941711328;50,99159923
32591;5,21E+18;5;3;15;0;2021;11;0;6;3;2;7;2;0;0;0;0;0;0;1;354736,751;5644686,284;6,932599958;50,93548872
32596;5,21E+18;5;3;15;0;2021;3;16;6;3;1;2;0;0;1;1;0;0;0;1;356573,599;5647115,222;6,957767682;50,95777701
32597;5,21E+18;5;3;15;0;2021;10;16;3;3;3;6;0;1;0;1;0;0;0;1;357868,3372;5646663,948;6,976367177;50,95404223
32600;5,21E+18;5;3;15;0;2021;6;17;2;3;2;6;0;0;0;1;0;0;0;0;352762,5537;5641883,115;6,905654701;50,90979711
32602;5,21E+18;5;3;15;0;2021;11;15;3;3;0;3;0;1;1;1;0;0;0;0;355874,921;5646804,545;6,947949112;50,9548107
32605;5,21E+18;5;3;15;0;2021;6;1;1;3;0;1;2;0;0;0;0;0;0;1;355270,386;5645234,533;6,939971669;50,94054988
32606;5,21E+18;5;3;15;0;2021;11;14;1;3;0;1;0;1;1;0;0;0;0;0;353548,5334;5641083,802;6,917147468;50,90281387
32608;5,21E+18;5;3;15;0;2021;9;15;3;3;5;5;0;0;1;1;0;0;0;0;356959,3652;5646236,726;6,963602044;50,94997795
32610;5,21E+18;5;3;15;0;2021;6;16;3;3;2;6;0;0;1;1;0;0;0;0;349424,7036;5657452,25;6,851762201;51,04884383
32612;5,21E+18;5;3;15;0;2021;12;17;4;3;0;7;2;0;0;1;0;0;0;0;357497,612;5646693,171;6,971080984;50,95421331
32616;5,21E+18;5;3;15;0;2021;4;13;6;3;2;6;0;0;0;1;0;0;0;0;353016,7464;5650286,547;6,90587602;50,98537999
32630;5,21E+18;5;3;15;0;2021;5;17;7;3;3;6;0;1;1;1;0;0;0;0;356350,6803;5647410,49;6,954479178;50,960375
32631;5,21E+18;5;3;15;0;2021;10;12;2;3;6;6;0;0;0;0;1;0;0;1;351387,0217;5648119,182;6,883559492;50,9654848
32632;5,21E+18;5;3;15;0;2021;12;17;4;3;2;6;2;0;0;1;0;0;0;0;357077,4348;5639682,02;6,967850395;50,89110039
32635;5,21E+18;5;3;15;0;2021;9;11;3;3;2;6;0;0;1;1;0;0;0;0;356516,422;5646580,71;6,957164797;50,9529592
32637;5,21E+18;5;3;15;0;2021;7;15;3;3;0;1;0;1;0;0;0;0;0;1;349341,6141;5661352,399;6,848953153;51,08386901
32639;5,21E+18;5;3;15;0;2021;9;13;7;3;3;2;0;0;1;1;0;0;0;0;355590,85;5643723,54;6,945128616;50,92705121
32644;5,21E+18;5;3;15;0;2021;9;11;6;3;2;6;0;0;0;1;0;0;0;0;357994,6657;5645057,344;6,978791089;50,93963486
32646;5,21E+18;5;3;15;0;2021;11;17;1;3;5;3;1;0;0;1;0;0;0;0;348409,0975;5656481,477;6,837690035;51,03985331
32647;5,21E+18;5;3;15;0;2021;6;12;2;3;2;6;0;0;0;1;0;0;0;1;357198,7049;5639845,826;6,969509489;50,89260252
32651;5,21E+18;5;3;15;0;2021;5;7;3;3;2;6;0;0;0;1;0;0;0;0;352974,0628;5652264,735;6,904467526;51,00314607
32655;5,21E+18;5;3;15;0;2021;9;19;1;3;3;6;0;0;0;1;0;0;0;0;354829,4065;5644800,87;6,933872074;50,9365418
32660;5,21E+18;5;3;15;0;2021;10;15;7;3;6;4;0;0;1;0;1;0;0;0;353143,0605;5646873,623;6,909052491;50,95474182
32662;5,21E+18;5;3;15;0;2021;5;16;6;3;6;6;0;0;0;0;1;0;0;1;355935,0903;5646039,136;6,949108084;50,94794716
32663;5,21E+18;5;3;15;0;2021;7;14;3;3;3;2;0;1;0;1;0;0;0;0;356179,335;5644620,914;6,953142668;50,93526281
32666;5,21E+18;5;3;15;0;2021;10;20;3;3;0;1;2;1;1;0;0;0;0;0;354963,4964;5643394,142;6,936338886;50,92393361
32669;5,21E+18;5;3;15;0;2021;3;19;7;3;2;2;1;0;0;1;0;0;0;0;347544,343;5647369,145;6,829190523;50,95774083
32672;5,21E+18;5;3;15;0;2021;1;9;3;2;2;6;0;1;0;1;0;0;0;0;353098,5768;5640762,613;6,910881889;50,89981314
32674;5,21E+18;5;3;15;0;2021;5;15;1;3;0;3;0;0;1;1;0;0;0;0;355967,874;5644649,983;6,950123722;50,93547127
32678;5,21E+18;5;3;15;0;2021;11;17;1;3;2;6;2;0;0;1;0;0;0;0;356005,2952;5635128,165;6,954409263;50,84990881
32679;5,21E+18;5;3;15;0;2021;6;0;1;3;0;7;2;0;0;0;0;0;0;1;354707,1045;5644687,078;6,932178003;50,93548838
32687;5,21E+18;5;3;15;0;2021;2;14;5;3;2;6;0;0;0;1;0;0;1;0;355347,9435;5635206,325;6,945046442;50,85044722
32689;5,21E+18;5;3;15;0;2021;6;8;2;3;2;6;0;0;0;1;0;0;0;0;355483,9845;5654336,561;6,939390727;51,02240081
32692;5,21E+18;5;3;15;0;2021;10;11;6;2;8;1;0;0;0;1;0;0;0;0;358001,1447;5645056,651;6,978883515;50,93963023
32695;5,21E+18;5;3;15;0;2021;11;7;3;3;8;6;2;1;0;1;0;0;1;0;357117,4937;5638131,312;6,969025836;50,87717406
32699;5,21E+18;5;3;15;0;2021;6;16;6;2;6;4;0;0;0;1;1;0;0;0;352770,8714;5647080,549;6,903673358;50,95650641
32701;5,21E+18;5;3;15;0;2021;9;9;3;3;0;3;0;0;0;1;0;1;0;0;354212,3611;5653668,045;6,921540485;51,01607212
32703;5,21E+18;5;3;15;0;2021;10;23;2;3;0;1;2;0;0;1;0;0;0;1;354957,5975;5644670,872;6,935747017;50,9354058
32706;5,21E+18;5;3;15;0;2021;12;19;3;3;9;1;2;1;0;1;0;0;0;0;349965,3632;5654111,968;6,860852941;51,01896896
32708;5,21E+18;5;3;15;0;2021;1;15;2;2;0;7;0;0;1;0;0;0;0;0;352979,0486;5641314,499;6,908961026;50,90474234
32712;5,21E+18;5;3;15;0;2021;9;12;7;3;4;7;0;0;0;1;0;1;0;0;356316,9581;5647804,97;6,953843537;50,96391172
32713;5,21E+18;5;3;15;0;2021;12;17;5;3;0;2;2;1;0;1;0;0;0;1;351227,0518;5648231,376;6,881237096;50,96645173
32714;5,21E+18;5;3;15;0;2021;12;19;4;3;2;6;2;1;0;1;0;0;0;0;356836,9998;5634873,829;6,966315924;50,84782951
32715;5,21E+18;5;3;15;0;2021;1;8;2;3;5;3;1;1;1;0;0;0;0;1;351566,82;5647979,149;6,886175321;50,96427275
32716;5,21E+18;5;3;15;0;2021;1;23;7;3;8;1;2;1;0;1;0;0;0;0;358339,047;5645558,372;6,98349469;50,94422231
32718;5,21E+18;5;3;15;0;2021;1;2;6;3;5;3;2;1;1;1;0;0;0;0;356435,2398;5647026,642;6,955833882;50,95694651
32721;5,21E+18;5;3;15;0;2021;5;14;6;3;2;6;0;0;0;1;0;0;0;0;348924,354;5645844,658;6,849458134;50,94440488
32725;5,21E+18;5;3;15;0;2021;5;12;1;3;2;6;0;0;0;1;0;0;0;0;355231,1223;5646652,065;6,938849684;50,95327903
32727;5,21E+18;5;3;15;0;2021;6;8;4;3;0;7;0;0;1;0;0;0;0;0;357924,8144;5644841,031;6,977881885;50,93767365
32732;5,21E+18;5;3;15;0;2021;9;15;4;3;0;1;0;1;0;0;0;1;0;0;353394,5718;5645880,042;6,913031026;50,94587694
32741;5,21E+18;5;3;15;0;2021;10;12;3;3;1;6;0;0;0;1;0;1;0;0;356579,564;5646355,965;6,958151701;50,95095517
32745;5,21E+18;5;3;15;0;2021;11;16;2;3;2;6;0;0;0;1;0;0;0;1;352237,6468;5642314,227;6,898019074;50,9135372
32748;5,21E+18;5;3;15;0;2021;9;16;7;2;5;3;0;0;1;1;0;0;0;0;356228,6828;5648500,715;6,9523123;50,97014222
32749;5,21E+18;5;3;15;0;2021;10;2;7;2;0;1;2;1;0;0;0;0;0;1;354528,6012;5645724,994;6,92922486;50,94477084
32752;5,21E+18;5;3;15;0;2021;4;5;5;3;6;4;2;0;0;1;1;0;0;0;351118,9575;5650589,667;6,878733027;50,98761627
32754;5,21E+18;5;3;15;0;2021;10;16;1;3;2;6;0;0;0;1;0;0;0;0;358093,522;5639398,587;6,982398147;50,88880368
32758;5,21E+18;5;3;15;0;2021;10;8;5;3;7;7;0;1;0;1;0;0;0;0;348928,6338;5648592,244;6,848378598;50,96909642
32767;5,21E+18;5;3;15;0;2021;11;19;7;3;4;2;2;0;0;1;0;0;0;0;353488,4159;5651904,561;6,911938638;51,00004057
32772;5,21E+18;5;3;15;0;2021;10;16;3;3;8;7;0;0;0;1;0;0;0;0;355646,2095;5650738,555;6,943133293;50,99010741
32775;5,21E+18;5;3;15;0;2021;5;16;6;3;3;6;0;0;1;0;0;0;0;0;357223,2141;5646344,964;6,967313354;50,95101609
32776;5,21E+18;5;3;15;0;2021;9;18;6;3;0;1;0;0;1;0;0;0;0;0;350473,3952;5652806,062;6,86862915;51,0073661
32777;5,21E+18;5;3;15;0;2021;5;1;1;3;0;1;2;0;1;0;0;0;0;0;349511,2748;5645095,367;6,858116144;50,93782502
32779;5,21E+18;5;3;15;0;2021;9;14;1;3;2;6;0;0;0;1;0;0;0;0;357861,9702;5646670,741;6,976273933;50,95410171
32781;5,21E+18;5;3;15;0;2021;7;15;6;2;0;6;0;0;1;0;1;0;0;1;352239,1964;5644943,952;6,89697543;50,93716977
32784;5,21E+18;5;3;15;0;2021;10;7;2;3;0;1;1;0;1;0;0;0;0;0;355270,386;5645234,533;6,939971669;50,94054988
32785;5,21E+18;5;3;15;0;2021;9;15;2;3;0;7;0;0;1;0;0;0;0;0;353692,8337;5646324,801;6,917095172;50,94994959
32787;5,21E+18;5;3;15;0;2021;12;19;3;3;0;1;2;0;1;0;0;0;0;0;356871,6225;5644567,689;6,963009543;50,93495671
32788;5,21E+18;5;3;15;0;2021;10;17;6;3;5;7;0;0;0;1;0;0;0;1;358128,6251;5645260,534;6,980617381;50,9414939
32796;5,21E+18;5;3;15;0;2021;6;8;6;2;5;2;0;0;0;0;0;1;0;1;352078,887;5642446,799;6,89570853;50,9146879
32799;5,21E+18;5;3;15;0;2021;9;17;5;3;4;3;0;1;0;1;0;0;0;0;354754,142;5638222,739;6,93541925;50,87740655
32805;5,21E+18;5;3;15;0;2021;12;18;5;3;0;2;2;1;1;0;0;0;0;1;353243,364;5644877,435;6,911283975;50,93682843
32808;5,21E+18;5;3;15;0;2021;12;12;6;3;1;5;0;0;1;1;0;0;0;0;353515,0081;5646517,586;6,914487784;50,95163691
32810;5,21E+18;5;3;15;0;2021;10;14;3;3;6;4;0;0;1;0;1;0;0;0;356183,7813;5641132,839;6,954581243;50,90391698
32812;5,21E+18;5;3;15;0;2021;1;5;3;3;2;6;2;1;0;1;0;0;0;1;356825,7664;5633844,229;6,966558856;50,83857364
32814;5,21E+18;5;3;15;0;2021;6;16;3;2;0;3;0;0;1;1;0;0;0;0;349378,882;5643070,93;6,857069646;50,91959823
32815;5,21E+18;5;3;15;0;2021;7;5;4;3;0;2;0;1;1;1;0;0;0;0;356520,3343;5652110,462;6,955037957;51,00265499
32816;5,21E+18;5;3;15;0;2021;1;6;5;3;9;1;2;0;0;1;0;0;1;0;348674,8175;5643717,689;6,846791892;50,92522598
32822;5,21E+18;5;3;15;0;2021;6;12;6;3;2;6;0;0;0;1;0;0;0;1;355266,8265;5646690,264;6,939342484;50,95363129
32827;5,21E+18;5;3;15;0;2021;6;19;6;3;8;2;1;0;0;1;0;0;0;0;348318,278;5656782,799;6,836269385;51,04253703
32829;5,21E+18;5;3;15;0;2021;9;1;1;3;2;2;2;0;0;1;0;0;0;0;357352,6445;5646872,256;6,968948174;50,95578687
32833;5,21E+18;5;3;15;0;2021;1;0;6;3;9;1;2;1;0;1;0;0;0;0;352152,7414;5651678,191;6,893008687;50,99766466
32834;5,21E+18;5;3;15;0;2021;12;10;2;3;5;7;0;0;0;1;0;0;0;1;354107,014;5651814,185;6,920784897;50,99938558
32843;5,21E+18;5;3;15;0;2021;9;20;2;2;2;6;2;1;1;1;0;0;1;0;356037,73;5649260,156;6,94929381;50,97691945
32848;5,21E+18;5;3;15;0;2021;11;12;7;2;3;6;0;0;0;1;0;0;0;0;356819,6464;5638978,891;6,964463009;50,88471754
32851;5,21E+18;5;3;15;0;2021;11;17;4;3;2;6;2;0;0;1;0;0;1;0;348271,7751;5643918,361;6,840977836;50,9269234
32855;5,21E+18;5;3;15;0;2021;12;15;2;3;2;6;0;1;0;1;0;0;0;0;354164,3924;5642266,247;6,925427677;50,91359609
32857;5,21E+18;5;3;15;0;2021;9;18;3;2;0;2;0;0;0;1;0;0;0;1;355097,7482;5644660,822;6,937744266;50,93535071
32859;5,21E+18;5;3;15;0;2021;9;6;5;2;4;6;1;0;0;1;0;0;0;0;349844,4566;5643287,773;6,863599308;50,9216682
32865;5,21E+18;5;3;15;0;2021;2;12;2;2;2;6;0;1;0;1;0;0;0;0;352069,8914;5651045,938;6,892086362;50,99196168
32866;5,21E+18;5;3;15;0;2021;9;18;5;3;4;6;0;0;1;0;0;0;0;1;355497,1814;5644699,407;6,943409796;50,93579769
32870;5,21E+18;5;3;15;0;2021;10;16;6;3;5;2;0;0;1;0;0;0;0;1;349994,2709;5659819,06;6,858900871;51,07026131
32875;5,21E+18;5;3;15;0;2021;4;17;5;3;2;6;0;0;0;1;0;0;0;0;352941,3188;5641736,538;6,908254754;50,90852544
32876;5,21E+18;5;3;15;0;2021;12;16;4;3;2;6;0;0;0;1;0;0;0;0;352417,818;5651142,932;6,897001118;50,99292263
32879;5,21E+18;5;3;15;0;2021;4;12;5;2;5;3;0;0;1;1;0;0;0;0;354481,2879;5645750,323;6,92854171;50,94498652
32880;5,21E+18;5;3;15;0;2021;10;20;1;3;9;1;2;1;0;1;0;0;0;0;355059,235;5636339,803;6,940499046;50,86056142
32883;5,21E+18;5;3;15;0;2021;9;13;2;2;1;7;0;0;1;1;0;0;0;0;350996,2368;5648359,707;6,877899767;50,96754531
32901;5,21E+18;5;3;15;0;2021;9;13;5;3;6;4;0;0;1;0;1;0;0;0;361414,2416;5645026,963;7,027443378;50,94019384
32911;5,21E+18;5;3;15;0;2021;6;11;5;3;0;1;0;0;0;0;0;0;0;1;360877,6305;5645046,671;7,019802881;50,94024174
32927;5,21E+18;5;3;15;0;2021;3;18;2;3;5;3;0;0;0;1;0;0;0;0;359586,294;5650556,795;6,999307848;50,98944861
32933;5,21E+18;5;3;15;0;2021;3;15;5;3;5;3;0;1;0;1;0;1;0;0;364889,964;5635412,54;7,080441898;50,8546082
32934;5,21E+18;5;3;15;0;2021;11;14;3;3;6;4;0;1;0;1;1;0;0;0;363215,35;5638375,929;7,05555652;50,8808481
32936;5,21E+18;5;3;15;0;2021;1;13;5;3;8;7;0;1;0;1;0;0;0;0;358402,0039;5644160,489;6,984933521;50,93167496
32937;5,21E+18;5;3;15;0;2021;9;13;4;3;5;3;0;0;1;1;0;0;0;0;362692,7673;5652030,235;7,042985542;51,00344022
32939;5,21E+18;5;3;15;0;2021;3;8;6;3;5;3;0;0;1;1;0;0;0;0;361069,6366;5645048,564;7,022533334;50,94030505
32941;5,21E+18;5;3;15;0;2021;12;19;3;3;2;6;2;0;0;1;0;0;0;0;361380,8898;5646184,114;7,026528541;50,95058542
32948;5,21E+18;5;3;15;0;2021;11;12;3;3;5;2;0;0;1;1;0;0;0;0;360754,611;5644300,428;7,018338177;50,93350539
32951;5,21E+18;5;3;15;0;2021;3;16;7;3;1;6;0;1;0;1;0;0;0;0;359994,6166;5647898,685;7,006145781;50,96565941
32954;5,21E+18;5;3;15;0;2021;1;10;1;3;8;1;0;1;0;1;0;0;0;0;365903,1724;5644188,595;7,091606458;50,93372038
32957;5,21E+18;5;3;15;0;2021;11;5;6;3;8;1;2;1;0;1;0;0;0;0;366071,7219;5638719,268;7,096010864;50,88460306
32974;5,21E+18;5;3;15;0;2021;11;17;1;3;1;6;2;0;0;1;0;0;0;1;362475,3451;5645145,713;7,042492275;50,94151515
32976;5,21E+18;5;3;15;0;2021;1;19;5;2;9;7;2;1;0;1;0;0;0;0;361030,6288;5649522,895;7,020269718;50,98050732
32980;5,21E+18;5;3;15;0;2021;9;7;6;2;5;3;0;0;1;1;0;0;0;0;359521,8614;5641823,993;7,001759678;50,91095037
32983;5,21E+18;5;3;15;0;2021;5;14;5;3;8;1;0;0;0;0;0;1;0;0;363658,9059;5646341,678;7,058880779;50,95254487
32988;5,21E+18;5;3;15;0;2021;1;8;2;2;6;4;1;1;0;0;1;0;0;1;362644,9703;5651796,45;7,042393183;51,00132773
33000;5,21E+18;5;3;15;0;2021;10;14;7;3;2;6;0;0;0;1;0;0;0;0;358542,9029;5640376,659;6,988404396;50,89770396
33004;5,21E+18;5;3;15;0;2021;10;23;7;2;5;3;2;1;0;1;0;0;0;0;361685,3248;5640386,562;7,033059103;50,89855418
33007;5,21E+18;5;3;15;0;2021;4;12;6;3;5;3;0;0;1;0;0;0;0;1;360681,858;5648996,053;7,015506293;50,97568823
33021;5,21E+18;5;3;15;0;2021;10;7;4;3;2;6;1;0;0;1;0;0;0;1;366954,7617;5641980,226;7,107369098;50,91411576
33022;5,21E+18;5;3;15;0;2021;9;7;5;3;6;2;0;0;0;1;1;0;0;0;359573,2039;5646861,898;7,000548347;50,95623916
33023;5,21E+18;5;3;15;0;2021;6;11;2;3;2;6;0;0;0;1;0;0;0;1;366101,49;5635898,108;7,097466689;50,85925413
33036;5,21E+18;5;3;15;0;2021;6;12;2;3;1;7;0;0;0;1;0;0;0;0;363683,2332;5651689,984;7,05722152;51,00061781
33041;5,21E+18;5;3;15;0;2021;2;12;4;3;2;6;0;1;0;1;0;0;0;1;361630,1275;5644068,694;7,030878119;50,93163345
33053;5,21E+18;5;3;15;0;2021;9;17;3;2;3;2;0;0;0;1;0;1;0;0;360494,3028;5646654,368;7,013734396;50,95459777
33066;5,21E+18;5;3;15;0;2021;9;16;7;3;5;3;0;0;1;1;0;0;0;0;358981,3596;5644721,034;6,99295595;50,93685457