OBJECTID;UIDENTSTLAE;ULAND;UREGBEZ;UKREIS;UGEMEINDE;UJAHR;UMONAT;USTUNDE;UWOCHENTAG;UKATEGORIE;UART;UTYP1;ULICHTVERH;USTRZUSTAND;IstRad;IstPKW;IstFuss;IstKrad;IstGkfz;IstSonstige;LINREFX;LINREFY;XGCSWGS84;YGCSWGS84
33069;5,21E+18;5;3;15;0;2021;9;18;1;3;2;6;0;0;0;1;0;0;0;0;362174,4679;5646081,633;7,037858122;50,9498547
33070;5,21E+18;5;3;15;0;2021;6;17;2;3;1;6;0;0;0;1;0;0;0;0;359129,6825;5637121,841;6,997997734;50,86859575
33073;5,21E+18;5;3;15;0;2021;10;15;6;3;0;4;0;0;0;1;1;0;0;0;364823,9665;5639753,631;7,077900101;50,89360891
33075;5,21E+18;5;3;15;0;2021;1;13;7;3;2;6;0;0;1;1;0;0;0;0;364305,747;5647989,449;7,067469942;50,96750678
33080;5,21E+18;5;3;15;0;2021;3;13;3;2;2;6;0;0;0;0;0;0;1;0;362520,6449;5645050,883;7,043172453;50,94067368
33081;5,21E+18;5;3;15;0;2021;10;19;3;3;3;1;1;1;0;1;0;0;0;0;361681,664;5648243,189;7,030025193;50,96916309
33084;5,21E+18;5;3;15;0;2021;4;18;5;3;2;6;0;0;0;1;0;0;0;0;361421,5929;5649758,034;7,025746118;50,98271479
33092;5,21E+18;5;3;15;0;2021;6;18;6;3;0;2;0;0;1;1;0;0;0;0;360456,954;5647585,941;7,012845767;50,96296092
33100;5,21E+18;5;3;15;0;2021;11;12;7;3;5;3;0;1;1;1;0;0;0;0;364232,5298;5638482,726;7,069967633;50,88204785
33116;5,21E+18;5;3;15;0;2021;10;7;6;3;2;2;1;0;0;1;0;0;0;0;361027,3575;5647755,216;7,020898709;50,9646201
33121;5,21E+18;5;3;15;0;2021;9;8;4;3;5;3;1;1;1;1;0;0;0;0;359548,5597;5641795,702;7,002150092;50,91070261
33128;5,21E+18;5;3;15;0;2021;9;18;6;2;0;1;0;0;1;0;0;0;0;0;359327,3058;5647726,103;6,996715361;50,96394585
33131;5,21E+18;5;3;15;0;2021;11;17;6;3;0;1;2;1;1;0;0;0;0;0;366492,282;5640022,116;7,101510129;50,89641005
33135;5,21E+18;5;3;15;0;2021;11;19;2;3;1;6;2;0;0;1;0;0;0;0;366011,9087;5643756,286;7,093311941;50,92986022
33138;5,21E+18;5;3;15;0;2021;2;16;4;3;5;7;0;0;0;1;0;0;0;1;363475,46;5640205,144;7,058568301;50,8973497
33145;5,21E+18;5;3;15;0;2021;2;12;6;3;2;6;0;0;0;1;0;0;0;0;361307,2177;5649629,859;7,024166625;50,98153531
33157;5,21E+18;5;3;15;0;2021;3;22;4;3;5;3;2;0;0;1;0;0;0;0;365954,2189;5634298,264;7,095961092;50,844841
33163;5,21E+18;5;3;15;0;2021;2;16;4;2;8;1;0;0;0;1;0;0;1;1;362864,8037;5644433,583;7,048300371;50,93520773
33164;5,21E+18;5;3;15;0;2021;2;13;5;3;6;7;0;0;1;0;1;0;0;0;358848,7473;5642379,626;6,991976243;50,9157797
33177;5,21E+18;5;3;15;0;2021;10;20;1;3;6;6;2;0;0;0;1;0;0;1;360038,6125;5644907,619;7,00792184;50,938789
33178;5,21E+18;5;3;15;0;2021;3;17;2;2;5;2;0;0;1;1;0;0;0;0;368390,2045;5641515,677;7,127944787;50,9102696
33180;5,21E+18;5;3;15;0;2021;6;6;3;3;5;3;0;0;0;1;0;0;0;0;366043,4853;5634131,581;7,097289276;50,84336356
33182;5,21E+18;5;3;15;0;2021;9;19;1;3;5;2;0;0;1;1;0;0;0;0;363475,46;5640205,144;7,058568301;50,8973497
33186;5,21E+18;5;3;15;0;2021;10;15;3;3;2;6;0;0;0;1;0;0;0;0;359226,2282;5646298,889;6,995828921;50,95109471
33191;5,21E+18;5;3;15;0;2021;5;18;2;3;2;6;0;1;0;1;0;0;0;0;365608,2211;5639866,368;7,089003475;50,89480518
33206;5,21E+18;5;3;15;0;2021;11;7;3;2;5;3;0;0;1;1;0;0;0;0;360622,6614;5646337,84;7,015681966;50,95178414
33209;5,21E+18;5;3;15;0;2021;3;8;3;3;6;2;0;1;0;1;1;0;0;0;364794,5247;5645497,175;7,075352623;50,94522243
33211;5,21E+18;5;3;15;0;2021;10;15;2;2;7;1;0;0;0;1;0;0;0;0;363836,7202;5641107,959;7,063365728;50,90554905
33215;5,21E+18;5;3;15;0;2021;2;6;1;2;2;1;2;0;0;1;0;0;0;0;361544,3329;5648914,787;7,027814809;50,97516588
33219;5,21E+18;5;3;15;0;2021;12;20;5;3;5;2;2;0;1;1;0;0;0;0;360057,871;5648288,008;7,006896238;50,96917367
33222;5,21E+18;5;3;15;0;2021;10;11;4;3;5;3;0;0;0;1;0;1;0;0;359621,3057;5646951,651;7,001198176;50,9570575
33240;5,21E+18;5;3;15;0;2021;9;16;5;2;1;6;0;0;0;1;0;0;0;0;361734,3381;5648142,672;7,030813132;50,96827236
33250;5,21E+18;5;3;15;0;2021;5;15;6;3;2;6;0;0;0;1;0;0;0;0;362265,0224;5645594,324;7,039330803;50,94549675
33252;5,21E+18;5;3;15;0;2021;11;17;3;3;1;6;1;1;0;1;0;0;0;0;360489,703;5646515,35;7,013722225;50,95334728
33253;5,21E+18;5;3;15;0;2021;11;17;3;3;2;6;2;1;0;1;0;0;0;0;367867,6701;5645366,672;7,119120638;50,94476206
33256;5,21E+18;5;3;15;0;2021;6;17;2;3;2;6;0;0;0;1;0;0;0;0;365836,79;5639303,691;7,092458358;50,88980116
33258;5,21E+18;5;3;15;0;2021;6;8;3;3;0;2;0;0;1;1;0;0;0;0;359439,162;5641920,739;7,000546814;50,91179971
33272;5,21E+18;5;3;15;0;2021;11;12;2;3;5;3;0;1;0;1;0;0;0;0;365484,7295;5642916,167;7,086124452;50,92218688
33278;5,21E+18;5;3;15;0;2021;1;17;5;2;4;1;2;0;0;1;0;1;0;0;362711,2565;5652236,311;7,043170957;51,00529669
33279;5,21E+18;5;3;15;0;2021;12;19;2;3;2;6;2;0;0;1;0;0;0;0;361528,3693;5642452,152;7,030044813;50,91708069
33313;5,21E+18;5;3;15;0;2021;11;12;7;3;2;2;0;0;0;1;0;0;0;0;364103,6553;5641368,46;7,067063014;50,90795321
33316;5,21E+18;5;3;15;0;2021;12;17;3;3;5;2;2;1;0;1;0;0;0;0;361510,26;5647894,877;7,027718163;50,96599155
33317;5,21E+18;5;3;15;0;2021;11;13;7;3;5;3;0;0;0;1;0;1;0;0;360933,793;5645957,15;7,020254123;50,94843795
33337;5,21E+18;5;3;15;0;2021;12;17;4;3;6;2;2;1;0;1;1;0;0;0;363475,46;5640205,144;7,058568301;50,8973497
33355;5,21E+18;5;3;15;0;2021;10;11;7;3;5;3;0;0;0;1;0;0;0;1;360829,6274;5646086,814;7,018722612;50,94957812
33361;5,21E+18;5;3;15;0;2021;2;9;4;3;3;6;0;0;0;1;0;0;1;0;359512,3336;5643348,01;7,001037286;50,92464462
33369;5,21E+18;5;3;15;0;2021;7;15;3;3;2;6;0;0;0;1;0;0;0;0;362361,666;5643830,226;7,041372064;50,92966529
33370;5,21E+18;5;3;15;0;2021;11;14;4;3;2;6;0;0;0;1;0;0;0;1;359586,376;5650553,89;6,999310139;50,98942252
33380;5,21E+18;5;3;15;0;2021;11;18;4;3;1;5;2;0;0;1;0;0;0;0;361600,9165;5645126,41;7,03006095;50,94113243
33390;5,21E+18;5;3;15;0;2021;6;15;3;3;5;3;0;0;1;1;0;0;0;0;360496,113;5646495,348;7,013821094;50,95316907
33392;5,21E+18;5;3;15;0;2021;6;15;3;3;2;6;0;0;0;1;0;0;0;1;359836,0008;5641891,445;7,00619937;50,91163294
33407;5,21E+18;5;3;15;0;2021;5;15;4;3;1;6;0;0;0;1;0;0;0;0;361600,4974;5649988,947;7,02820532;50,98483308
33409;5,21E+18;5;3;15;0;2021;6;13;6;3;2;6;0;0;0;1;0;0;0;0;360628,7862;5650205,652;7,014286976;50,98654621
33411;5,21E+18;5;3;15;0;2021;2;16;7;3;5;2;0;0;1;1;0;0;0;0;360044,644;5648316,16;7,006697143;50,96942347
33412;5,21E+18;5;3;15;0;2021;6;8;4;3;5;3;0;0;1;1;0;0;0;0;359813,0568;5649359,144;7,002998803;50,97874052
33421;5,21E+18;5;3;15;0;2021;4;19;3;3;0;7;0;0;1;0;0;0;0;0;361681,1064;5635985,367;7,034664336;50,85899792
33422;5,21E+18;5;3;15;0;2021;9;11;7;3;2;6;0;0;0;1;0;0;0;0;362338,0888;5645401,954;7,040442969;50,94378531
33423;5,21E+18;5;3;15;0;2021;10;16;5;2;4;2;1;0;0;1;0;0;0;0;366384,7726;5641380,21;7,0994852;50,90859132
33424;5,21E+18;5;3;15;0;2021;7;16;2;3;2;6;0;0;0;1;0;0;0;0;365536,2604;5642563,687;7,086987148;50,91903093
33425;5,21E+18;5;3;15;0;2021;5;17;3;3;3;6;0;1;0;1;0;0;1;0;364832,655;5642583,889;7,076975494;50,91904811
33427;5,21E+18;5;3;15;0;2021;6;13;2;3;5;3;0;0;0;1;0;0;0;0;364889,964;5635412,54;7,080441898;50,8546082
33432;5,21E+18;5;3;15;0;2021;9;12;6;3;2;6;0;0;0;1;0;0;0;0;361630,7198;5648626,127;7,029154387;50,9725924
33441;5,21E+18;5;3;15;0;2021;9;12;1;3;5;3;0;0;0;1;0;1;0;0;360783,4628;5647684,354;7,017454758;50,96392436
33444;5,21E+18;5;3;15;0;2021;6;13;4;3;5;3;0;0;0;1;0;1;0;0;359984,3898;5647604,48;7,006113462;50,96301288
33485;5,21E+18;5;3;15;0;2021;3;9;4;3;5;2;0;0;1;1;0;0;0;0;359907,718;5649153,451;7,00442567;50,97691498
33495;5,21E+18;5;3;15;0;2021;5;16;3;3;0;1;0;1;0;0;0;1;0;0;358569,0413;5642728,174;6,987864618;50,91884364
33500;5,21E+18;5;3;15;0;2021;12;10;4;3;5;3;0;1;0;1;0;0;0;0;362958,977;5642588,145;7,050333481;50,91864443
33504;5,21E+18;5;3;15;0;2021;12;2;1;2;8;1;2;1;0;1;0;0;0;0;368905,8518;5638356,265;7,136409406;50,88199047
33509;5,21E+18;5;3;15;0;2021;11;11;2;3;5;2;0;1;0;1;0;0;0;0;361463,4749;5645404,404;7,028000151;50,94359783
33510;5,21E+18;5;3;15;0;2021;11;14;7;3;5;3;0;0;0;1;0;0;0;1;360926,9567;5644272,35;7,020800053;50,93329464
33511;5,21E+18;5;3;15;0;2021;1;11;1;3;1;5;0;0;1;1;0;0;0;0;367986,1223;5639328,941;7,122990919;50,89052333
33515;5,21E+18;5;3;15;0;2021;4;6;5;3;5;2;2;0;0;1;0;0;0;0;366042,9673;5634132,568;7,097281562;50,84337231
33523;5,21E+18;5;3;15;0;2021;10;3;3;3;0;7;2;1;0;1;0;0;0;0;366477,4434;5640331,097;7,101186275;50,89918365
33529;5,21E+18;5;3;15;0;2021;10;15;4;3;5;3;0;0;0;1;0;1;0;0;363567,6426;5646370,324;7,057571506;50,95278072
33543;5,21E+18;5;3;15;0;2021;5;19;1;2;9;1;0;0;0;0;0;1;0;0;364196,1835;5641265,555;7,068416589;50,90705012
33550;5,21E+18;5;3;15;0;2021;10;18;1;3;2;6;1;1;0;1;0;0;0;1;360045,326;5648170,064;7,006763067;50,96811065
33556;5,21E+18;5;3;15;0;2021;3;15;3;3;6;4;0;1;1;0;1;0;0;0;365101,9588;5638405,181;7,08234839;50,88155454
33566;5,21E+18;5;3;15;0;2021;5;8;2;3;2;1;0;0;0;1;0;0;0;0;364814,3969;5639656,849;7,077799929;50,89273684
33569;5,21E+18;5;3;15;0;2021;2;23;6;3;0;1;2;0;1;0;0;0;0;0;365019,7981;5638868,12;7,081010156;50,88569608
33570;5,21E+18;5;3;15;0;2021;9;15;5;3;0;5;0;0;0;1;0;0;0;1;363567,6911;5648821,772;7,056652894;50,97481284
33572;5,21E+18;5;3;15;0;2021;10;11;3;2;6;7;0;0;0;1;1;0;0;0;358394,0099;5642907,887;6,985306324;50,92041581
33577;5,21E+18;5;3;15;0;2021;6;16;5;3;2;2;0;0;0;1;0;0;0;0;361425,767;5645345,373;7,027486196;50,94305824
33583;5,21E+18;5;3;15;0;2021;1;17;5;3;5;3;2;0;0;1;0;0;0;0;360754,611;5644300,428;7,018338177;50,93350539
33584;5,21E+18;5;3;15;0;2021;9;15;3;3;6;7;0;0;0;0;1;0;0;1;360493,5828;5646639,522;7,013729841;50,95446418
33587;5,21E+18;5;3;15;0;2021;11;18;6;3;2;6;2;0;0;1;0;0;0;0;366817,757;5641958,004;7,105429393;50,91388444
33588;5,21E+18;5;3;15;0;2021;11;6;4;3;3;6;2;1;0;1;0;0;1;0;365792,6837;5639500,08;7,091759479;50,891556
33596;5,21E+18;5;3;15;0;2021;1;8;5;3;5;2;0;1;0;1;0;0;0;0;358711,639;5644700,754;6,989127547;50,93660629
33600;5,21E+18;5;3;15;0;2021;5;8;5;3;2;6;0;0;0;0;0;0;1;1;361944,8755;5647055,378;7,034222306;50,95855107
33602;5,21E+18;5;3;15;0;2021;12;19;6;2;2;6;2;0;0;1;0;0;0;1;362042,6672;5641762,248;7,037617698;50,91100346
33607;5,21E+18;5;3;15;0;2021;4;7;4;2;3;6;0;0;0;1;0;0;1;0;363244,5376;5643850,581;7,053920139;50,93005822
33609;5,21E+18;5;3;15;0;2021;9;17;3;3;5;2;0;0;1;1;0;0;0;0;362593,6011;5648215,278;7,043015712;50,9691305
33611;5,21E+18;5;3;15;0;2021;10;13;2;3;3;6;0;0;0;1;0;0;1;0;360934,1404;5646031,989;7,020230483;50,94911063
33617;5,21E+18;5;3;15;0;2021;5;14;4;3;2;6;0;0;0;1;0;0;0;0;365347,896;5640176,846;7,085189495;50,89753501
33618;5,21E+18;5;3;15;0;2021;11;15;6;3;2;6;0;0;0;1;0;0;0;0;363583,6848;5643312,763;7,058944607;50,92530492
33621;5,21E+18;5;3;15;0;2021;7;23;2;3;5;2;2;0;0;1;0;0;0;0;359431,9148;5651572,67;6,996716427;50,9985406
33628;5,21E+18;5;3;15;0;2021;10;14;4;3;2;6;0;0;0;1;0;0;0;0;365033,7574;5642586,426;7,079833918;50,91911799
33647;5,21E+18;5;3;15;0;2021;10;11;7;3;3;6;0;0;0;1;0;0;1;0;364280,8107;5642807,481;7,069045965;50,92092811
33666;5,21E+18;5;3;15;0;2021;9;17;4;3;0;7;0;1;1;0;0;0;0;0;361041,6043;5645050,161;7,022133982;50,94031264
33668;5,21E+18;5;3;15;0;2021;3;16;4;3;5;3;0;0;1;0;0;0;0;0;361246,7684;5645038,158;7,025056903;50,94025417
33674;5,21E+18;5;3;15;0;2021;2;20;6;2;8;7;2;1;0;1;0;0;0;0;363536,5232;5641443,436;7,058973251;50,90849326
33677;5,21E+18;5;3;15;0;2021;9;11;3;3;0;3;0;0;0;1;0;1;0;0;359108,4889;5637718,442;6,997466912;50,87395235
33679;5,21E+18;5;3;15;0;2021;10;7;4;3;2;6;1;0;0;1;0;0;0;1;367711,946;5641260,657;7,118395032;50,90782248
33682;5,21E+18;5;3;15;0;2021;11;11;7;3;5;3;0;0;1;1;0;0;0;0;366589,635;5636185,244;7,104293892;50,86194767
33683;5,21E+18;5;3;15;0;2021;6;22;6;3;4;6;2;1;0;1;0;1;0;0;365589,7453;5635783,22;7,090241924;50,85810282
33684;5,21E+18;5;3;15;0;2021;11;8;2;3;0;4;0;0;1;1;1;0;0;0;365089,9142;5645851,268;7,07942378;50,94847405
33693;5,21E+18;5;3;15;0;2021;2;14;6;3;3;6;0;0;0;1;0;0;1;0;362716,4797;5644695,993;7,046091881;50,93753081
33694;5,21E+18;5;3;15;0;2021;1;5;5;3;6;4;2;1;0;1;1;0;0;0;358861,7898;5642363,709;6,992167822;50,91563984
33695;5,21E+18;5;3;15;0;2021;4;18;2;3;2;6;0;0;0;1;0;0;1;0;361861,7634;5647550,538;7,032851637;50,96298129
33696;5,21E+18;5;3;15;0;2021;10;16;1;2;8;1;0;0;0;1;0;0;0;0;362920,632;5643818,855;7,049325628;50,9296962
33703;5,21E+18;5;3;15;0;2021;2;11;7;3;0;1;0;0;1;0;0;0;0;0;363129,7379;5636476,847;7,05505099;50,86375981
33707;5,21E+18;5;3;15;0;2021;3;15;4;3;0;7;0;0;0;0;0;0;0;1;361083,341;5649375,105;7,02107665;50,97919182
33708;5,21E+18;5;3;15;0;2021;5;14;7;2;8;1;0;0;0;0;0;1;0;0;367860,6173;5639333,882;7,121205692;50,89053904
33711;5,21E+18;5;3;15;0;2021;7;16;5;2;2;6;0;0;0;1;0;1;0;0;366090,4451;5634730,717;7,097736848;50,84875934
33716;5,21E+18;5;3;15;0;2021;11;9;1;3;9;1;0;1;0;0;0;0;0;1;359241,6281;5647760,037;6,995482916;50,96422989
33718;5,21E+18;5;3;15;0;2021;1;12;6;3;5;2;0;1;0;1;0;0;0;1;362307,0163;5643877,825;7,040576892;50,93008004
33724;5,21E+18;5;3;15;0;2021;12;14;7;3;2;6;0;0;0;1;0;0;0;0;363346,431;5641325,581;7,05631521;50,90738908
33732;5,21E+18;5;3;15;0;2021;7;17;6;3;2;6;0;1;0;1;0;0;0;0;360224,1716;5647101,933;7,0097189;50,95855464
33736;5,21E+18;5;3;15;0;2021;3;12;6;3;0;4;0;0;1;0;1;0;0;0;363847,6186;5638590,561;7,064459006;50,88292644
33740;5,21E+18;5;3;15;0;2021;9;9;2;3;2;6;0;0;0;1;0;0;0;0;362301,0391;5645099,1;7,040030398;50,94105461
33744;5,21E+18;5;3;15;0;2021;2;10;4;3;1;6;0;1;0;1;0;0;0;0;360021,8932;5647658,347;7,006626456;50,9635061
33746;5,21E+18;5;3;15;0;2021;10;6;6;3;5;2;2;0;0;1;0;0;0;0;366947,1052;5642150,372;7,107198193;50,91564322
33757;5,21E+18;5;3;15;0;2021;9;5;5;3;6;7;2;0;1;0;1;0;0;0;359586,376;5650553,89;6,999310139;50,98942252
33758;5,21E+18;5;3;15;0;2021;12;19;4;3;6;2;2;1;0;1;1;0;0;0;366284,908;5635851,63;7,100088282;50,85887884
33769;5,21E+18;5;3;15;0;2021;3;11;6;3;6;4;0;0;0;1;1;0;0;0;360995,5123;5644263,739;7,021778355;50,93323378
33779;5,21E+18;5;3;15;0;2021;6;15;4;2;2;6;0;0;0;1;0;1;0;0;360658,5127;5651972,526;7,014032341;51,00243249
33782;5,21E+18;5;3;15;0;2021;9;12;6;3;2;6;0;0;0;1;0;0;0;0;359794,3991;5649468,144;7,002691149;50,97971557
33787;5,21E+18;5;3;15;0;2021;10;6;3;2;9;1;1;0;0;1;0;0;0;0;365996,1367;5636833,483;7,095628069;50,86763663
33788;5,21E+18;5;3;15;0;2021;9;23;6;3;8;1;2;0;0;0;0;1;0;0;364314,9199;5638468,413;7,071143472;50,88193856
33794;5,21E+18;5;3;15;0;2021;7;11;3;3;0;1;0;1;0;0;0;1;0;0;358777,6623;5642450,876;6,990938069;50,91640263
33797;5,21E+18;5;3;15;0;2021;11;21;7;2;6;2;2;1;0;1;1;0;0;0;362104,1452;5644275,367;7,037541365;50,93360441
33798;5,21E+18;5;3;15;0;2021;1;13;3;3;6;1;0;1;0;0;1;0;1;0;365316,8964;5640237,201;7,084726672;50,89807023
33811;5,21E+18;5;3;15;0;2021;3;12;6;3;2;6;0;0;0;1;0;0;0;0;366060,114;5635630,934;7,096976903;50,85684325
33817;5,21E+18;5;3;15;0;2021;4;19;7;3;2;6;0;0;0;1;0;0;0;1;359287,7656;5647746,635;6,996144706;50,96412071
33821;5,21E+18;5;3;15;0;2021;6;16;4;1;6;4;0;0;0;1;1;0;0;0;366720,138;5641838,712;7,104085112;50,91278974
33830;5,21E+18;5;3;15;0;2021;12;16;1;3;2;6;0;0;0;1;0;0;1;0;358424,0218;5640221,609;6,986775065;50,89628137
33838;5,21E+18;5;3;15;0;2021;6;13;3;3;6;4;0;0;1;0;1;0;0;0;360334,5106;5648357,772;7,010806901;50,9698678
33847;5,21E+18;5;3;15;0;2021;1;20;7;3;0;2;2;2;0;1;1;0;0;0;360796,3949;5645044,542;7,018648167;50,940203
33861;5,21E+18;5;3;15;0;2021;4;17;6;3;0;4;0;0;0;0;1;0;1;0;362354,2128;5643784,138;7,041283472;50,92924931
33866;5,21E+18;5;3;15;0;2021;10;12;6;3;5;3;0;0;0;1;0;0;0;0;365077,8956;5638523,672;7,081962785;50,88261388
33889;5,21E+18;5;3;15;0;2021;11;17;4;3;1;5;2;1;0;1;0;0;0;0;365699,0563;5634833,892;7,092142392;50,84959591
33891;5,21E+18;5;3;15;0;2021;11;15;2;3;2;2;0;0;0;1;0;0;0;0;359282,2918;5637292,671;7,000099436;50,8701682
33898;5,21E+18;5;3;15;0;2021;5;10;1;3;5;3;0;0;0;1;0;0;0;0;363013,802;5648407,111;7,04892437;50,97095466
33903;5,21E+18;5;3;15;0;2021;3;6;6;3;5;3;2;1;0;1;0;0;0;0;361599,8171;5649987,068;7,02819635;50,98481603
33905;5,21E+18;5;3;15;0;2021;11;18;2;3;6;7;1;0;0;1;1;0;0;0;360653,2967;5648975,133;7,015107735;50,97549331
33916;5,21E+18;5;3;15;0;2021;6;19;6;3;5;2;0;0;0;1;0;1;0;0;362302,7333;5643886,091;7,040512859;50,9301533
33919;5,21E+18;5;3;15;0;2021;3;16;6;3;5;2;0;0;1;1;0;0;0;0;364918,594;5643063,365;7,078019818;50,92337756
33922;5,21E+18;5;3;15;0;2021;3;15;3;2;4;2;0;0;1;1;0;0;0;0;363682,9427;5651689,842;7,057217435;51,00061647
33928;5,21E+18;5;3;15;0;2021;2;13;7;2;2;6;0;0;0;1;0;0;0;0;361748,2359;5647974,993;7,031074672;50,96676873
33939;5,21E+18;5;3;15;0;2021;9;15;7;3;2;6;0;0;0;1;0;0;0;0;360654,0507;5653370,18;7,013432097;51,01499223
33941;5,21E+18;5;3;15;0;2021;2;15;4;3;3;6;0;0;0;1;0;0;0;0;359938,2814;5647695,921;7,00542208;50,96382346
33943;5,21E+18;5;3;15;0;2021;10;12;6;3;5;2;0;0;0;1;0;0;0;0;366946,9405;5642149,959;7,107196002;50,91563947
33947;5,21E+18;5;3;15;0;2021;12;19;5;3;3;3;2;0;0;1;0;0;0;1;364383,005;5641072,174;7,071144052;50,90535602
33962;5,21E+18;5;3;15;0;2021;9;13;7;3;1;6;0;0;0;1;0;0;0;0;363214,7701;5638372,466;7,055549577;50,88081684
33969;5,21E+18;5;3;15;0;2021;11;11;2;3;1;7;0;1;0;1;0;1;0;0;361434,8722;5649773,092;7,025929441;50,98285331
33984;5,21E+18;5;3;15;0;2021;4;11;7;3;2;6;0;0;0;1;0;0;0;0;365988,5145;5637026,613;7,095449058;50,86937066
33985;5,21E+18;5;3;15;0;2021;11;19;6;2;6;4;2;0;0;1;1;0;0;0;364361,4167;5641542,498;7,070662407;50,90957801
33994;5,21E+18;5;3;15;0;2021;1;17;4;3;0;7;2;0;1;0;0;0;0;0;362001,4664;5640248,703;7,037604152;50,89739083
34013;5,21E+18;5;3;15;0;2021;12;21;5;3;3;6;2;1;0;1;0;0;0;0;359438,9097;5651527,011;6,996833723;50,99813197
34057;5,21E+18;5;3;15;0;2021;10;12;6;3;6;2;0;0;0;1;1;0;0;0;362584,454;5651852,653;7,04150996;51,00181839
34065;5,21E+18;5;3;15;0;2021;12;13;2;3;5;2;0;0;1;1;0;0;0;0;358350,451;5642957,858;6,984667593;50,92085421
34070;5,21E+18;5;3;15;0;2021;6;18;6;3;5;2;0;0;0;1;0;0;0;1;361437,55;5645317,186;7,027664535;50,94280775
34079;5,21E+18;5;3;15;0;2021;3;15;3;2;5;2;0;1;0;1;0;0;0;1;359936,054;5647697,001;7,005389965;50,96383263
34086;5,21E+18;5;3;15;0;2021;9;2;1;3;0;1;2;0;0;0;0;0;0;1;364379,249;5638415,693;7,072076961;50,88147983
34094;5,21E+18;5;3;15;0;2021;10;15;5;3;8;1;0;0;0;1;0;0;0;0;362215,941;5645888,485;7,038521267;50,94812874
34101;5,21E+18;5;3;15;0;2021;12;15;2;3;0;1;0;0;0;0;0;1;0;0;363307,908;5641898,963;7,055552848;50,9125332
34106;5,21E+18;5;3;15;0;2021;11;7;2;3;2;6;1;0;0;0;0;0;1;1;368071,3019;5641095,05;7,123563273;50,90641628
34111;5,21E+18;5;3;15;0;2021;9;21;1;3;9;6;2;0;0;1;0;0;0;0;366444,2498;5645759,244;7,098726407;50,94796236
34160;5,21E+18;5;3;15;0;2021;10;15;5;3;2;6;0;1;0;1;0;0;0;0;361115,5674;5649462,606;7,021502002;50,97998598
34165;5,21E+18;5;3;15;0;2021;11;5;7;3;3;7;2;1;0;1;0;0;0;0;359424,3316;5644795,237;6,999227792;50,93762959
34167;5,21E+18;5;3;15;0;2021;7;22;5;3;1;6;2;1;0;1;0;0;0;0;363545,2399;5641426,162;7,059103617;50,90834008
34175;5,21E+18;5;3;15;0;2021;7;1;3;2;4;6;2;0;0;1;0;0;0;1;359722,5606;5647257,927;7,002520917;50,95983469
34177;5,21E+18;5;3;15;0;2021;6;7;2;3;2;6;0;1;0;1;0;0;0;0;365809,7697;5639400,967;7,09203868;50,89066917
34196;5,21E+18;5;3;15;0;2021;9;7;5;3;5;3;0;0;1;1;0;0;0;0;363172,181;5639361,168;7,054574352;50,8896927
34201;5,21E+18;5;3;15;0;2021;9;1;1;3;0;1;2;0;0;0;0;0;0;1;360046,5273;5644910,381;7,008033358;50,93881575
34211;5,21E+18;5;3;15;0;2021;6;19;3;3;3;6;0;0;0;1;0;0;1;0;362479,094;5645137,602;7,042548666;50,94144314
34219;5,21E+18;5;3;15;0;2021;11;6;4;3;5;3;2;0;0;1;0;0;0;0;363475,46;5640205,144;7,058568301;50,8973497
34220;5,21E+18;5;3;15;0;2021;4;6;6;3;6;4;0;0;1;0;1;0;0;0;358355,4372;5639729,21;6,985991369;50,89183931
34224;5,21E+18;5;3;15;0;2021;7;17;1;3;2;6;0;0;0;1;0;0;0;0;361748,1467;5647965,955;7,031076838;50,96668749
34229;5,21E+18;5;3;15;0;2021;9;16;6;3;2;6;0;1;0;1;0;0;0;1;367611,3068;5641293,467;7,11695251;50,9080943
34231;5,21E+18;5;3;15;0;2021;6;23;1;2;7;7;2;0;0;0;0;1;0;0;368807,3647;5638469,287;7,134969571;50,88298395
34237;5,21E+18;5;3;15;0;2021;6;17;3;3;0;6;0;0;1;0;0;0;0;1;360801,504;5645044,674;7,018720791;50,94020541
34240;5,21E+18;5;3;15;0;2021;9;13;2;3;6;4;0;0;0;1;1;0;0;0;360028,45;5648029,847;7,006576831;50,9668464
34245;5,21E+18;5;3;15;0;2021;4;16;3;3;5;3;0;0;1;1;0;0;0;0;367448,6866;5644998,507;7,113293916;50,94135692
34249;5,21E+18;5;3;15;0;2021;9;13;3;3;5;3;0;0;1;1;0;0;0;0;359115,2299;5646136,855;6,994312391;50,94961137
34252;5,21E+18;5;3;15;0;2021;10;17;6;3;5;2;0;0;0;1;0;0;0;0;366384,6954;5641379,846;7,099484236;50,90858803
34264;5,21E+18;5;3;15;0;2021;12;16;4;3;8;1;2;1;0;1;0;0;0;0;361355,3519;5642420,211;7,027597093;50,91675208
34273;5,21E+18;5;3;15;0;2021;6;21;5;3;0;1;0;0;1;0;0;0;0;0;359941,1152;5647729,951;7,005449308;50,96412998
34275;5,21E+18;5;3;15;0;2021;11;6;6;3;5;2;2;1;1;1;0;0;0;0;365990,6078;5643739,405;7,093015208;50,92970355
34282;5,21E+18;5;3;15;0;2021;9;8;4;3;1;6;0;1;0;1;0;0;0;1;370799,5874;5639857,374;7,162784404;50,89590908