OBJECTID;UIDENTSTLAE;ULAND;UREGBEZ;UKREIS;UGEMEINDE;UJAHR;UMONAT;USTUNDE;UWOCHENTAG;UKATEGORIE;UART;UTYP1;ULICHTVERH;USTRZUSTAND;IstRad;IstPKW;IstFuss;IstKrad;IstGkfz;IstSonstige;LINREFX;LINREFY;XGCSWGS84;YGCSWGS84
34285;5,21E+18;5;3;15;0;2021;1;13;6;3;2;6;0;0;0;1;0;1;0;0;362681,205;5637172,694;7,048420016;50,86990737
34286;5,21E+18;5;3;15;0;2021;10;18;5;3;2;6;1;0;0;1;0;0;0;1;358953,181;5643601,251;6,992988491;50,92678409
34290;5,21E+18;5;3;15;0;2021;11;14;2;3;1;5;0;1;1;1;0;0;0;0;359348,9744;5644778,645;6,99816236;50,9374621
34303;5,21E+18;5;3;15;0;2021;12;19;4;3;5;5;2;1;1;1;0;0;0;0;360096,1341;5644926,25;7,008732865;50,9389704
34305;5,21E+18;5;3;15;0;2021;6;22;7;3;6;4;1;1;0;1;1;0;0;0;359404,6991;5644785,901;6,998952154;50,9375409
34341;5,21E+18;5;3;15;0;2021;10;16;7;3;5;7;0;0;1;1;0;0;0;0;360045,569;5644910,035;7,00801986;50,93881241
34342;5,21E+18;5;3;15;0;2021;12;10;2;3;5;2;0;0;1;1;0;0;0;0;359721,7601;5647256,119;7,002510223;50,95981824
34344;5,21E+18;5;3;15;0;2021;6;15;7;3;0;2;0;0;0;1;0;1;0;0;366204,2102;5642677,403;7,096442721;50,92020824
34345;5,21E+18;5;3;15;0;2021;12;11;3;3;5;3;0;0;1;1;0;0;0;0;365148,0883;5637062,779;7,083498831;50,86950026
34365;5,21E+18;5;3;15;0;2021;9;14;7;3;5;3;0;0;1;1;0;0;0;0;361423,4535;5645348,169;7,027452221;50,94308281
34366;5,21E+18;5;3;15;0;2021;12;14;6;3;6;4;0;1;0;0;1;0;0;1;359933,0845;5634945,872;7,01024077;50,84923491
34370;5,21E+18;5;3;15;0;2021;6;17;2;3;4;7;0;0;1;0;0;0;0;1;363854,6354;5638590,275;7,064558802;50,88292553
34390;5,21E+18;5;3;15;0;2021;6;4;6;3;2;1;1;0;0;1;0;0;0;1;359585,2839;5650164,605;6,999445036;50,98592373
34395;5,21E+18;5;3;15;0;2021;2;7;6;3;0;6;1;0;1;0;0;0;0;0;364372,7154;5649131,423;7,06799718;50,97778596
34397;5,21E+18;5;3;15;0;2021;11;16;4;3;2;6;1;1;0;1;0;0;0;0;363238,1949;5638803,183;7,0557212;50,88469345
34403;5,21E+18;5;3;15;0;2021;12;14;5;3;2;6;0;0;0;1;0;0;0;0;362070,47;5646571,022;7,036193082;50,95422811
34404;5,21E+18;5;3;15;0;2021;3;15;2;3;2;6;0;0;0;1;0;0;0;0;362345,2939;5645434,557;7,040533144;50,94408005
34411;5,21E+18;5;3;15;0;2021;2;12;5;3;1;7;0;0;1;1;0;0;0;0;363388,9396;5638533,006;7,057963938;50,8823009
34417;5,21E+18;5;3;15;0;2021;12;16;7;3;3;6;1;0;0;1;0;0;1;0;362982,6935;5644274,062;7,050037109;50,93380207
34433;5,21E+18;5;3;15;0;2021;4;16;6;3;5;3;0;0;1;1;0;0;0;0;366826,6198;5636933,719;7,107386939;50,86872945
34442;5,21E+18;5;3;15;0;2021;11;12;4;3;0;3;0;0;1;1;0;0;0;0;362028,3076;5648048,753;7,03503285;50,96749877
34443;5,21E+18;5;3;15;0;2021;2;15;5;2;4;6;0;0;1;0;0;0;0;0;363137,515;5642229,957;7,053006338;50,91546761
34444;5,21E+18;5;3;15;0;2021;2;18;6;2;5;3;1;0;0;1;0;0;0;0;359586,376;5650553,89;6,999310139;50,98942252
34450;5,21E+18;5;3;15;0;2021;10;15;7;3;0;3;0;0;0;1;0;0;0;0;363517,1195;5646022,179;7,056983145;50,94963985
34452;5,21E+18;5;3;15;0;2021;9;12;3;3;5;2;0;0;1;0;0;0;0;1;358376,927;5644757,2;6,984345002;50,93703147
34455;5,21E+18;5;3;15;0;2021;6;13;4;3;0;5;0;0;1;1;0;0;0;0;361054,0163;5640857,947;7,023907725;50,9026391
34464;5,21E+18;5;3;15;0;2021;10;12;1;3;4;1;0;0;0;1;0;0;0;0;360544,128;5648755,575;7,013637917;50,97349369
34466;5,21E+18;5;3;15;0;2021;10;7;6;3;6;2;0;0;0;1;1;0;0;0;360010,9809;5648018,927;7,006332406;50,96674402
34472;5,21E+18;5;3;15;0;2021;10;18;2;3;0;3;2;1;0;1;0;1;0;0;365990,0345;5635843,988;7,095903794;50,85874189
34473;5,21E+18;5;3;15;0;2021;12;11;6;3;3;3;0;1;1;0;0;0;0;1;364560,508;5645615,876;7,071979272;50,94623432
34476;5,21E+18;5;3;15;0;2021;10;13;5;3;0;1;0;0;1;0;0;0;0;0;358654,2787;5642615,452;6,989120171;50,91785149
34481;5,21E+18;5;3;15;0;2021;11;14;6;2;0;7;0;1;1;0;0;0;0;0;363023,4926;5639336,873;7,052470705;50,88943911
34482;5,21E+18;5;3;15;0;2021;5;14;1;2;6;4;0;0;0;0;1;0;0;1;359822,025;5647469,4;7,003854854;50,96175942
34483;5,21E+18;5;3;15;0;2021;2;10;6;3;5;3;0;0;0;1;0;0;0;1;362290,664;5651451,333;7,037477616;50,99814139
34490;5,21E+18;5;3;15;0;2021;3;7;3;3;2;6;0;1;0;1;0;0;0;0;362522,5234;5645047,173;7,043200574;50,94064078
34495;5,21E+18;5;3;15;0;2021;9;8;5;3;4;6;0;0;1;0;0;0;0;0;360147,8721;5648154,814;7,00822845;50,9679985
34500;5,21E+18;5;3;15;0;2021;6;11;2;3;0;2;0;0;1;1;0;0;0;0;363761,2677;5648804,667;7,059414922;50,97470494
34504;5,21E+18;5;3;15;0;2021;10;20;5;2;0;6;2;0;1;0;0;1;0;0;360324,3763;5644649,454;7,012085477;50,93653812
34506;5,21E+18;5;3;15;0;2021;1;23;6;3;1;6;2;1;0;1;0;1;0;0;359902,4497;5649168,963;7,004344696;50,97705311
34519;5,21E+18;5;3;15;0;2021;9;10;5;2;0;5;0;0;0;0;1;0;0;1;358821,028;5642413,889;6,991568907;50,91608084
34524;5,21E+18;5;3;15;0;2021;7;20;1;3;2;2;0;0;1;1;0;0;0;0;360265,5498;5644965,895;7,011127417;50,93936778
34531;5,21E+18;5;3;15;0;2021;6;16;4;3;5;2;0;0;1;1;0;0;0;0;361598,9392;5649984,642;7,028184774;50,98479402
34533;5,21E+18;5;3;15;0;2021;6;23;7;3;9;1;2;0;0;1;0;0;0;0;360729,925;5650846,697;7,015481289;50,99233184
34543;5,21E+18;5;3;15;0;2021;9;14;1;3;2;6;0;0;0;1;0;0;0;0;362111,292;5646377,308;7,036847306;50,95249691
34545;5,21E+18;5;3;15;0;2021;11;18;2;3;5;2;2;1;0;1;0;0;1;0;366463,43;5640385,399;7,10096725;50,89966846
34547;5,21E+18;5;3;15;0;2021;7;15;6;3;1;5;0;0;0;1;0;0;0;1;364818,6871;5638361,736;7,078340008;50,88109787
34550;5,21E+18;5;3;15;0;2021;2;16;6;3;6;4;0;0;0;1;1;0;0;0;363553,1929;5648836,556;7,05644096;50,97494227
34556;5,21E+18;5;3;15;0;2021;6;13;4;3;2;6;0;0;0;1;0;0;1;0;361662,8722;5645039,44;7,030975282;50,94036568
34559;5,21E+18;5;3;15;0;2021;11;16;6;3;2;6;1;0;0;1;0;0;0;0;360193,8333;5644950,307;7,0101133;50,9392103
34566;5,21E+18;5;3;15;0;2021;7;8;3;3;2;6;0;1;0;1;0;0;0;0;362287,445;5645593,811;7,039649985;50,9454975
34570;5,21E+18;5;3;15;0;2021;10;22;2;3;5;3;2;0;0;1;0;0;0;1;359936,054;5647697,001;7,005389965;50,96383263
34573;5,21E+18;5;3;15;0;2021;1;16;4;3;5;2;0;0;1;1;0;0;0;0;359504,2327;5644798,062;7,000363171;50,93767445
34576;5,21E+18;5;3;15;0;2021;11;18;4;3;2;6;2;0;0;1;0;0;0;0;364540,453;5640393,768;7,07363376;50,89929577
34580;5,21E+18;5;3;15;0;2021;9;12;4;3;5;3;0;0;1;1;0;0;0;0;358955,3623;5644592,099;6,992636093;50,93568946
34581;5,21E+18;5;3;15;0;2021;6;7;6;3;5;2;0;0;0;1;0;1;0;0;362006,0966;5648042,216;7,034719204;50,96743471
34585;5,21E+18;5;3;15;0;2021;9;15;4;3;5;2;0;0;0;1;0;0;0;1;366283,1262;5635851,593;7,100062993;50,85887809
34586;5,21E+18;5;3;15;0;2021;6;14;6;3;2;6;0;0;0;1;0;0;0;0;365547,1281;5646125,272;7,085827593;50,9510435
34591;5,21E+18;5;3;15;0;2021;6;22;5;3;5;2;2;1;0;1;0;0;0;1;363308,9248;5641896,955;7,055568055;50,91251539
34594;5,21E+18;5;3;15;0;2021;9;17;4;3;0;1;0;0;0;0;0;0;0;1;362663,6667;5648235,995;7,044005163;50,9693334
34595;5,21E+18;5;3;15;0;2021;9;7;4;2;0;7;0;1;0;0;0;1;0;0;361595,823;5644071,78;7,030389073;50,93165296
34605;5,21E+18;5;3;15;0;2021;7;12;7;3;9;6;0;0;0;1;0;0;0;0;360560,3443;5642216,917;7,016371988;50,91473349
34616;5,21E+18;5;3;15;0;2021;7;22;6;3;9;1;2;0;0;0;0;1;0;0;370604,226;5637147,538;7,160967323;50,87150922
34623;5,21E+18;5;3;15;0;2021;9;14;5;3;3;6;0;0;0;1;0;0;1;1;362217,1534;5645780,209;7,038579483;50,94715592
34626;5,21E+18;5;3;15;0;2021;12;2;7;3;8;1;2;0;0;1;0;0;0;0;364278,2668;5648043,653;7,067058588;50,96798745
34630;5,21E+18;5;3;15;0;2021;5;13;4;2;3;6;0;0;0;1;0;0;1;0;361631,1655;5648623,964;7,029161556;50,97257306
34631;5,21E+18;5;3;15;0;2021;11;5;1;3;2;6;2;1;0;1;0;0;0;1;361027,3675;5647755,22;7,02089885;50,96462013
34635;5,21E+18;5;3;15;0;2021;6;1;5;2;9;7;2;0;0;1;0;0;0;0;359593,6657;5644807,236;7,001631683;50,93777868
34643;5,21E+18;5;3;15;0;2021;9;10;5;3;5;3;0;0;1;1;0;0;0;0;362263,6919;5651372,113;7,037123522;50,99742297
34646;5,21E+18;5;3;15;0;2021;2;12;5;3;2;6;0;0;0;1;0;0;0;0;362483,3406;5645128,398;7,042612548;50,94136143
34658;5,21E+18;5;3;15;0;2021;9;16;5;3;0;7;0;0;0;0;0;0;0;1;360489,3535;5646571,591;7,013695699;50,95385264
34660;5,21E+18;5;3;15;0;2021;9;12;3;3;0;1;0;0;1;0;0;0;0;0;359991,9701;5647881,631;7,006114679;50,96550551
34669;5,21E+18;5;3;15;0;2021;11;12;7;3;0;7;0;0;0;1;1;0;0;0;358738,9012;5644704,606;6,989513805;50,93664758
34673;5,21E+18;5;3;15;0;2021;10;19;4;3;5;2;1;0;1;1;0;0;0;0;361957,34;5648027,867;7,034030705;50,96729407
34682;5,21E+18;5;3;15;0;2021;2;14;7;3;2;6;0;0;0;1;0;0;0;0;362477,0129;5645142,105;7,042517363;50,94148311
34683;5,21E+18;5;3;15;0;2021;11;13;2;3;2;6;0;0;0;1;0;0;0;1;361432,84;5642480,449;7,028675883;50,91731207
34686;5,21E+18;5;3;15;0;2021;10;16;1;2;3;6;0;0;0;1;0;0;0;0;360047,156;5645861,375;7,007676907;50,94736263
34691;5,21E+18;5;3;15;0;2021;1;13;5;3;5;2;0;1;1;1;0;0;0;0;363775,7331;5645489,282;7,060861946;50,94491165
34698;5,21E+18;5;3;15;0;2021;9;18;5;2;5;2;1;1;1;1;0;0;0;0;359872,138;5649177,312;7,003909975;50,97712077
34718;5,21E+18;5;3;15;0;2021;9;18;1;3;0;1;1;0;0;0;0;0;0;1;364533,4479;5638374,122;7,074283066;50,88114238
34724;5,21E+18;5;3;15;0;2021;3;12;7;3;2;6;0;0;0;1;0;0;0;0;361505,9626;5647597,646;7,027770153;50,96331924
34731;5,21E+18;5;3;15;0;2021;11;16;6;3;0;3;1;0;1;1;0;0;0;0;365158,0801;5636341,51;7,083906594;50,86302006
34735;5,21E+18;5;3;15;0;2021;11;17;3;3;5;2;2;1;0;1;0;0;0;1;359081,3562;5644744,976;6,994368956;50,93709418
34736;5,21E+18;5;3;15;0;2021;7;16;5;3;5;2;0;1;0;1;0;0;0;0;362053,0601;5645040,671;7,036525071;50,94047022
34737;5,21E+18;5;3;15;0;2021;6;16;1;3;5;3;0;0;0;1;0;0;0;0;362360,6523;5643770,549;7,041380182;50,92912871
34745;5,21E+18;5;3;15;0;2021;1;16;6;3;8;1;2;1;0;1;0;0;0;0;358615,312;5645667,971;6,987382105;50,9452751
34749;5,21E+18;5;3;15;0;2021;11;7;3;3;5;3;0;0;1;1;0;0;0;0;361632,8755;5644068,418;7,030917306;50,93163163
34760;5,21E+18;5;3;15;0;2021;5;15;2;3;5;2;0;0;1;1;0;0;0;0;360754,611;5644300,428;7,018338177;50,93350539
34765;5,21E+18;5;3;15;0;2021;3;16;3;3;2;1;0;0;0;1;0;1;0;0;365770,2998;5635826,625;7,092789882;50,85853487
34767;5,21E+18;5;3;15;0;2021;5;22;2;2;2;1;2;0;0;1;0;0;0;0;359401,4495;5641485,727;7,000178304;50,907881
34769;5,21E+18;5;3;15;0;2021;10;18;2;3;0;3;1;0;1;0;0;0;0;0;365150,706;5637706,188;7,08329877;50,87528362
34788;5,21E+18;5;3;15;0;2021;4;9;3;3;0;7;0;0;0;1;0;0;0;1;362322,7012;5636655,224;7,043522868;50,86517135
34790;5,21E+18;5;3;15;0;2021;1;7;5;3;6;2;2;1;0;1;1;0;0;0;360998,4585;5644263,667;7,021820284;50,93323383
34792;5,21E+18;5;3;15;0;2021;1;15;2;3;3;6;0;0;0;1;0;0;1;0;361178,2504;5642332,858;7,02511243;50,91592445
34803;5,21E+18;5;3;15;0;2021;4;16;5;3;0;2;0;0;1;0;0;1;0;0;359663,2851;5644819,404;7,002617228;50,93790499
34816;5,21E+18;5;3;15;0;2021;9;14;2;3;5;3;0;0;0;1;0;0;0;0;361872,678;5648002,997;7,032835174;50,96705026
34817;5,21E+18;5;3;15;0;2021;1;8;5;3;6;7;0;1;0;1;1;0;0;0;362889,0406;5636596,145;7,051588048;50,86477497
34819;5,21E+18;5;3;15;0;2021;12;17;4;3;4;2;2;1;1;1;0;0;0;0;364872,984;5645483,643;7,076473838;50,9451192
34822;5,21E+18;5;3;15;0;2021;10;18;5;3;0;6;1;0;0;1;0;1;0;0;363181,4934;5638303,475;7,05510265;50,88018891
34830;5,21E+18;5;3;15;0;2021;9;17;6;3;2;6;0;0;0;1;0;0;0;0;366048,4161;5636131,739;7,096627505;50,86134165
34831;5,21E+18;5;3;15;0;2021;9;8;4;3;2;6;0;0;0;1;0;0;0;0;365350,1781;5640154,609;7,085230127;50,89733568
34836;5,21E+18;5;3;15;0;2021;6;7;6;2;0;1;0;0;1;0;0;0;0;0;359280,7783;5647739,731;6,996047937;50,96405697
34837;5,21E+18;5;3;15;0;2021;4;7;7;3;8;1;1;0;0;1;0;0;0;0;362129,9131;5646363,038;7,037117657;50,95237312
34847;5,21E+18;5;3;15;0;2021;9;12;6;3;2;6;0;1;0;1;0;0;1;0;363477,3303;5640211,874;7,058592365;50,89741063
34851;5,21E+18;5;3;15;0;2021;5;10;2;3;1;3;0;1;0;1;0;0;0;1;358690,4417;5639631,437;6,9907894;50,89104267
34852;5,21E+18;5;3;15;0;2021;9;13;2;3;2;6;0;0;0;1;0;0;1;0;361755,8834;5647938,946;7,031197215;50,96644661
34864;5,21E+18;5;3;15;0;2021;11;16;6;3;1;6;2;1;0;1;0;0;0;0;361519,7607;5646970,533;7,028205174;50,95768654
34865;5,21E+18;5;3;15;0;2021;6;2;1;3;6;7;2;0;0;1;1;0;0;0;360841,335;5646048,066;7,018903987;50,94923272
34878;5,21E+18;5;3;15;0;2021;2;16;7;3;0;1;0;0;1;0;0;0;0;0;362111,1732;5651588,223;7,034869281;50,99932867
34880;5,21E+18;5;3;15;0;2021;7;10;3;3;5;3;0;1;1;1;0;0;0;0;366281,091;5635851,551;7,100034108;50,85887725
34889;5,21E+18;5;3;15;0;2021;11;17;4;3;0;6;2;0;1;0;1;0;0;0;361712,4699;5650431,119;7,029631305;50,98883387
34915;5,21E+18;5;3;15;0;2021;9;18;2;2;0;3;0;0;0;1;0;1;0;0;364540,9081;5638373,703;7,074389208;50,88114037
34937;5,21E+18;5;3;15;0;2021;4;15;7;3;0;3;0;0;1;1;0;0;0;0;366461,7343;5640390,759;7,10094119;50,89971624
34948;5,21E+18;5;3;15;0;2021;4;17;5;3;5;3;0;0;1;0;0;1;0;0;368165,2524;5639205,032;7,125581094;50,88945057
34956;5,21E+18;5;3;15;0;2021;3;10;4;3;2;6;0;0;0;1;0;0;0;0;362260,2244;5645692,103;7,039225565;50,94637438
34959;5,21E+18;5;3;15;0;2021;7;16;4;3;3;6;0;0;1;1;0;0;0;0;367897,7414;5641772,867;7,120850763;50,91246868
34962;5,21E+18;5;3;15;0;2021;6;17;5;3;1;5;0;0;1;1;0;0;0;0;365820,1059;5638405,549;7,092551059;50,88172507
34964;5,21E+18;5;3;15;0;2021;6;0;3;2;8;1;2;0;0;1;0;0;0;0;359445,5455;5643370,454;7,000078942;50,92483007
34973;5,21E+18;5;3;15;0;2021;11;11;2;3;3;6;0;1;0;1;0;0;1;0;361763,1952;5642535,959;7,033351678;50,91789019
34975;5,21E+18;5;3;15;0;2021;12;10;7;3;2;6;0;1;0;1;0;0;1;0;362234,358;5645967,315;7,038753461;50,9488416
34977;5,21E+18;5;3;15;0;2021;9;15;2;3;2;6;0;0;0;1;0;0;0;1;366469,326;5642230,296;7,100376069;50,9162512
34997;5,21E+18;5;3;15;0;2021;6;0;1;3;0;7;2;0;0;0;0;0;0;1;360645,1068;5644314,455;7,016775409;50,93360501
35005;5,21E+18;5;3;15;0;2021;12;17;1;3;5;2;2;0;0;1;0;0;0;0;367002,559;5642331,806;7,107920468;50,91728668
35016;5,21E+18;5;3;15;0;2021;11;17;3;3;5;3;2;1;0;1;0;0;0;0;360773,148;5649063,972;7,016779815;50,97632071
35023;5,21E+18;5;3;15;0;2021;3;22;4;3;0;5;2;0;0;0;1;0;0;1;360931,1364;5644271,672;7,020859756;50,93328955
35025;5,21E+18;5;3;15;0;2021;10;19;1;2;0;1;2;0;1;0;0;0;0;0;360069,7128;5647642,438;7,007313115;50,96337474
35026;5,21E+18;5;3;15;0;2021;9;21;7;3;0;4;2;0;0;0;1;0;0;1;359654,4843;5644817,564;7,002492758;50,9378863
35039;5,21E+18;5;3;15;0;2021;12;9;1;2;0;1;0;1;0;0;0;0;0;1;364844,7173;5639829,291;7,078166989;50,89429377
35060;5,21E+18;5;3;15;0;2021;6;16;3;3;2;2;0;0;0;1;0;1;0;0;362244,4225;5643840,253;7,039700914;50,92972742
35062;5,21E+18;5;3;15;0;2021;9;17;2;3;2;1;0;0;0;1;0;0;0;1;360476,154;5645013,887;7,014104689;50,93985009
35068;5,21E+18;5;3;15;0;2021;10;13;6;3;1;6;0;0;0;1;0;0;0;0;359608,3938;5646908,407;7,001031129;50,95666571
35070;5,21E+18;5;3;15;0;2021;12;17;4;3;9;7;2;1;0;1;0;0;0;0;365102,114;5638403,872;7,082351078;50,88154281
35076;5,21E+18;5;3;15;0;2021;5;21;2;3;5;3;1;0;0;1;0;0;0;0;362368,3927;5643754,168;7,041496443;50,92898334
35077;5,21E+18;5;3;15;0;2021;2;8;5;3;0;6;1;0;0;1;0;0;1;0;359586,376;5650553,89;6,999310139;50,98942252
35086;5,21E+18;5;3;15;0;2021;12;18;1;3;2;6;2;0;0;1;0;0;0;0;362703,1085;5644691,135;7,045903523;50,93748397
35087;5,21E+18;5;3;15;0;2021;3;22;5;2;3;6;2;0;0;1;0;0;1;0;361693,5078;5648329,928;7,030160785;50,96994548
35088;5,21E+18;5;3;15;0;2021;6;12;4;2;5;3;0;0;1;1;0;0;0;0;360963,104;5640902,583;7,022598593;50,90301837
35110;5,21E+18;5;3;15;0;2021;11;6;6;3;7;7;2;0;1;0;0;0;0;1;358662,0449;5642601,174;6,989236117;50,91772507
35114;5,21E+18;5;3;15;0;2021;1;10;4;3;0;6;0;0;0;1;0;0;1;0;361944,8755;5647055,378;7,034222306;50,95855107
35116;5,21E+18;5;3;15;0;2021;10;11;6;3;2;6;0;0;0;1;0;1;0;0;362205,2992;5645074,732;7,038677733;50,94081274
35123;5,21E+18;5;3;15;0;2021;5;9;5;3;2;6;0;0;0;1;0;0;0;0;362567,3149;5644958,977;7,043870993;50,93985882
35124;5,21E+18;5;3;15;0;2021;9;13;4;3;1;6;0;1;0;1;0;0;0;0;361484,303;5645277,003;7,028344889;50,94245785
35125;5,21E+18;5;3;15;0;2021;1;11;6;3;1;1;0;0;0;1;0;0;0;0;361030,192;5644263,331;7,022271735;50,93323846
35133;5,21E+18;5;3;15;0;2021;3;6;2;3;2;1;1;0;0;1;0;0;0;0;363532,7624;5641450,722;7,058917066;50,90855786
35141;5,21E+18;5;3;15;0;2021;9;4;3;3;9;1;2;0;0;1;0;0;0;0;365664,5379;5639775,662;7,089837161;50,89400305
35146;5,21E+18;5;3;15;0;2021;10;14;6;3;0;2;0;0;1;1;0;0;0;0;364232,0944;5638482,746;7,069961441;50,88204792
35152;5,21E+18;5;3;15;0;2021;9;13;6;3;5;3;0;0;1;1;0;0;0;0;360494,3405;5646655,141;7,013734637;50,95460473
35154;5,21E+18;5;3;15;0;2021;4;19;2;3;5;2;0;0;1;1;0;0;0;0;360012,868;5648032,983;7,006353855;50,9668708
35166;5,21E+18;5;3;15;0;2021;1;20;7;3;3;6;2;2;0;1;0;0;0;0;359000,0284;5645992,62;6,992729266;50,94828696
35168;5,21E+18;5;3;15;0;2021;6;0;1;3;2;6;2;1;0;1;0;1;0;0;363110,736;5639252,7;7,053741901;50,88870329
35169;5,21E+18;5;3;15;0;2021;4;15;7;3;5;3;0;0;1;1;0;0;0;0;362103,0431;5644277,53;7,037524871;50,93362359
35187;5,21E+18;5;3;15;0;2021;3;14;2;3;5;7;0;0;0;1;0;0;0;0;363527,1445;5641461,607;7,058833137;50,90865435
35194;5,21E+18;5;3;15;0;2021;6;20;5;3;6;4;0;0;0;1;1;0;0;0;359926,5623;5650633,658;7,004123391;50,99022229
35218;5,21E+18;5;3;15;0;2021;12;15;4;3;4;2;0;0;0;1;0;0;0;1;361463,4496;5645403,743;7,028000042;50,94359188
35223;5,21E+18;5;3;15;0;2021;12;18;6;3;1;5;2;1;1;1;0;0;0;0;359590,334;5644806,894;7,001584427;50,9377748
35232;5,21E+18;5;3;15;0;2021;11;9;4;3;3;6;0;0;0;0;0;0;1;1;366599,3364;5642196,499;7,102236886;50,91597751
35239;5,21E+18;5;3;15;0;2021;3;13;2;3;6;6;0;0;1;0;1;0;0;0;358471,6333;5644699,852;6,985714295;50,93653934
35241;5,21E+18;5;3;15;0;2021;4;18;3;3;2;6;0;1;0;1;0;0;0;0;362977,638;5650841,542;7,047491796;50,99282503
35242;5,21E+18;5;3;15;0;2021;12;17;3;3;5;3;2;0;1;0;0;0;0;0;358620,596;5640331,049;6,989526163;50,89731308
35251;5,21E+18;5;3;15;0;2021;3;23;7;3;2;6;2;0;0;1;0;0;0;0;363971,303;5642280,319;7,0648417;50,91611737
35256;5,21E+18;5;3;15;0;2021;3;12;7;3;2;6;0;0;0;1;0;0;0;0;360968,0603;5649244,404;7,019485468;50,97798938
35259;5,21E+18;5;3;15;0;2021;9;14;6;3;6;4;0;0;0;0;1;0;0;1;360011,7674;5647351,851;7,006600274;50,96074913
35264;5,21E+18;5;3;15;0;2021;6;8;3;3;1;2;0;0;1;1;0;0;0;0;365117,1352;5638334,287;7,082590162;50,88092091
35269;5,21E+18;5;3;15;0;2021;4;18;7;3;0;3;0;1;0;1;0;0;0;0;362011,7345;5648043,875;7,034798818;50,96745097
35270;5,21E+18;5;3;15;0;2021;6;16;6;3;5;3;0;0;1;1;0;0;0;0;363026,725;5638035,488;7,053004356;50,8777437
35280;5,21E+18;5;3;15;0;2021;9;15;2;3;6;4;0;0;0;1;1;0;0;0;362705,9267;5645193,243;7,045754386;50,94199726
35287;5,21E+18;5;3;15;0;2021;5;15;5;3;9;1;0;0;0;0;0;1;0;0;363749,5744;5641368,739;7,062029675;50,90787225
35290;5,21E+18;5;3;15;0;2021;9;16;3;3;5;2;0;0;0;1;0;0;0;1;360757,337;5644299,982;7,018377118;50,93350205
35291;5,21E+18;5;3;15;0;2021;11;16;4;2;1;5;2;0;0;1;0;1;0;0;360477,7356;5646803,263;7,013441594;50,95593191
35298;5,21E+18;5;3;15;0;2021;11;14;5;2;2;6;0;0;0;1;0;0;0;1;365966,951;5634045,072;7,09623448;50,84256831
35307;5,21E+18;5;3;15;0;2021;12;11;4;3;6;7;0;0;0;0;1;0;0;1;363260,3561;5648538,488;7,052384435;50,97219397
35308;5,21E+18;5;3;15;0;2021;12;0;5;3;2;6;2;0;0;1;0;0;0;0;362146,6559;5642631,003;7,038767704;50,91883611
35317;5,21E+18;5;3;15;0;2021;7;21;5;3;4;2;1;1;0;1;0;1;0;0;360996,863;5644263,654;7,021797598;50,93323334
35325;5,21E+18;5;3;15;0;2021;12;19;5;3;3;2;2;0;1;1;0;0;0;0;363760,8487;5648804,443;7,059409042;50,97470282
35332;5,21E+18;5;3;15;0;2021;4;20;1;3;2;7;2;1;0;1;0;0;0;0;359917,2116;5650633,068;7,00399047;50,9902147
35333;5,21E+18;5;3;15;0;2021;11;6;2;3;5;2;2;0;1;1;0;0;0;0;359731,3649;5647237,441;7,0026541;50,95965272
35338;5,21E+18;5;3;15;0;2021;3;6;7;3;0;7;2;0;1;0;0;0;0;0;359509,0713;5646712,61;6,999693418;50,95488186
35345;5,21E+18;5;3;15;0;2021;4;15;3;3;3;6;0;0;0;1;0;0;1;0;362715,6749;5644697,291;7,046079945;50,93754229
35350;5,21E+18;5;3;15;0;2021;3;8;6;3;2;2;0;0;0;1;0;1;0;0;360623,8064;5646336,442;7,015698792;50,95177185
35365;5,21E+18;5;3;15;0;2021;9;12;2;2;5;3;0;0;1;1;0;0;0;0;365144,4586;5636354,179;7,083708479;50,86313075
35371;5,21E+18;5;3;15;0;2021;9;9;3;3;2;6;0;0;0;1;0;0;0;0;362334,7425;5643823,854;7,040991582;50,92960159
35379;5,21E+18;5;3;15;0;2021;12;19;2;3;3;6;2;1;0;1;0;0;0;0;358472,6731;5645933,964;6,985249605;50,94763059
35381;5,21E+18;5;3;15;0;2021;1;17;5;3;2;6;2;1;0;1;0;0;0;0;362611,1564;5644879,386;7,04452463;50,93915395
35385;5,21E+18;5;3;15;0;2021;3;14;4;2;5;3;0;0;0;1;0;0;0;0;361452,9871;5647190,311;7,02717133;50,95964569
35397;5,21E+18;5;3;15;0;2021;5;14;7;3;3;7;0;0;0;1;0;0;0;0;361809,0559;5647984,085;7,031936844;50,96686504
35408;5,21E+18;5;3;15;0;2021;11;15;7;3;4;6;0;0;0;1;0;0;0;0;361490,7248;5646503,912;7,027969564;50,95348593
35419;5,21E+18;5;3;15;0;2021;12;12;2;3;0;1;0;1;0;0;0;1;0;0;362171,1913;5648091,395;7,037050338;50,96791621
35420;5,21E+18;5;3;15;0;2021;11;11;4;3;5;3;0;1;1;1;0;0;0;0;362326,161;5643840,88;7,040863111;50,92975257
35425;5,21E+18;5;3;15;0;2021;11;19;3;2;6;4;2;1;0;1;1;0;0;0;365098,412;5638452,612;7,082280496;50,88198001
35431;5,21E+18;5;3;15;0;2021;12;17;6;2;6;2;2;1;0;1;1;0;0;0;361554,8424;5640508,131;7,031158623;50,89961549
35436;5,21E+18;5;3;15;0;2021;11;22;6;3;5;2;2;1;0;1;0;0;0;0;364540,453;5640393,768;7,07363376;50,89929577