OBJECTID;UIDENTSTLAE;ULAND;UREGBEZ;UKREIS;UGEMEINDE;UJAHR;UMONAT;USTUNDE;UWOCHENTAG;UKATEGORIE;UART;UTYP1;ULICHTVERH;USTRZUSTAND;IstRad;IstPKW;IstFuss;IstKrad;IstGkfz;IstSonstige;LINREFX;LINREFY;XGCSWGS84;YGCSWGS84
35442;5,21E+18;5;3;15;0;2021;4;17;4;3;2;6;0;0;0;1;0;0;0;1;362254,6711;5643978,843;7,039794292;50,93097542
35446;5,21E+18;5;3;15;0;2021;9;19;4;3;0;1;1;0;0;0;0;1;0;0;360045,0703;5648167,661;7,006760353;50,96808899
35447;5,21E+18;5;3;15;0;2021;4;17;7;2;0;7;0;0;0;0;0;1;0;0;367016,9262;5644568,171;7,107308993;50,93738978
35457;5,21E+18;5;3;15;0;2021;10;15;7;3;2;6;0;0;0;1;0;0;0;0;363138,9763;5641358,271;7,05335405;50,90763373
35458;5,21E+18;5;3;15;0;2021;11;11;3;2;4;2;0;1;0;1;0;0;0;0;359586,3339;5650555,382;6,999308962;50,98943592
35468;5,21E+18;5;3;15;0;2021;2;19;5;3;6;7;2;0;0;1;1;0;0;0;362385,3193;5636986,701;7,044287466;50,86816539
35469;5,21E+18;5;3;15;0;2021;5;18;3;3;0;7;0;0;0;1;0;0;0;0;361330,9134;5635943,609;7,029707499;50,85853876
35482;5,21E+18;5;3;15;0;2021;4;8;4;3;5;3;0;0;1;1;0;0;0;0;359994,5959;5647898,55;7,006145539;50,9656582
35497;5,21E+18;5;3;15;0;2021;6;16;4;3;3;6;0;0;0;1;0;1;0;0;362222,285;5648105,703;7,037772134;50,96805704
35499;5,21E+18;5;3;15;0;2021;12;9;2;2;2;6;0;0;1;0;0;0;0;0;364872,984;5645483,643;7,076473838;50,9451192
35512;5,21E+18;5;3;15;0;2021;1;9;7;3;5;3;0;0;0;1;0;0;0;0;365228,5121;5635614,287;7,085174627;50,85650043
35519;5,21E+18;5;3;15;0;2021;6;15;3;3;1;3;0;0;1;1;0;0;0;0;362329,6609;5640142,582;7,042308302;50,89651541
35523;5,21E+18;5;3;15;0;2021;9;7;3;3;6;3;0;0;0;1;1;0;0;0;365608,9479;5640140,227;7,088913031;50,8972667
35540;5,21E+18;5;3;15;0;2021;9;16;7;3;6;4;0;0;0;1;1;0;0;0;360239,6598;5644774,899;7,010832421;50,937645
35553;5,21E+18;5;3;15;0;2021;10;10;6;3;5;3;0;0;0;1;0;1;0;0;366946,9302;5642149,933;7,107195865;50,91563924
35560;5,21E+18;5;3;15;0;2021;10;14;2;2;8;1;0;0;0;1;0;0;0;0;359319,8467;5652304,708;6,994836675;51,00509203
35567;5,21E+18;5;3;15;0;2021;10;22;3;3;1;6;2;0;0;1;0;0;0;1;365022,3158;5638856,207;7,081050329;50,8855896
35568;5,21E+18;5;3;15;0;2021;11;7;3;2;2;6;1;1;0;1;0;0;0;1;363397,2537;5641340,907;7,057031904;50,90753885
35573;5,21E+18;5;3;15;0;2021;11;8;1;3;0;1;0;0;0;1;0;0;0;0;361609,442;5644084,334;7,030577994;50,93176905
35574;5,21E+18;5;3;15;0;2021;10;19;6;3;4;6;1;0;1;0;0;0;0;0;361068,407;5644251,824;7,022819627;50,93314425
35587;5,21E+18;5;3;15;0;2021;12;18;7;3;2;6;2;1;0;1;0;0;0;0;359840,2741;5641894,62;7,006258898;50,91166252
35603;5,21E+18;5;3;15;0;2021;5;11;6;3;5;2;0;0;0;1;0;0;0;1;366262,1043;5633714,791;7,100544851;50,83966812
35605;5,21E+18;5;3;15;0;2021;6;12;7;2;4;2;0;0;0;1;0;1;0;0;364814,0238;5639667,007;7,077790867;50,89282804
35612;5,21E+18;5;3;15;0;2021;3;11;5;3;5;2;0;0;1;1;0;0;0;0;361580,787;5644073,052;7,030174749;50,93166078
35626;5,21E+18;5;3;15;0;2021;11;14;6;3;5;3;0;0;1;1;0;0;0;0;359839,546;5644858,482;7,005109252;50,93829905
35632;5,21E+18;5;3;15;0;2021;3;10;4;3;2;6;0;0;0;1;0;0;0;1;365973,842;5637400,265;7,095103734;50,87272554
35633;5,21E+18;5;3;15;0;2021;3;22;2;3;2;6;2;0;0;1;0;0;0;0;359821,879;5647480,673;7,003848433;50,9618607
35640;5,21E+18;5;3;15;0;2021;2;16;4;2;6;4;0;0;0;1;1;0;0;0;358862,8203;5642362,486;6,992182946;50,9156291
35643;5,21E+18;5;3;15;0;2021;3;14;3;3;0;7;0;0;0;1;0;0;0;0;360722,2276;5646192,684;7,017154112;50,95050366
35645;5,21E+18;5;3;15;0;2021;4;12;5;3;0;2;0;0;0;1;0;0;0;1;360752,316;5644300,726;7,018305423;50,93350752
35646;5,21E+18;5;3;15;0;2021;9;11;6;3;0;7;0;0;0;0;0;0;0;1;360487,7968;5646546,743;7,013683071;50,95362895
35648;5,21E+18;5;3;15;0;2021;4;17;4;3;2;2;0;0;0;1;0;1;0;0;359874,3318;5644866,308;7,005601025;50,93837784
35649;5,21E+18;5;3;15;0;2021;1;15;4;3;4;2;0;1;0;1;0;0;0;0;366947,0486;5642150,23;7,107197439;50,91564193
35674;5,21E+18;5;3;15;0;2021;11;5;3;3;6;2;2;1;0;1;1;0;0;0;360996,863;5644263,654;7,021797598;50,93323334
35676;5,21E+18;5;3;15;0;2021;9;14;1;3;2;6;0;0;0;1;0;1;0;0;361205,3107;5640766,616;7,026092791;50,90185467
35683;5,21E+18;5;3;15;0;2021;10;15;4;3;0;1;0;0;1;0;0;0;0;0;360773,148;5649063,972;7,016779815;50,97632071
35691;5,21E+18;5;3;15;0;2021;3;15;2;3;0;3;0;0;1;1;0;0;0;0;366166,4272;5643166,27;7,095726075;50,92459324
35699;5,21E+18;5;3;15;0;2021;11;11;3;3;3;2;0;1;0;1;0;0;0;0;361954,5197;5648027,036;7,03399088;50,96728593
35704;5,21E+18;5;3;15;0;2021;4;19;2;3;5;3;0;0;0;1;0;0;0;1;359600,015;5650180,787;6,999648527;50,98607276
35706;5,21E+18;5;3;15;0;2021;12;18;4;3;2;6;2;1;0;1;0;0;0;1;363244,6387;5643827,333;7,053930299;50,92984931
35714;5,21E+18;5;3;15;0;2021;10;15;3;3;0;5;0;1;1;1;0;0;0;1;359592,2162;5644807,087;7,001611123;50,93777699
35715;5,21E+18;5;3;15;0;2021;4;9;4;3;5;2;0;0;0;1;0;0;0;0;366043,0124;5634132,482;7,097282234;50,84337155
35716;5,21E+18;5;3;15;0;2021;3;3;3;3;8;7;2;0;0;1;0;0;0;0;365322,9664;5638850,842;7,08532404;50,88561154
35721;5,21E+18;5;3;15;0;2021;6;19;6;3;0;7;0;0;0;0;0;0;0;1;359328,617;5647725,422;6,996734284;50,96394006
35722;5,21E+18;5;3;15;0;2021;2;7;5;3;1;6;1;0;0;1;0;0;1;0;362072,8794;5646559,613;7,036231688;50,95412614
35747;5,21E+18;5;3;15;0;2021;12;8;3;3;5;3;1;2;1;1;0;0;0;0;364069,154;5648653,517;7,063854282;50,97341924
35756;5,21E+18;5;3;15;0;2021;6;8;3;3;5;5;0;0;0;1;0;0;0;0;366748,8418;5635868,979;7,106669989;50,85914186
35765;5,21E+18;5;3;15;0;2021;7;15;7;3;4;6;0;0;0;1;0;0;0;0;362296,964;5643897,224;7,040426604;50,93025199
35771;5,21E+18;5;3;15;0;2021;3;14;2;3;2;6;0;0;0;1;0;0;1;0;363496,5779;5646209,439;7,056620682;50,95131796
35775;5,21E+18;5;3;15;0;2021;10;16;1;2;5;3;0;0;1;0;0;0;0;0;361679,4784;5644724,297;7,031331142;50,93753738
35776;5,21E+18;5;3;15;0;2021;11;6;3;3;1;5;2;0;0;0;0;1;1;0;361125,8397;5643204,929;7,024035259;50,92374938
35777;5,21E+18;5;3;15;0;2021;6;7;3;2;2;6;0;0;0;1;0;0;1;0;368174,0332;5641048,181;7,125040522;50,9060185
35787;5,21E+18;5;3;15;0;2021;12;12;3;3;3;3;0;0;1;1;0;0;0;0;360438,5062;5644441,202;7,013788529;50,93469416
35789;5,21E+18;5;3;15;0;2021;2;13;2;3;5;3;0;0;1;1;0;0;0;0;359954,4494;5647762,371;7,005626595;50,96442458
35793;5,21E+18;5;3;15;0;2021;2;10;3;3;5;2;0;1;1;1;0;0;0;0;359502,978;5644797,933;7,000345375;50,93767299
35795;5,21E+18;5;3;15;0;2021;9;20;6;3;6;4;2;0;0;1;1;0;0;0;365136,9947;5637776,535;7,083078053;50,87591267
35801;5,21E+18;5;3;15;0;2021;2;16;5;3;5;3;0;0;1;1;0;0;0;0;358963,371;5644686,769;6,992713358;50,93654223
35803;5,21E+18;5;3;15;0;2021;6;8;2;2;3;3;0;0;0;1;0;0;1;1;363224,1465;5643883,027;7,05361797;50,93034499
35808;5,21E+18;5;3;15;0;2021;5;9;2;3;3;6;0;0;0;1;0;0;1;0;364807,5602;5642589,433;7,07661663;50,91909206
35813;5,21E+18;5;3;15;0;2021;6;11;6;3;2;6;0;0;0;1;0;0;0;1;362509,2496;5645038,971;7,043014853;50,9405639
35829;5,21E+18;5;3;15;0;2021;11;17;7;2;6;2;2;0;0;1;1;0;0;0;366606,6966;5635870,542;7,104650897;50,85912313
35830;5,21E+18;5;3;15;0;2021;10;11;2;2;2;6;0;0;0;1;0;0;0;1;365826,323;5642507,884;7,091131939;50,91859692
35833;5,21E+18;5;3;15;0;2021;7;15;5;3;0;3;0;1;1;1;0;0;0;0;366818,11;5636646,627;7,107370592;50,86614716
35839;5,21E+18;5;3;15;0;2021;5;14;7;3;2;6;0;0;0;1;0;0;0;0;358480,7537;5636973,345;6,988838876;50,86710269
35844;5,21E+18;5;3;15;0;2021;12;12;2;2;3;6;0;0;0;1;0;0;1;0;363035,8548;5644189,085;7,050825142;50,93305098
35845;5,21E+18;5;3;15;0;2021;1;8;2;3;9;6;0;0;0;1;0;0;0;0;360784,8924;5649837,971;7,016650559;50,98327959
35864;5,21E+18;5;3;15;0;2021;2;6;3;3;3;6;2;1;0;1;0;0;1;0;359115,4376;5641124,21;6,996252367;50,90456227
35868;5,21E+18;5;3;15;0;2021;9;18;4;3;5;2;0;0;0;1;0;0;0;1;365511,7194;5635761,895;7,089141792;50,85789302
35871;5,21E+18;5;3;15;0;2021;2;21;4;2;2;1;2;0;0;1;0;1;0;0;359604,405;5650306,766;6,999662356;50,987206
35881;5,21E+18;5;3;15;0;2021;3;15;7;2;2;6;0;0;0;1;0;0;0;0;361257,513;5646136,006;7,024791517;50,95012338
35882;5,21E+18;5;3;15;0;2021;12;7;2;3;5;3;2;1;1;1;0;0;0;0;360609,0807;5646330,028;7,015491731;50,95171065
35908;5,21E+18;5;3;15;0;2021;4;20;3;3;5;7;2;1;1;1;0;0;0;0;361558,2878;5647909,374;7,028396194;50,96613338
35914;5,21E+18;5;3;15;0;2021;6;8;3;3;2;6;0;0;0;0;0;0;1;0;366197,037;5642359,873;7,096457207;50,91735272
35920;5,21E+18;5;3;15;0;2021;5;11;5;3;0;3;0;0;1;1;0;0;0;0;359182,59;5644764,225;6,995801389;50,9372919
35934;5,21E+18;5;3;15;0;2021;10;14;4;3;2;6;0;0;0;1;0;0;0;0;358617,9835;5636993,635;6,990779956;50,86731862
35952;5,21E+18;5;3;15;0;2021;6;11;5;3;2;6;0;1;0;1;0;0;0;0;366925,44;5642126,578;7,106898844;50,91542437
35970;5,21E+18;5;3;15;0;2021;2;12;5;3;2;6;0;0;0;1;0;0;0;0;362714,2823;5644699,536;7,046059291;50,93756214
35971;5,21E+18;5;3;15;0;2021;9;12;4;3;1;6;0;1;0;0;0;0;0;1;361651,5466;5648525,482;7,029489134;50,97169289
35980;5,21E+18;5;3;15;0;2021;12;8;6;3;9;1;0;0;0;1;0;0;0;0;360843,8429;5649117,424;7,017765726;50,97681818
35983;5,21E+18;5;3;15;0;2021;10;15;2;3;6;4;0;0;0;1;1;0;0;0;359983,4253;5647385,165;7,00618413;50,96104164
35996;5,21E+18;5;3;15;0;2021;3;11;2;3;5;3;0;0;1;1;0;0;0;0;359226,9656;5652986,714;6,993249119;51,01119848
36047;5,21E+18;5;3;15;0;2021;3;16;7;3;2;6;0;0;0;1;0;0;0;0;361510,26;5647894,877;7,027718163;50,96599155
36048;5,21E+18;5;3;15;0;2021;12;21;6;2;0;1;2;0;0;1;0;0;0;0;360867,3572;5640986,847;7,021205624;50,9037526
36053;5,21E+18;5;3;15;0;2021;10;20;3;3;2;6;2;1;0;1;0;0;0;1;366063,0622;5635859,096;7,096935275;50,8588946
36060;5,21E+18;5;3;15;0;2021;4;19;3;3;1;6;0;0;0;1;0;0;0;0;362329,3466;5643834,732;7,040910736;50,92969808
36066;5,21E+18;5;3;15;0;2021;1;21;2;3;8;1;2;1;0;1;0;0;0;0;363432,8188;5641296,579;7,057554039;50,90714887
36072;5,21E+18;5;3;15;0;2021;2;17;4;3;5;3;0;0;0;1;0;0;0;0;362921,9873;5643818,668;7,049344973;50,92969485
36077;5,21E+18;5;3;15;0;2021;12;18;1;3;2;2;2;0;0;1;0;0;0;0;364802,2469;5649360,355;7,074026981;50,97994448
36080;5,21E+18;5;3;15;0;2021;10;11;6;3;0;1;0;0;1;0;0;0;0;0;364315,378;5643314,325;7,069348885;50,92549151
36105;5,21E+18;5;3;15;0;2021;5;21;2;3;1;6;2;0;0;1;0;0;0;0;365187,1974;5645580,621;7,080908065;50,94606436
36108;5,21E+18;5;3;15;0;2021;6;13;6;3;0;7;0;0;1;0;0;0;0;0;358379,894;5642924,04;6,985099351;50,92055751
36121;5,21E+18;5;3;15;0;2021;10;14;4;3;0;7;0;0;0;0;0;0;1;0;360494,8933;5646666,466;7,013738162;50,95470664
36123;5,21E+18;5;3;15;0;2021;4;15;3;3;3;2;0;0;0;1;0;1;1;0;360035,068;5649150,479;7,006239703;50,97691924
36132;5,21E+18;5;3;15;0;2021;2;15;1;3;1;5;0;0;1;1;0;0;0;0;358566,7677;5639659,002;6,989021426;50,89126013
36136;5,21E+18;5;3;15;0;2021;1;16;3;3;5;2;0;1;0;1;0;1;0;0;362070,64;5651601,917;7,034286781;50,99944203
36147;5,21E+18;5;3;15;0;2021;3;14;6;3;2;6;0;0;0;1;0;0;0;0;359052,5847;5641021,243;6,995398774;50,90362155
36156;5,21E+18;5;3;15;0;2021;6;5;2;3;5;2;0;0;0;1;0;0;0;0;363531,96;5646014,545;7,057197151;50,94957475
36160;5,21E+18;5;3;15;0;2021;6;10;7;2;2;6;0;0;0;1;0;0;0;0;361651,4846;5648525,768;7,029488143;50,97169544
36172;5,21E+18;5;3;15;0;2021;12;11;4;3;5;3;0;0;1;1;0;0;0;0;359954,9552;5647763,593;7,005633324;50,96443569
36175;5,21E+18;5;3;15;0;2021;9;18;6;3;0;1;0;0;0;0;0;1;0;0;369317,9022;5637903,005;7,142425717;50,87800994
36178;5,21E+18;5;3;15;0;2021;10;14;6;2;2;6;0;0;0;1;0;0;0;0;365961,1039;5634020,898;7,096160323;50,84234969
36182;5,21E+18;5;3;15;0;2021;12;11;3;3;1;6;0;0;0;1;0;0;0;1;358575,3655;5638835,048;6,989462494;50,88385725
36184;5,21E+18;5;3;15;0;2021;10;15;3;2;6;4;0;0;0;1;1;0;0;0;362838,9781;5643829,243;7,048160484;50,92977016
36187;5,21E+18;5;3;15;0;2021;1;13;3;3;5;3;0;1;0;1;0;0;1;0;362959,94;5642586,22;7,050347897;50,91862735
36188;5,21E+18;5;3;15;0;2021;2;17;3;3;0;1;1;0;1;0;0;0;0;0;362188,9864;5644107,745;7,038811404;50,93211822
36198;5,21E+18;5;3;15;0;2021;5;17;2;2;0;7;0;0;0;0;0;0;0;1;368031,3327;5641703,382;7,122775135;50,91187472
36209;5,21E+18;5;3;15;0;2021;7;14;5;3;2;6;0;0;0;1;0;0;0;0;360591,0939;5651682,253;7,013183537;50,99980744
36214;5,21E+18;5;3;15;0;2021;3;20;6;3;9;1;2;0;1;0;0;0;0;0;365042,5567;5642998,414;7,079806576;50,92282282
36223;5,21E+18;5;3;15;0;2021;6;10;6;3;5;2;0;0;1;1;0;0;0;0;362977,638;5650841,542;7,047491796;50,99282503
36227;5,21E+18;5;3;15;0;2021;10;18;6;3;0;5;2;0;1;1;0;0;0;1;359731,8865;5644833,779;7,003587449;50,93805086
36231;5,21E+18;5;3;15;0;2021;1;18;5;2;2;6;2;0;0;1;0;0;0;0;364763,292;5645954,221;7,074738563;50,9493228
36241;5,21E+18;5;3;15;0;2021;10;16;7;3;2;6;0;0;0;1;0;0;0;0;359355,831;5638656,131;7,000619447;50,88243981
36249;5,21E+18;5;3;15;0;2021;4;19;5;3;3;6;0;0;0;1;0;0;1;0;362328,3914;5645424,375;7,040296542;50,9439845
36252;5,21E+18;5;3;15;0;2021;11;13;7;2;5;2;0;0;0;1;0;0;0;0;364848,5891;5639532,755;7,078331724;50,89162953
36263;5,21E+18;5;3;15;0;2021;9;17;6;3;2;2;0;0;0;1;0;0;0;0;361443,336;5647376,585;7,026963064;50,96131745
36271;5,21E+18;5;3;15;0;2021;9;12;3;3;1;6;0;0;0;1;0;0;0;0;362285,9362;5645599,283;7,039626452;50,94554631
36278;5,21E+18;5;3;15;0;2021;12;21;5;3;0;1;2;1;1;0;0;0;0;0;359273,2302;5637344,444;6,999950815;50,87063129
36280;5,21E+18;5;3;15;0;2021;10;10;3;3;5;3;0;1;1;1;0;0;0;0;365095,9046;5638464,278;7,082240566;50,88208427
36284;5,21E+18;5;3;15;0;2021;12;19;2;3;6;2;2;1;0;1;1;0;0;0;358957,462;5642277,358;6,993561346;50,91488718
36286;5,21E+18;5;3;15;0;2021;7;8;5;3;5;3;0;0;1;1;0;0;0;0;363026,725;5638035,488;7,053004356;50,8777437
36287;5,21E+18;5;3;15;0;2021;5;14;3;3;0;3;0;1;0;1;0;1;0;0;359586,3225;5650555,785;6,999308644;50,98943954
36294;5,21E+18;5;3;15;0;2021;9;16;6;3;2;6;0;1;0;1;0;0;0;0;363310,0181;5641894,795;7,055584407;50,91249624
36298;5,21E+18;5;3;15;0;2021;3;7;4;3;3;3;0;0;0;1;0;0;1;0;361704,8609;5648186,214;7,030377025;50,96865662
36311;5,21E+18;5;3;15;0;2021;6;16;5;3;2;6;0;0;0;1;0;0;0;0;359873,8314;5647571,334;7,004552845;50,96268811
36312;5,21E+18;5;3;15;0;2021;5;12;4;3;3;2;0;0;1;1;0;0;0;0;366772,1396;5638234,195;7,106139324;50,88040529
36322;5,21E+18;5;3;15;0;2021;2;11;5;3;5;2;0;1;1;1;0;0;0;0;363027,2007;5651177,957;7,048070726;50,99586029
36323;5,21E+18;5;3;15;0;2021;1;13;4;3;5;3;0;0;0;1;0;0;0;1;358945,3156;5644595,653;6,992491826;50,93571894
36325;5,21E+18;5;3;15;0;2021;6;8;2;3;2;6;0;0;0;1;0;0;0;0;362936,8794;5641372,399;7,050475992;50,90771276
36331;5,21E+18;5;3;15;0;2021;4;20;5;3;2;6;2;0;0;1;0;0;0;0;363272,3361;5643725,037;7,054362567;50,92893649
36340;5,21E+18;5;3;15;0;2021;7;15;5;2;6;4;0;1;0;1;1;0;0;0;366170,3571;5638358,527;7,097544372;50,88138368
36346;5,21E+18;5;3;15;0;2021;2;4;2;2;9;1;2;0;0;1;0;0;0;0;359006,3224;5637091,028;6,996257602;50,86828875
36348;5,21E+18;5;3;15;0;2021;10;19;6;3;2;6;2;0;0;1;0;0;0;0;362434,6919;5645233,703;7,041880756;50,94229625
36352;5,21E+18;5;3;15;0;2021;1;13;5;3;3;6;0;1;0;1;0;0;1;0;365028,4904;5642566,293;7,079766479;50,91893581
36361;5,21E+18;5;3;15;0;2021;9;11;3;3;0;1;0;0;0;0;0;1;0;0;362947,5336;5651371,119;7,046863234;50,99757732
36369;5,21E+18;5;3;15;0;2021;4;11;5;3;6;4;0;0;0;0;1;0;1;0;364809,3031;5645491,376;7,07556502;50,94517377
36377;5,21E+18;5;3;15;0;2021;3;8;6;3;0;2;0;0;1;1;0;0;0;0;360491,7301;5644350,685;7,014580166;50,93389353
36379;5,21E+18;5;3;15;0;2021;6;0;1;3;7;1;2;0;1;0;0;0;0;0;359667,215;5633982,752;7,006835311;50,84051463
36387;5,21E+18;5;3;15;0;2021;6;7;6;3;5;3;0;0;0;1;0;0;0;1;359032,563;5642231,977;6,99464655;50,91449768
36388;5,21E+18;5;3;15;0;2021;10;13;5;3;2;6;0;0;0;1;0;0;1;0;361979,753;5646894,571;7,034779601;50,95711421
36391;5,21E+18;5;3;15;0;2021;12;18;4;3;5;3;2;0;1;1;0;0;0;0;361644,8052;5650157,004;7,02877219;50,98635409
36433;5,21E+18;5;3;15;0;2021;9;8;5;2;0;1;0;0;1;0;0;0;0;0;360841,4504;5644286,225;7,01957866;50,93339871
36436;5,21E+18;5;3;15;0;2021;9;16;2;3;2;6;0;1;0;1;0;1;0;0;360043,725;5648154,358;7,006746324;50,96796911
36443;5,21E+18;5;3;15;0;2021;9;7;6;3;8;1;1;0;0;1;0;0;0;0;359123,6081;5646151,312;6,994425994;50,94974335
36445;5,21E+18;5;3;15;0;2021;12;17;6;3;6;4;1;1;0;1;1;0;0;0;362306,0739;5643879,644;7,040562803;50,93009616
36451;5,21E+18;5;3;15;0;2021;2;9;4;3;4;6;0;0;1;0;0;0;0;0;363355,7825;5641801,849;7,056269811;50,91167173
36453;5,21E+18;5;3;15;0;2021;6;9;4;3;6;4;0;0;1;0;1;0;0;0;358480,9981;5640473,605;6,987487087;50,89856005
36456;5,21E+18;5;3;15;0;2021;11;8;3;3;0;6;0;0;0;1;0;1;0;0;358619,9268;5639919,239;6,989676059;50,89361192
36463;5,21E+18;5;3;15;0;2021;2;6;3;3;2;2;2;2;0;1;0;0;0;0;363803,582;5641069,42;7,062909075;50,90519487
36470;5,21E+18;5;3;15;0;2021;1;13;4;3;2;7;0;1;0;1;0;0;0;0;359998,8512;5650639,28;7,005150586;50,9902904
36471;5,21E+18;5;3;15;0;2021;12;18;6;3;4;2;2;1;0;1;0;0;0;0;366946,665;5642149,267;7,107192337;50,91563319
36474;5,21E+18;5;3;15;0;2021;9;22;4;3;5;2;2;0;1;1;0;0;0;0;359503,915;5644801,297;7,000357405;50,93770345
36482;5,21E+18;5;3;15;0;2021;11;15;1;3;2;6;0;0;0;1;0;0;0;0;361998,0362;5648039,844;7,034605382;50,96741146
36483;5,21E+18;5;3;15;0;2021;9;10;4;3;6;4;0;0;0;1;1;0;0;0;363271,8929;5645369,164;7,053739342;50,94371283
36485;5,21E+18;5;3;15;0;2021;5;22;1;3;5;2;2;0;0;1;0;0;0;0;359376,2449;5644789,85;6,998545914;50,93756946
36492;5,21E+18;5;3;15;0;2021;9;14;5;3;5;3;0;0;0;1;0;1;0;0;363225,1503;5638544,19;7,055632787;50,88236266
36506;5,21E+18;5;3;15;0;2021;9;12;5;3;0;2;0;0;0;0;0;1;0;1;360669,4214;5645039,256;7,016844071;50,94012482
36515;5,21E+18;5;3;15;0;2021;6;22;5;3;5;2;1;0;1;1;0;0;0;0;359821,879;5647480,673;7,003848433;50,9618607
36521;5,21E+18;5;3;15;0;2021;3;7;2;3;1;5;0;0;1;1;0;0;0;0;362621,9821;5637049,035;7,047625303;50,86878192
36524;5,21E+18;5;3;15;0;2021;7;18;3;3;0;1;0;0;1;0;0;0;0;0;363155,3194;5645328,045;7,052096446;50,94331562
36541;5,21E+18;5;3;15;0;2021;11;10;2;3;4;6;0;0;0;1;0;1;0;0;363554,2357;5646461,43;7,057346597;50,95359636
36546;5,21E+18;5;3;15;0;2021;7;13;6;3;2;6;0;0;0;1;0;0;0;1;362070,6399;5646570,217;7,036195805;50,95422091
36556;5,21E+18;5;3;15;0;2021;1;19;1;3;0;1;2;1;1;0;0;0;0;0;363396,029;5639861,068;7,057568147;50,89423853
36560;5,21E+18;5;3;15;0;2021;1;0;7;3;2;6;2;0;0;1;0;0;0;0;358679,4461;5640550,897;6,990277407;50,89930328
36562;5,21E+18;5;3;15;0;2021;11;6;2;3;3;6;2;0;0;1;0;0;1;0;362983,4323;5644272,881;7,050048061;50,93379163
36567;5,21E+18;5;3;15;0;2021;3;16;6;3;3;6;0;0;0;1;0;0;1;0;364690,2265;5642622,856;7,074935931;50,91936495
36570;5,21E+18;5;3;15;0;2021;11;12;3;3;5;3;0;1;1;1;0;0;0;0;364170,503;5638485,438;7,069085405;50,88205764
36578;5,21E+18;5;3;15;0;2021;4;12;3;3;1;6;0;0;0;1;0;0;0;0;359712,3555;5644829,676;7,003311228;50,93800924
36597;5,21E+18;5;3;15;0;2021;6;9;5;3;2;6;0;0;0;0;0;0;1;1;362590,6291;5642722,112;7,045045827;50,91976084
36598;5,21E+18;5;3;15;0;2021;11;12;7;3;5;2;0;1;0;1;0;0;0;1;361588,157;5645127,731;7,029878947;50,94114124
36608;5,21E+18;5;3;15;0;2021;10;15;4;3;3;6;0;0;0;1;0;0;1;0;360666,1783;5653264,129;7,013645615;51,01404208
36631;5,21E+18;5;3;15;0;2021;3;14;5;3;9;6;0;0;0;1;0;0;0;0;363250,4016;5639096,803;7,055784754;50,88733525
36640;5,21E+18;5;3;15;0;2021;12;8;5;3;0;5;1;1;1;1;0;0;0;0;359250,624;5638866,736;6,999043708;50,88430693
36642;5,21E+18;5;3;15;0;2021;6;10;4;3;0;1;0;0;1;0;0;0;0;0;366410,684;5636386,221;7,101679189;50,86371269
36643;5,21E+18;5;3;15;0;2021;9;2;7;3;2;6;2;0;0;1;0;0;0;0;365646,9205;5646132,98;7,087244621;50,95113605
36665;5,21E+18;5;3;15;0;2021;3;10;6;2;0;7;0;0;0;0;0;0;0;1;359974,4469;5647785,117;7,005902438;50,96463387
36674;5,21E+18;5;3;15;0;2021;9;17;7;2;2;6;0;0;1;0;0;0;0;0;368694,6975;5638598,088;7,133322531;50,88411601
36679;5,21E+18;5;3;15;0;2021;10;21;1;3;0;7;2;1;0;0;0;0;0;1;361819,6659;5644837,128;7,033282334;50,93858504
36689;5,21E+18;5;3;15;0;2021;4;16;4;3;2;6;0;0;0;1;0;0;0;1;362482,0692;5645131,154;7,042593422;50,9413859
36692;5,21E+18;5;3;15;0;2021;5;7;4;3;2;6;0;0;0;0;0;0;1;1;368068,0463;5641096,535;7,123516458;50,90642889
36693;5,21E+18;5;3;15;0;2021;9;5;5;2;3;6;2;0;0;1;0;0;1;0;361429,611;5649078,344;7,026119391;50,97660822
36696;5,21E+18;5;3;15;0;2021;6;10;3;2;1;1;0;0;1;1;0;0;0;0;359235,4876;5638897,729;6,998816726;50,88458179
36705;5,21E+18;5;3;15;0;2021;9;7;4;3;2;6;0;0;0;1;0;0;0;0;359846,2756;5645855,027;7,004821534;50,94725677
36726;5,21E+18;5;3;15;0;2021;7;0;3;3;9;6;2;1;0;1;0;0;0;0;364061,7324;5640835,428;7,066665587;50,9031527
36727;5,21E+18;5;3;15;0;2021;12;13;4;2;6;4;0;0;0;1;1;0;0;0;363084,8134;5636496,149;7,054405777;50,86392265
36729;5,21E+18;5;3;15;0;2021;9;17;4;3;0;1;0;0;0;0;0;0;0;1;361395,3899;5640651,494;7,028838047;50,90086569
36750;5,21E+18;5;3;15;0;2021;3;18;5;3;4;2;2;0;0;1;0;0;0;0;363475,8354;5640206,495;7,058573131;50,89736193
36754;5,21E+18;5;3;15;0;2021;1;8;4;3;0;1;0;1;1;0;0;0;0;0;358622,7178;5640327,44;6,989557712;50,89728116
36755;5,21E+18;5;3;15;0;2021;2;14;1;3;1;6;0;0;0;1;0;0;0;0;361715,9959;5648131,991;7,030556127;50,96817197
36767;5,21E+18;5;3;15;0;2021;11;22;5;3;0;7;2;0;0;0;0;0;0;1;361491,709;5647030,306;7,027783256;50,95821699
36774;5,21E+18;5;3;15;0;2021;9;17;7;3;4;6;0;0;1;0;0;0;0;1;359637,9778;5647555,276;7,001202584;50,96248639