OBJECTID;UIDENTSTLAE;ULAND;UREGBEZ;UKREIS;UGEMEINDE;UJAHR;UMONAT;USTUNDE;UWOCHENTAG;UKATEGORIE;UART;UTYP1;ULICHTVERH;USTRZUSTAND;IstRad;IstPKW;IstFuss;IstKrad;IstGkfz;IstSonstige;LINREFX;LINREFY;XGCSWGS84;YGCSWGS84
48725;5,21E+18;5;3;15;0;2021;8;7;3;3;2;6;0;0;0;1;0;0;0;0;347410,8644;5644171,042;6,828631097;50,92896696
48736;5,21E+18;5;3;15;0;2021;4;13;1;3;3;2;0;0;0;1;0;1;0;0;365974,4903;5642757,508;7,093146915;50,92087488
48744;5,21E+18;5;3;15;0;2021;7;12;3;2;0;7;0;1;1;0;0;0;0;1;350007,295;5646722,955;6,864500393;50,9525803
48749;5,21E+18;5;3;15;0;2021;4;16;5;3;4;2;0;0;1;1;0;0;0;0;354856,8592;5644406,173;6,93441972;50,93300167
48750;5,21E+18;5;3;15;0;2021;8;20;2;3;0;1;1;1;0;0;0;1;0;0;351494,887;5655740,851;6,881977133;51,03400367
48758;5,21E+18;5;3;15;0;2021;8;17;4;3;3;6;0;0;0;1;0;0;1;0;353318,9143;5652621,841;6,909234812;51,00644322
48765;5,21E+18;5;3;15;0;2021;7;17;6;3;2;6;0;0;0;1;0;0;1;1;361771,369;5647972,974;7,031404683;50,96675614
48778;5,21E+18;5;3;15;0;2021;8;10;7;3;2;6;0;0;0;1;0;0;0;0;362704,1849;5644689,397;7,045919488;50,9374686
48779;5,21E+18;5;3;15;0;2021;8;15;7;3;5;2;0;0;0;1;0;0;0;0;358570,674;5638841,351;6,989393402;50,88391275
48790;5,21E+18;5;3;15;0;2021;7;15;4;3;0;2;0;0;0;1;0;0;0;1;353963,453;5646777,577;6,920763515;50,95408716
48795;5,21E+18;5;3;15;0;2021;8;13;7;2;5;3;0;0;1;1;0;0;0;0;359781,3768;5649463,883;7,002507403;50,97967411
48796;5,21E+18;5;3;15;0;2021;7;18;3;3;0;1;0;1;0;0;0;1;0;0;355894,0266;5644645,605;6,949075171;50,93541348
48799;5,21E+18;5;3;15;0;2021;7;21;2;2;6;4;1;0;0;1;1;0;0;0;354032,532;5642158,493;6,92359633;50,9125944
48808;5,21E+18;5;3;15;0;2021;8;12;1;3;0;6;0;0;1;0;1;0;0;0;355079,255;5646318,453;6,936821763;50,95024279
48813;5,21E+18;5;3;15;0;2021;7;14;6;3;5;3;0;1;0;1;0;0;0;0;362039,777;5648052,128;7,035194812;50,96753186
48829;5,21E+18;5;3;15;0;2021;8;19;5;3;2;6;0;0;0;1;0;0;0;0;366019,1221;5634339,475;7,096867386;50,84522643
48847;5,21E+18;5;3;15;0;2021;8;6;2;3;3;6;0;0;0;1;0;0;1;0;362437,8546;5645226,845;7,041928336;50,94223536
48848;5,21E+18;5;3;15;0;2021;7;13;7;3;6;6;0;0;1;0;1;0;0;0;364540,453;5640393,768;7,07363376;50,89929577
48853;5,21E+18;5;3;15;0;2021;7;19;5;3;6;4;0;0;1;0;1;0;0;0;353192,31;5643580,771;6,911080106;50,9251628
48865;5,21E+18;5;3;15;0;2021;8;3;4;3;3;6;2;1;1;1;0;0;0;0;355627,6255;5650774,643;6,942854333;50,99042707
48866;5,21E+18;5;3;15;0;2021;8;18;6;3;2;6;0;1;0;1;0;0;0;1;350868,7645;5645059,571;6,877437506;50,937856
48868;5,21E+18;5;3;15;0;2021;7;18;1;3;8;1;0;0;0;1;0;0;0;0;352010,8362;5657694,294;6,888532218;51,05169103
48871;5,21E+18;5;3;15;0;2021;8;19;2;3;0;6;0;0;1;0;0;0;0;0;353785,313;5642398,098;6,919986069;50,91468508
48882;5,21E+18;5;3;15;0;2021;7;14;1;2;0;7;0;0;1;0;0;0;0;0;365165,153;5649539,642;7,079127173;50,98164091
48883;5,21E+18;5;3;15;0;2021;8;19;5;3;0;7;1;0;1;1;0;0;0;0;354141,983;5644821,857;6,924086827;50,93655695
48894;5,21E+18;5;3;15;0;2021;8;17;1;3;0;5;0;0;1;1;0;0;0;0;353593,5699;5646432,523;6,915639685;50,95089245
48899;5,21E+18;5;3;15;0;2021;7;12;2;3;6;2;0;0;0;1;1;0;0;0;356270,8621;5648258,704;6,953008272;50,96797784
48914;5,21E+18;5;3;15;0;2021;8;10;6;3;0;1;0;1;0;0;0;1;0;0;352880,2199;5643781,643;6,906561505;50,92688846
48927;5,21E+18;5;3;15;0;2021;7;4;5;3;3;1;2;1;0;1;0;0;0;0;360590,5723;5651679,039;7,01317734;50,99977844
48928;5,21E+18;5;3;15;0;2021;7;16;6;3;2;6;0;0;0;1;0;0;0;0;358171,848;5644781,599;6,981418646;50,93720034
48951;5,21E+18;5;3;15;0;2021;8;15;7;3;0;1;0;0;1;0;0;0;0;0;349316,5035;5645107,221;6,855341166;50,93788068
48956;5,21E+18;5;3;15;0;2021;8;1;3;3;2;6;2;0;0;1;0;0;1;0;349911,3528;5642965,511;6,864683006;50,91878964
48967;5,21E+18;5;3;15;0;2021;8;12;7;3;2;6;0;0;0;1;0;0;0;1;348865,4386;5644757,027;6,84907129;50,93461571
48979;5,21E+18;5;3;15;0;2021;7;13;7;3;5;3;0;0;1;1;0;0;0;0;353671,3592;5646348,38;6,91678019;50,95015604
48980;5,21E+18;5;3;15;0;2021;8;14;3;2;8;1;0;0;0;0;0;1;0;0;365071,4785;5641567,792;7,080746977;50,90997176
48985;5,21E+18;5;3;15;0;2021;8;14;3;3;2;2;0;0;0;1;0;0;0;0;352869,9611;5649385,57;6,90415093;50,97724586
48996;5,21E+18;5;3;15;0;2021;8;16;5;3;3;5;0;0;1;1;0;0;0;0;354200,977;5645935,662;6,924480084;50,94658129
49000;5,21E+18;5;3;15;0;2021;7;18;1;3;3;6;0;0;0;1;0;1;0;0;355125,2981;5643649,481;6,938538045;50,92626893
49006;5,21E+18;5;3;15;0;2021;7;10;7;3;6;2;0;0;0;1;1;0;0;0;352391,083;5647325,791;6,898170152;50,95861313
49012;5,21E+18;5;3;15;0;2021;8;11;2;3;5;2;0;0;1;1;0;0;0;0;355233,282;5645043,22;6,939519929;50,93882127
49015;5,21E+18;5;3;15;0;2021;4;18;3;2;9;1;0;0;1;1;0;0;0;0;348347,0471;5657813,743;6,836247686;51,0518087
49017;5,21E+18;5;3;15;0;2021;8;21;3;3;8;1;0;1;0;1;0;0;0;0;360996,292;5642338,507;7,022523372;50,91593141
49024;5,21E+18;5;3;15;0;2021;8;17;5;2;6;4;0;0;0;0;1;0;0;1;353675,084;5646344,026;6,916834931;50,95011786
49034;5,21E+18;5;3;15;0;2021;8;15;7;3;2;6;0;0;0;1;0;0;0;0;363816,7186;5641057,518;7,06310024;50,905091
49042;5,21E+18;5;3;15;0;2021;8;3;1;2;0;1;2;1;0;0;0;0;0;1;354425,6972;5645780,254;6,927738965;50,94524147
49046;5,21E+18;5;3;15;0;2021;8;11;3;3;0;5;0;1;1;0;0;0;1;0;361058,499;5647764,877;7,021338221;50,96471443
49052;5,21E+18;5;3;15;0;2021;8;18;3;3;0;5;0;1;0;1;0;1;0;0;351992,3285;5647635,745;6,892370254;50,96129624
49058;5,21E+18;5;3;15;0;2021;7;17;5;2;9;1;0;0;0;0;0;1;0;0;352374,1317;5651083,852;6,896403062;50,99238051
49068;5,21E+18;5;3;15;0;2021;6;12;1;3;4;6;0;0;1;0;0;0;0;0;354456,0376;5653232,882;6,925186666;51,01222321
49086;5,21E+18;5;3;15;0;2021;8;12;5;2;5;3;0;0;1;1;0;0;0;0;351198,743;5645042,487;6,882137583;50,93778772
49087;5,21E+18;5;3;15;0;2021;8;13;2;3;5;3;0;0;0;1;0;0;0;1;366840,509;5637970,48;7,107206699;50,87805083
49091;5,21E+18;5;3;15;0;2021;8;21;6;3;2;7;2;0;0;1;0;1;0;0;364206,852;5643360,38;7,067788459;50,9258799
49102;5,21E+18;5;3;15;0;2021;8;18;1;3;0;6;0;0;1;0;0;0;0;1;357324,578;5644746,288;6,969381703;50,936674
49106;5,21E+18;5;3;15;0;2021;8;6;6;3;5;3;1;1;0;1;0;0;0;1;354222,0194;5642384,898;6,926199464;50,91467693
49113;5,21E+18;5;3;15;0;2021;8;15;7;3;0;6;0;1;0;1;0;0;0;1;356447,584;5646275,434;6,956305757;50,95019859
49115;5,21E+18;5;3;15;0;2021;8;17;3;3;6;6;0;0;0;1;1;0;0;0;366605,2079;5635900,884;7,104618698;50,8593955
49117;5,21E+18;5;3;15;0;2021;7;18;3;3;5;2;0;1;0;1;0;0;0;0;353549,544;5648801,451;6,914059898;50,97216987
49118;5,21E+18;5;3;15;0;2021;4;14;1;3;3;2;0;0;1;1;0;0;0;0;355187,926;5644093,258;6,9392523;50,93027279
49128;5,21E+18;5;3;15;0;2021;7;4;5;3;0;1;2;1;0;0;0;0;0;1;354820,0139;5645553,124;6,933438716;50,94329975
49134;5,21E+18;5;3;15;0;2021;7;4;7;2;8;1;2;0;0;0;0;0;0;1;356965,5912;5643533,699;6,964751727;50,92568763
49147;5,21E+18;5;3;15;0;2021;8;8;4;3;0;7;0;0;1;0;0;0;0;0;355204,2267;5644893,779;6,939166056;50,93747099
49159;5,21E+18;5;3;15;0;2021;8;18;2;3;5;3;0;0;1;1;0;0;0;0;357721,2751;5646919,832;6,974174726;50,95630556
49166;5,21E+18;5;3;15;0;2021;8;18;1;2;5;3;0;1;1;1;0;0;0;0;356196,8885;5644615,385;6,953394501;50,9352175
49177;5,21E+18;5;3;15;0;2021;8;20;1;3;6;4;1;0;0;1;1;0;0;0;358394,0131;5642907,883;6,98530637;50,92041577
49183;5,21E+18;5;3;15;0;2021;8;7;7;3;5;3;0;0;1;1;0;0;0;0;347519,586;5646938,161;6,829018822;50,95386141
49189;5,21E+18;5;3;15;0;2021;8;17;5;3;0;7;0;0;0;0;1;0;0;1;354889,6715;5644797,641;6,93473048;50,93652795
49190;5,21E+18;5;3;15;0;2021;8;0;4;3;5;3;2;0;1;1;0;0;0;0;366576,2887;5636458,448;7,104004737;50,8644001
49199;5,21E+18;5;3;15;0;2021;8;6;4;2;1;5;0;0;1;1;0;0;0;1;356479,7572;5646276,329;6,956763128;50,95021464
49204;5,21E+18;5;3;15;0;2021;7;18;1;2;0;1;0;0;0;0;0;0;0;1;356837,634;5643976,805;6,962758242;50,92963805
49214;5,21E+18;5;3;15;0;2021;8;10;6;3;1;6;0;0;0;1;0;0;0;0;362713,7472;5645195,862;7,045864648;50,94202267
49226;5,21E+18;5;3;15;0;2021;8;10;3;3;3;6;0;0;1;1;0;0;0;0;356344,9221;5647563,524;6,954336824;50,96174886
49232;5,21E+18;5;3;15;0;2021;8;7;2;3;3;3;0;0;1;0;0;0;0;1;349874,9046;5645082,67;6,863293013;50,9378057
49238;5,21E+18;5;3;15;0;2021;8;13;4;2;0;7;0;1;0;0;1;0;0;1;356604,7733;5643016,934;6,959824301;50,92095394
49244;5,21E+18;5;3;15;0;2021;4;20;3;3;5;2;2;0;1;1;0;0;0;0;352736,0528;5647100,226;6,903169985;50,95667434
49248;5,21E+18;5;3;15;0;2021;8;13;7;2;0;2;0;0;0;1;0;0;0;0;359586,294;5650556,795;6,999307848;50,98944861
49260;5,21E+18;5;3;15;0;2021;8;18;4;3;5;3;0;0;0;1;0;1;0;0;356615,195;5646263,793;6,958694927;50,95013569
49263;5,21E+18;5;3;15;0;2021;7;8;3;3;5;3;0;0;1;1;0;0;0;0;365144,381;5636353,174;7,083707747;50,8631217
49289;5,21E+18;5;3;15;0;2021;8;9;5;2;3;6;0;0;0;1;0;0;1;0;348851,0793;5644557,903;6,848949666;50,93282257
49301;5,21E+18;5;3;15;0;2021;8;8;6;3;0;2;0;0;1;1;0;0;0;0;358251,1479;5640743,969;6,984115642;50,90093346
49310;5,21E+18;5;3;15;0;2021;7;8;1;3;3;6;0;0;1;0;0;0;0;0;356278,7889;5648195,436;6,953146086;50,96741124
49316;5,21E+18;5;3;15;0;2021;7;17;3;3;2;6;0;0;0;1;0;0;0;0;362479,7905;5645136,092;7,042559144;50,94142974
49318;5,21E+18;5;3;15;0;2021;7;12;2;3;5;3;0;0;1;1;0;0;0;0;363026,725;5638035,488;7,053004356;50,8777437
49328;5,21E+18;5;3;15;0;2021;7;14;4;3;3;6;0;0;0;1;0;0;1;0;356005,2836;5646875,465;6,949775886;50,95548063
49333;5,21E+18;5;3;15;0;2021;8;14;6;2;0;1;0;1;0;0;0;1;0;0;355776,5016;5650434,357;6,945109279;50,98740633
49334;5,21E+18;5;3;15;0;2021;8;13;2;3;4;6;0;1;1;0;0;0;0;1;354155,385;5644843,826;6,924268644;50,93675777
49338;5,21E+18;5;3;15;0;2021;8;16;2;3;6;4;0;0;0;1;1;0;0;0;355536,2282;5641233,51;6,945337929;50,90466004
49346;5,21E+18;5;3;15;0;2021;8;17;6;3;2;6;0;0;0;1;0;0;0;0;358029,34;5646492,244;6,978724928;50,95253882
49347;5,21E+18;5;3;15;0;2021;8;14;2;3;2;6;0;0;0;1;0;0;0;0;363841,6443;5641034,935;7,063462959;50,90489391
49363;5,21E+18;5;3;15;0;2021;8;15;4;3;3;6;0;0;0;1;0;0;1;0;348949,8391;5645162,269;6,850103581;50,93827943
49364;5,21E+18;5;3;15;0;2021;7;15;6;3;3;6;0;0;0;1;0;0;0;0;357769,048;5639468,397;6,977760724;50,88935127
49367;5,21E+18;5;3;15;0;2021;7;16;7;3;0;7;0;0;0;1;0;0;0;0;365294,094;5643348,406;7,083254044;50,92602718
49372;5,21E+18;5;3;15;0;2021;7;19;7;3;5;2;0;0;1;1;0;0;0;0;360458,117;5646827,83;7,013153019;50,95614794
49378;5,21E+18;5;3;15;0;2021;8;10;2;2;0;1;0;1;0;0;0;1;0;0;351374,0645;5644777,556;6,884739143;50,93545214
49388;5,21E+18;5;3;15;0;2021;8;12;5;3;8;7;0;0;0;0;0;0;0;1;347499,847;5646799,663;6,828796015;50,95261163
49395;5,21E+18;5;3;15;0;2021;8;18;2;3;0;1;0;1;0;0;0;1;0;0;359734,2708;5647284,387;7,002677356;50,96007534
49400;5,21E+18;5;3;15;0;2021;8;12;7;3;1;5;0;0;1;1;0;0;0;0;362262,0367;5651356,836;7,037105744;50,99728528
49401;5,21E+18;5;3;15;0;2021;7;13;5;3;5;2;0;0;0;1;0;0;0;1;350073,2523;5645095,77;6,86610858;50,93797503
49406;5,21E+18;5;3;15;0;2021;4;12;2;3;2;6;0;0;0;1;0;0;0;1;348525,4036;5642733,688;6,845076155;50,91634428
49418;5,21E+18;5;3;15;0;2021;8;12;5;3;2;6;0;0;0;1;0;0;0;0;359599,9282;5650179,214;6,999647899;50,9860586
49419;5,21E+18;5;3;15;0;2021;7;6;3;3;2;6;0;0;0;1;0;0;0;0;354153,5651;5644821,239;6,9242518;50,93655433
49429;5,21E+18;5;3;15;0;2021;5;16;7;3;5;3;0;0;1;1;0;0;0;0;350009,729;5653332,555;6,861807291;51,01197657
49437;5,21E+18;5;3;15;0;2021;8;6;4;3;8;7;0;0;0;1;0;0;0;0;360682,64;5644309,784;7,017311006;50,9335721
49448;5,21E+18;5;3;15;0;2021;8;18;6;2;3;6;0;0;0;1;0;1;0;0;352317,7951;5651199,316;6,895553926;50,99340367
49451;5,21E+18;5;3;15;0;2021;8;16;3;3;3;6;0;0;0;1;0;0;0;0;356606,8253;5638912,104;6,961465666;50,88406454
49465;5,21E+18;5;3;15;0;2021;8;10;6;2;5;3;0;0;1;1;0;0;0;0;354141,983;5644821,857;6,924086827;50,93655695
49476;5,21E+18;5;3;15;0;2021;7;11;6;3;3;6;0;0;1;1;0;0;0;0;353791,18;5646226,529;6,918533753;50,94909141
49478;5,21E+18;5;3;15;0;2021;7;20;5;2;0;7;0;0;0;1;0;1;0;0;366839,3694;5635752,519;7,107997894;50,85811599
49480;5,21E+18;5;3;15;0;2021;8;8;6;3;8;1;0;1;0;1;0;0;0;0;349066,64;5648595,215;6,850341425;50,96915929
49481;5,21E+18;5;3;15;0;2021;8;23;6;3;5;3;2;1;0;1;0;0;0;0;361604,0051;5644084,777;7,030500504;50,93177172
49482;5,21E+18;5;3;15;0;2021;8;8;1;3;9;6;0;1;0;1;0;0;0;0;348601,6491;5655841,392;6,840701995;51,03415224
49505;5,21E+18;5;3;15;0;2021;8;20;2;3;0;2;1;1;0;1;0;0;0;1;356886,414;5644420,701;6,963277635;50,93363941
49521;5,21E+18;5;3;15;0;2021;8;16;6;3;0;7;0;1;1;1;0;0;0;0;351167,281;5648264,89;6,880372777;50,96673746
49528;5,21E+18;5;3;15;0;2021;7;18;1;3;0;6;0;0;0;1;0;0;0;1;359447,8304;5647652,966;6,998458855;50,96331798
49536;5,21E+18;5;3;15;0;2021;8;15;4;3;2;6;0;1;0;0;0;0;0;1;357124,9781;5638381,575;6,969034348;50,87942503
49537;5,21E+18;5;3;15;0;2021;8;20;4;3;5;3;1;0;0;1;0;1;0;0;353492,628;5657392,609;6,909780958;51,04935987
49541;5,21E+18;5;3;15;0;2021;8;7;2;3;6;4;0;0;0;1;1;0;0;0;357426,444;5642221,564;6,971817748;50,91400957
49547;5,21E+18;5;3;15;0;2021;8;9;1;3;7;1;0;0;1;0;0;0;0;0;353077,2049;5646910,474;6,908100634;50,9550562
49553;5,21E+18;5;3;15;0;2021;7;15;1;2;0;1;0;0;1;0;0;0;0;0;356849,947;5644715,97;6,962643018;50,93628391
49556;5,21E+18;5;3;15;0;2021;6;16;4;2;4;7;0;0;0;1;0;0;0;0;364047,741;5640848,364;7,066461903;50,90326567
49564;5,21E+18;5;3;15;0;2021;8;14;4;3;0;1;0;1;1;0;0;0;0;0;353675,084;5646344,026;6,916834931;50,95011786
49569;5,21E+18;5;3;15;0;2021;8;13;2;3;2;6;0;1;0;1;0;0;0;1;353795,091;5648515,548;6,917669767;50,96966295
49570;5,21E+18;5;3;15;0;2021;8;7;4;3;0;1;0;1;0;1;0;0;0;0;363341,5014;5643672,779;7,055365774;50,92848322
49580;5,21E+18;5;3;15;0;2021;8;6;4;3;5;2;0;0;0;1;0;0;1;0;365285,9283;5645349,041;7,08239834;50,9440061
49581;5,21E+18;5;3;15;0;2021;8;23;7;3;2;6;2;0;0;1;0;0;0;0;364760,6184;5640711,36;7,076645206;50,90220176
49585;5,21E+18;5;3;15;0;2021;8;12;7;3;2;6;0;0;0;1;0;0;0;0;357641,8091;5634732,719;6,977795762;50,84675995
49592;5,21E+18;5;3;15;0;2021;8;17;5;3;0;1;0;0;0;1;0;0;0;0;349063,749;5647793,813;6,850632782;50,96195696
49604;5,21E+18;5;3;15;0;2021;8;16;3;3;3;6;0;1;0;1;0;0;1;0;364619,2819;5642679,655;7,073906123;50,9198588
49611;5,21E+18;5;3;15;0;2021;7;6;4;3;0;6;0;0;1;0;0;0;0;1;355888,7849;5646814,062;6,948142602;50,9548997
49617;5,21E+18;5;3;15;0;2021;7;16;7;2;5;3;0;0;1;0;0;0;0;1;359936,054;5647697,001;7,005389965;50,96383263
49623;5,21E+18;5;3;15;0;2021;7;14;5;3;5;2;0;0;1;1;0;0;0;0;352831,043;5650886,713;6,902989024;50,99072594
49625;5,21E+18;5;3;15;0;2021;4;20;3;3;5;3;1;0;1;1;0;0;0;0;363217,9248;5638419,664;7,055576733;50,88124177
49629;5,21E+18;5;3;15;0;2021;7;9;6;1;1;5;0;0;1;1;0;0;0;0;354110,98;5642190,71;6,924698599;50,91290375
49641;5,21E+18;5;3;15;0;2021;8;2;3;3;5;2;2;0;0;1;0;0;0;0;348475,4212;5649999,73;6,84134208;50,98162526
49642;5,21E+18;5;3;15;0;2021;7;21;1;3;4;6;1;0;1;0;0;0;0;1;356886,5446;5644645,382;6,963191258;50,93565863
49643;5,21E+18;5;3;15;0;2021;8;16;4;2;3;6;0;0;0;1;0;0;1;0;357142,1723;5636995,166;6,96982018;50,86696957
49653;5,21E+18;5;3;15;0;2021;5;13;7;3;0;2;0;0;1;1;0;0;0;0;356519,5987;5646616,811;6,957195766;50,95328443
49659;5,21E+18;5;3;15;0;2021;8;12;7;3;0;1;0;0;1;0;0;0;0;0;349810,2406;5649556,495;6,860527151;50,97799197
49670;5,21E+18;5;3;15;0;2021;8;11;7;3;0;1;0;0;1;0;0;0;0;0;356530,8493;5652360,48;6,955088904;51,00490446
49675;5,21E+18;5;3;15;0;2021;8;19;4;3;0;2;0;0;0;1;0;1;0;0;353041,886;5643875,278;6,908822547;50,92777113
49686;5,21E+18;5;3;15;0;2021;8;9;4;3;2;6;0;0;0;1;0;0;0;1;353069,7996;5651888,888;6,90598318;50,99979297
49688;5,21E+18;5;3;15;0;2021;8;15;4;3;5;3;0;0;0;1;0;0;0;0;363026,725;5638035,488;7,053004356;50,8777437
49692;5,21E+18;5;3;15;0;2021;11;18;6;3;6;4;2;1;0;1;1;0;0;0;358835,4605;5642396,011;6,991781008;50,9159237
49698;5,21E+18;5;3;15;0;2021;7;17;5;3;2;6;0;0;0;1;0;0;0;0;362132,5114;5646276,99;7,037187211;50,9516004
49704;5,21E+18;5;3;15;0;2021;7;20;7;3;0;1;1;0;1;0;0;0;0;0;358711,639;5644700,754;6,989127547;50,93660629
49715;5,21E+18;5;3;15;0;2021;8;16;2;3;1;6;0;0;0;1;0;0;0;1;348930,317;5646000;6,84947852;50,94580238
49720;5,21E+18;5;3;15;0;2021;7;19;2;3;9;1;0;0;0;1;0;0;0;0;361169,4821;5649377,405;7,022302104;50,97923328
49721;5,21E+18;5;3;15;0;2021;8;18;5;3;3;2;0;0;1;1;0;0;0;0;354737,9205;5644522,969;6,932681689;50,93402134
51499;5,21E+18;5;3;15;0;2021;6;12;1;3;1;6;0;0;0;1;0;0;0;1;355370,72;5648312,015;6,940176075;50,96823164
51591;5,21E+18;5;3;15;0;2021;8;18;5;3;2;6;0;0;0;1;0;0;0;0;361778,4963;5647940,04;7,031518638;50,96646186
51687;5,21E+18;5;3;15;0;2021;8;16;4;3;2;6;0;0;0;1;0;0;0;1;351615,4855;5644096,937;6,888449667;50,92939793
51733;5,21E+18;5;3;15;0;2021;7;22;3;2;0;1;2;0;1;0;0;0;0;0;360044,563;5648162,891;7,006754967;50,968046
51758;5,21E+18;5;3;15;0;2021;8;10;1;2;5;3;0;0;0;1;0;1;0;0;366895,613;5635244,872;7,108981149;50,8535663
51820;5,21E+18;5;3;15;0;2021;7;17;3;3;3;2;0;1;1;1;0;0;0;0;355189,692;5644662,95;6,939051063;50,93539293
51890;5,21E+18;5;3;15;0;2021;8;18;4;3;2;6;0;0;0;1;0;0;1;0;348815,1341;5643659,713;6,848810991;50,92474178
51919;5,21E+18;5;3;15;0;2021;8;14;1;3;0;6;0;0;0;1;0;0;0;0;353655,747;5648666,701;6,915625736;50,97098592
52123;5,21E+18;5;3;15;0;2021;8;10;7;2;5;3;0;0;1;1;0;0;0;0;352881,4767;5647018,769;6,90527206;50,95597947
52148;5,21E+18;5;3;15;0;2021;8;17;1;3;0;1;0;0;1;0;0;0;0;0;364850,926;5645482,539;7,076160442;50,94510411
52352;5,21E+18;5;3;15;0;2021;8;19;3;2;1;1;0;1;0;1;0;1;0;0;355953,893;5649776,255;6,947895875;50,98153654
52397;5,21E+18;5;3;15;0;2021;7;14;6;3;2;6;0;0;0;1;0;0;0;0;355370,72;5648312,015;6,940176075;50,96823164
52521;5,21E+18;5;3;15;0;2021;8;15;6;3;0;7;0;0;1;0;0;0;0;0;349740,678;5653465,897;6,857919465;51,01310458
52538;5,21E+18;5;3;15;0;2021;8;14;4;3;4;2;0;0;1;1;0;0;0;0;362286,122;5648123,348;7,038674049;50,96823088
52556;5,21E+18;5;3;15;0;2021;8;7;5;3;0;1;2;1;1;0;0;0;0;1;355413,2752;5639524,936;6,94426683;50,88927454
52604;5,21E+18;5;3;15;0;2021;7;11;3;3;1;1;0;0;1;1;0;0;0;0;352599,681;5644920,831;6,902111744;50,93705425
52625;5,21E+18;5;3;15;0;2021;7;20;5;3;5;2;0;0;0;1;0;0;0;1;352477,497;5644949,12;6,900362544;50,93727722
52787;5,21E+18;5;3;15;0;2021;7;13;6;3;5;3;0;0;1;0;0;0;0;1;361598,1012;5645029,492;7,030057724;50,94026073
52814;5,21E+18;5;3;15;0;2021;8;13;3;3;0;1;0;1;0;0;0;1;0;0;363386,869;5649263,543;7,053912836;50,97874032
53015;5,21E+18;5;3;15;0;2021;7;22;5;2;5;3;2;0;0;1;0;0;0;1;363803,582;5641069,42;7,062909075;50,90519487
53106;5,21E+18;5;3;15;0;2021;7;7;1;3;8;1;0;0;0;1;0;0;0;0;361778,4963;5647940,04;7,031518638;50,96646186
53175;5,21E+18;5;3;15;0;2021;8;12;4;2;2;6;0;1;0;1;0;0;0;0;362204,392;5641646,003;7,039960617;50,90999735
53198;5,21E+18;5;3;15;0;2021;8;16;5;3;5;2;0;0;0;1;0;1;0;0;355370,72;5648312,015;6,940176075;50,96823164
53264;5,21E+18;5;3;15;0;2021;7;16;3;3;0;2;0;0;1;1;0;0;0;0;365985,642;5643735,469;7,092946032;50,92966702
53342;5,21E+18;5;3;15;0;2021;7;16;2;3;8;6;0;0;1;1;0;0;0;0;356200,1058;5648618,835;6,95185886;50,9711966
53367;5,21E+18;5;3;15;0;2021;8;19;1;3;5;3;0;0;1;1;0;0;0;0;365148,076;5637064,113;7,083498165;50,86951225
53429;5,21E+18;5;3;15;0;2021;8;17;3;3;2;6;0;1;0;1;0;0;0;1;356835,4422;5634001,027;6,96663492;50,83998519
53436;5,21E+18;5;3;15;0;2021;8;18;3;3;0;2;0;1;1;1;0;0;0;0;355694,341;5645893,211;6,945740981;50,94657554
53450;5,21E+18;5;3;15;0;2021;8;15;2;2;1;7;0;1;0;1;0;1;0;0;355192,9524;5644632,646;6,939109476;50,93512141
53545;5,21E+18;5;3;15;0;2021;8;18;5;3;5;3;0;0;0;1;0;0;0;0;361817,365;5644841,736;7,033247858;50,9386259
53614;5,21E+18;5;3;15;0;2021;8;16;5;2;5;2;0;0;0;1;0;0;0;0;351733,2888;5643568,027;6,890339913;50,92467516
53711;5,21E+18;5;3;15;0;2021;8;1;7;2;5;3;2;0;0;1;0;0;0;1;356191,5095;5644599,315;6,953324341;50,93507173
53743;5,21E+18;5;3;15;0;2021;7;14;4;3;0;3;0;0;1;1;0;0;0;0;355455,7215;5644699,177;6,942820229;50,93578523
53810;5,21E+18;5;3;15;0;2021;8;13;2;3;1;6;0;0;0;1;0;0;0;0;354732,9044;5644533,986;6,93260596;50,93411909
53916;5,21E+18;5;3;15;0;2021;7;10;7;3;5;3;0;0;1;1;0;0;0;0;366411,6161;5641476,201;7,099831655;50,90946027
54001;5,21E+18;5;3;15;0;2021;6;14;7;3;5;1;0;0;1;0;0;0;0;0;354454,2811;5644829,49;6,928525429;50,93670445
54056;5,21E+18;5;3;15;0;2021;8;16;3;3;2;6;0;0;0;1;0;0;0;0;362446,6146;5642686,281;7,04301169;50,91940451
54106;5,21E+18;5;3;15;0;2021;7;9;7;3;1;5;0;0;1;1;0;0;0;0;362436,5445;5637044,251;7,044993357;50,86869481
54313;5,21E+18;5;3;15;0;2021;4;11;2;3;5;3;0;0;1;1;0;0;0;0;359746,914;5644836,936;7,003799979;50,93808289
54511;5,21E+18;5;3;15;0;2021;8;17;6;3;8;1;0;0;0;0;0;0;0;1;359343,1649;5644785,475;6,998077093;50,93752207
54530;5,21E+18;5;3;15;0;2021;8;2;2;3;8;1;2;0;0;1;0;0;0;0;357110,0896;5639050,569;6,968561321;50,88543362
54615;5,21E+18;5;3;15;0;2021;8;16;6;3;2;6;0;0;0;1;0;0;0;0;354456,0507;5647469,33;6,927495472;50,96042834
54620;5,21E+18;5;3;15;0;2021;7;17;1;3;6;7;0;0;1;0;1;0;0;0;353259,8377;5646793,289;6,910746365;50,95404964
54637;5,21E+18;5;3;15;0;2021;8;10;7;3;2;6;0;0;0;1;0;0;0;0;352667,5414;5640848,809;6,904721634;50,90047794