OBJECTID;UIDENTSTLAE;ULAND;UREGBEZ;UKREIS;UGEMEINDE;UJAHR;UMONAT;USTUNDE;UWOCHENTAG;UKATEGORIE;UART;UTYP1;ULICHTVERH;USTRZUSTAND;IstRad;IstPKW;IstFuss;IstKrad;IstGkfz;IstSonstige;LINREFX;LINREFY;XGCSWGS84;YGCSWGS84
156380;5,21E+18;5;3;15;0;2021;10;20;4;2;0;3;2;1;0;1;0;0;0;1;350684,2457;5648376,234;6,8734529;50,96761304
156414;5,21E+18;5;3;15;0;2021;2;14;7;3;5;5;0;0;0;1;0;1;0;0;350501,361;5648157,21;6,8709402;50,96559738
156423;5,21E+18;5;3;15;0;2021;5;16;4;2;0;1;0;1;0;1;0;0;0;0;349490,357;5653272,044;6,854434008;51,01129713
156438;5,21E+18;5;3;15;0;2021;7;11;5;3;6;7;0;0;0;1;1;0;0;0;349315,1738;5646146,984;6,854892144;50,94722394
156450;5,21E+18;5;3;15;0;2021;1;6;5;3;5;3;2;1;0;1;0;0;0;0;350584,3917;5649350,224;6,87163165;50,97633975
156458;5,21E+18;5;3;15;0;2021;1;19;5;3;0;1;2;0;1;0;0;0;0;0;350573,1579;5644462,136;6,873478247;50,93241069
156469;5,21E+18;5;3;15;0;2021;12;6;4;3;5;3;2;0;1;1;0;0;0;0;348695,2137;5642968,053;6,847392895;50,9184949
156473;5,21E+18;5;3;15;0;2021;6;13;7;3;5;3;0;0;0;1;0;1;0;0;350099,3679;5644450,326;6,866745498;50,93218162
156487;5,21E+18;5;3;15;0;2021;9;21;7;3;0;6;2;0;1;0;0;0;0;0;351164,9815;5652324,187;6,878677455;51,00321516
156496;5,21E+18;5;3;15;0;2021;9;0;1;3;0;1;2;0;0;0;0;0;0;1;347865,8252;5645690,792;6,834465849;50,94274386
156505;5,21E+18;5;3;15;0;2021;1;16;3;3;3;6;0;1;1;0;0;0;0;1;349250,5091;5645580,025;6,854206943;50,94211218
156513;5,21E+18;5;3;15;0;2021;12;12;7;3;5;3;0;0;1;1;0;0;0;0;350366,4081;5644829,757;6,870387187;50,93566067
156525;5,21E+18;5;3;15;0;2021;1;21;6;3;0;1;2;1;1;0;0;0;0;0;347767,155;5645265,042;6,833240322;50,93889196
156542;5,21E+18;5;3;15;0;2021;7;15;5;3;0;7;0;0;1;0;1;0;0;0;348319,1916;5647729,976;6,840064759;50,96118778
156566;5,21E+18;5;3;15;0;2021;4;15;3;3;0;3;2;0;1;1;0;0;0;0;348791,9902;5656998,296;6,842931757;51,04459837
156617;5,21E+18;5;3;15;0;2021;12;10;6;2;6;2;0;0;0;1;1;0;0;0;348522,1629;5644872,862;6,844141376;50,93556657
156636;5,21E+18;5;3;15;0;2021;12;21;6;3;1;1;2;0;0;1;0;0;0;1;350812,8364;5648280,287;6,875322285;50,96678414
156659;5,21E+18;5;3;15;0;2021;9;9;4;3;6;1;0;1;0;0;1;0;0;1;349969,0154;5659277,997;6,858765105;51,06539266
156689;5,21E+18;5;3;15;0;2021;11;15;5;3;5;3;0;1;0;1;0;1;0;0;350182,8222;5644258,999;6,868010907;50,93048397
156691;5,21E+18;5;3;15;0;2021;12;15;3;3;6;4;0;0;0;1;1;0;0;0;347877,7736;5646111,319;6,834460161;50,94652593
156693;5,21E+18;5;3;15;0;2021;3;16;4;3;6;6;0;1;1;0;1;0;0;0;349185,15;5658175,947;6,848045594;51,05528418
156702;5,21E+18;5;3;15;0;2021;12;12;5;3;5;3;0;0;0;1;0;0;0;0;348891,1987;5649823,28;6,847334232;50,98014892
156706;5,21E+18;5;3;15;0;2021;11;9;3;3;5;3;0;1;1;1;0;0;0;0;350031,0968;5643912,828;6,86599577;50,92733372
156733;5,21E+18;5;3;15;0;2021;9;10;5;2;0;1;0;0;1;0;0;0;0;0;350002,2985;5653397,878;6,861674438;51,01256164
156760;5,21E+18;5;3;15;0;2021;10;15;7;2;1;6;0;0;0;1;0;1;0;0;348791,296;5656999,222;6,842921474;51,04460651
156778;5,21E+18;5;3;15;0;2021;5;20;4;3;0;7;0;0;1;0;0;0;0;0;349157,1976;5653741,393;6,849493139;51,01542749
156787;5,21E+18;5;3;15;0;2021;6;9;7;3;8;5;0;0;0;1;0;0;0;0;350864,4186;5651623,637;6,874684485;50,99684197
156794;5,21E+18;5;3;15;0;2021;6;17;5;3;8;1;0;0;1;0;0;0;0;0;350870,961;5645413,836;6,877323738;50,94104014
156801;5,21E+18;5;3;15;0;2021;5;17;5;2;0;1;0;0;1;0;0;0;0;0;350375,2797;5643761,822;6,870951722;50,92606609
156816;5,21E+18;5;3;15;0;2021;10;17;5;3;5;3;1;1;0;1;0;1;0;0;348545,2122;5645072,491;6,844386197;50,93736654
156863;5,21E+18;5;3;15;0;2021;11;18;2;3;6;4;2;0;0;1;1;0;0;0;348474,4381;5645219,84;6,843318375;50,93867205
156870;5,21E+18;5;3;15;0;2021;9;17;4;3;0;1;0;1;0;0;0;1;0;0;348938,1273;5642858,909;6,850891414;50,91757773
156934;5,21E+18;5;3;15;0;2021;12;14;2;3;7;1;0;0;1;0;0;0;0;0;350596,327;5645039,583;6,873570993;50,93760586
156937;5,21E+18;5;3;15;0;2021;10;11;3;3;5;2;0;0;1;1;0;0;0;0;347030,8309;5645059,375;6,822854492;50,93684897
156942;5,21E+18;5;3;15;0;2021;9;13;3;3;0;1;0;0;0;0;0;0;0;1;350357,8013;5644786,894;6,870282385;50,93527325
156954;5,21E+18;5;3;15;0;2021;2;18;6;2;6;6;0;0;1;0;1;0;0;0;348468,011;5647692,561;6,842197921;50,96089073
156959;5,21E+18;5;3;15;0;2021;3;12;3;3;1;5;0;1;1;1;0;0;0;0;349633,3679;5645001,682;6,859891242;50,93701499
156973;5,21E+18;5;3;15;0;2021;2;16;4;3;5;3;0;0;1;1;0;0;0;0;350855,678;5651302,459;6,874691914;50,99395351
156992;5,21E+18;5;3;15;0;2021;12;17;5;2;0;1;2;1;1;0;0;0;0;0;349016,433;5644350,443;6,851387036;50,93100158
157022;5,21E+18;5;3;15;0;2021;5;15;1;2;0;7;0;0;1;0;0;0;0;0;350389,1562;5646301,932;6,870106067;50,94889609
157024;5,21E+18;5;3;15;0;2021;1;18;3;3;5;3;2;1;0;1;0;0;0;0;347814,841;5645454,384;6,833839438;50,94060601
157053;5,21E+18;5;3;15;0;2021;12;16;3;3;5;2;2;0;1;1;0;0;0;0;350767,7442;5644410,037;6,876266738;50,93199289
157073;5,21E+18;5;3;15;0;2021;7;14;3;2;6;4;0;0;0;1;1;0;0;0;350478,2179;5649363,022;6,8701151;50,97642719
157084;5,21E+18;5;3;15;0;2021;1;8;3;3;0;7;1;1;1;0;0;0;0;0;347610,303;5645604,49;6,830867539;50,94190086
157099;5,21E+18;5;3;15;0;2021;9;10;2;3;0;7;0;0;1;0;0;0;0;0;349612,7298;5644186,491;6,859934099;50,92968403
157104;5,21E+18;5;3;15;0;2021;3;17;4;3;0;1;0;0;1;0;0;0;0;0;350811,3352;5652606,16;6,873524806;51,00565746
157126;5,21E+18;5;3;15;0;2021;9;17;4;3;0;5;0;0;1;1;0;0;0;0;350408,2769;5644822,981;6,870985413;50,93561064
157137;5,21E+18;5;3;15;0;2021;9;13;2;3;0;5;0;0;1;1;0;0;0;0;348433,0138;5644761,157;6,842920011;50,93453934
157148;5,21E+18;5;3;15;0;2021;7;18;3;3;5;2;0;0;1;0;0;0;0;1;349161,4767;5644846,488;6,853244274;50,93549713
157175;5,21E+18;5;3;15;0;2021;7;11;6;3;0;3;0;1;0;1;0;1;0;0;348931,136;5642872,093;6,850786567;50,91769438
157177;5,21E+18;5;3;15;0;2021;5;14;2;3;2;6;0;0;1;1;0;0;0;0;347509,078;5648108,343;6,828379002;50,964374
157178;5,21E+18;5;3;15;0;2021;9;15;2;3;4;1;0;0;0;1;0;1;0;0;348959,4271;5659213,984;6,84439392;51,0645527
157239;5,21E+18;5;3;15;0;2021;9;8;4;3;1;6;0;0;1;1;0;0;0;0;349812,5133;5644448,405;6,86266706;50,93208974
157255;5,21E+18;5;3;15;0;2021;2;0;5;2;8;1;2;0;0;1;0;0;0;0;348542,093;5643336,794;6,845062978;50,92176833
157268;5,21E+18;5;3;15;0;2021;3;12;6;3;9;1;0;1;0;0;0;1;0;0;351022,754;5652692,446;6,876500651;51,00648765
157289;5,21E+18;5;3;15;0;2021;9;15;4;3;5;3;0;0;1;1;0;0;0;0;350732,3663;5651519,668;6,872846743;50,99587344
157380;5,21E+18;5;3;15;0;2021;4;18;2;3;0;2;0;0;1;1;0;0;0;0;349161,3156;5645592,56;6,852933111;50,9422015
157386;5,21E+18;5;3;15;0;2021;5;22;6;2;0;1;2;1;1;0;0;0;0;0;349432,848;5644457,804;6,857264158;50,93207521
157392;5,21E+18;5;3;15;0;2021;7;9;7;3;5;2;0;0;0;1;0;0;0;0;348821,6063;5646215,347;6,847842764;50,94770904
157425;5,21E+18;5;3;15;0;2021;5;21;1;3;0;7;0;0;0;1;0;0;0;0;349652,9283;5657056,81;6,855179998;51,04535014
157440;5,21E+18;5;3;15;0;2021;9;17;4;3;6;6;0;0;0;1;1;0;0;0;350966,0487;5658724,36;6,873212259;51,06067728
157485;5,21E+18;5;3;15;0;2021;5;9;2;3;1;5;0;0;1;1;0;0;0;0;347490,659;5645628,026;6,829155966;50,94208073
157520;5,21E+18;5;3;15;0;2021;5;8;6;3;1;5;0;0;1;1;0;0;0;0;350098,2207;5649364,557;6,864705556;50,9763422
157535;5,21E+18;5;3;15;0;2021;2;10;3;2;0;1;0;2;1;0;0;0;0;0;347025,5077;5644905,64;6,822843324;50,93546608
157540;5,21E+18;5;3;15;0;2021;12;14;4;3;5;3;0;0;1;1;0;0;0;0;347743,0396;5648322,369;6,831618718;50,96635914
157547;5,21E+18;5;3;15;0;2021;10;15;3;3;0;1;0;1;1;1;0;0;0;0;354092,9501;5643322,1;6,923989754;50,92306668
157550;5,21E+18;5;3;15;0;2021;9;8;5;3;3;5;0;0;1;1;0;0;0;0;355866,003;5644519,966;6,948726302;50,93427738
157553;5,21E+18;5;3;15;0;2021;3;7;4;3;5;3;1;0;1;1;0;0;0;0;351120,171;5650590,542;6,878749946;50,98762446
157554;5,21E+18;5;3;15;0;2021;9;14;1;3;0;1;0;0;0;0;0;1;0;0;355515,1639;5642432,509;6,944563844;50,91542999
157556;5,21E+18;5;3;15;0;2021;6;14;3;3;5;3;0;1;1;1;0;0;0;0;354522,002;5648416,277;6,928055279;50,96895489
157557;5,21E+18;5;3;15;0;2021;1;9;1;3;5;3;0;1;1;1;0;0;0;0;353730,7057;5646869,391;6,917415156;50,95485324
157558;5,21E+18;5;3;15;0;2021;1;9;6;3;0;5;0;1;1;0;0;0;0;1;355039,599;5641607,448;6,938130909;50,90789607
157560;5,21E+18;5;3;15;0;2021;11;11;7;3;2;6;0;0;0;1;0;0;0;0;355337,691;5643971,992;6,941430183;50,92922057
157561;5,21E+18;5;3;15;0;2021;12;18;6;3;0;2;2;0;0;1;0;0;0;1;354732,82;5644530,644;6,932606092;50,93408903
157563;5,21E+18;5;3;15;0;2021;9;20;3;3;5;2;2;0;1;1;0;0;0;0;355788,8954;5643188,76;6,948156274;50,92229477
157564;5,21E+18;5;3;15;0;2021;4;12;5;3;6;4;0;0;1;0;1;0;0;0;353373,394;5647108,792;6,912234914;50,95691384
157565;5,21E+18;5;3;15;0;2021;9;18;4;3;4;3;0;0;0;1;0;0;0;1;353950,0873;5646728,043;6,920593223;50,95363863
157566;5,21E+18;5;3;15;0;2021;3;13;2;3;3;2;0;0;1;1;0;0;0;0;352588,2284;5646902,203;6,901146882;50,95485701
157568;5,21E+18;5;3;15;0;2021;12;14;7;3;0;1;0;0;1;0;0;0;0;0;353599,3427;5646957,598;6,915510654;50,95561256
157569;5,21E+18;5;3;15;0;2021;6;2;5;3;1;5;2;0;0;1;0;0;0;1;355011,239;5641952,106;6,937590878;50,91098632
157570;5,21E+18;5;3;15;0;2021;9;11;6;3;0;3;0;0;1;1;0;0;0;0;352229,4096;5648422,698;6,895424205;50,96842903
157574;5,21E+18;5;3;15;0;2021;12;11;1;3;0;1;0;1;1;0;0;0;0;0;353754,5643;5643142,814;6,919250384;50,92136983
157575;5,21E+18;5;3;15;0;2021;10;13;6;3;0;1;0;1;0;0;0;1;0;0;355255,143;5643026,554;6,940631626;50,9207034
157577;5,21E+18;5;3;15;0;2021;12;18;6;3;1;5;2;0;1;1;0;0;0;1;354118,0489;5643334,754;6,924341555;50,92318675
157578;5,21E+18;5;3;15;0;2021;12;15;7;3;0;1;0;1;1;0;0;0;0;0;354876,1049;5643824,852;6,934924861;50,92778231
157579;5,21E+18;5;3;15;0;2021;6;17;4;3;9;1;0;0;0;1;0;0;0;0;352206,3147;5655572,226;6,892185125;51,03267175
157581;5,21E+18;5;3;15;0;2021;3;15;1;3;0;7;0;0;0;1;1;0;0;0;351272,2417;5645868,004;6,882845882;50,94522514
157582;5,21E+18;5;3;15;0;2021;6;11;2;3;5;2;0;0;1;1;0;0;0;0;355574,0372;5641862,196;6,945626538;50,91031941
157584;5,21E+18;5;3;15;0;2021;9;17;2;3;2;6;0;0;0;1;0;0;0;0;353457,7296;5638475,423;6,916903218;50,87935007
157585;5,21E+18;5;3;15;0;2021;3;4;1;2;9;1;2;1;0;1;0;0;0;0;355211,864;5645929,689;6,938862935;50,94678238
157587;5,21E+18;5;3;15;0;2021;9;15;5;2;8;1;0;0;1;0;0;0;0;0;354121,9566;5648885,703;6,922173407;50,97307227
157589;5,21E+18;5;3;15;0;2021;11;15;3;3;5;2;0;1;0;1;0;1;0;0;354767,3818;5641450,969;6,93432393;50,9064214
157592;5,21E+18;5;3;15;0;2021;4;8;5;3;0;7;0;0;0;0;1;0;0;1;353960,7311;5643252,934;6,922137522;50,92241166
157593;5,21E+18;5;3;15;0;2021;9;6;4;3;4;6;0;0;1;0;0;0;0;1;351220,209;5646126,076;6,882000303;50,94753087
157594;5,21E+18;5;3;15;0;2021;6;16;3;3;0;7;0;0;0;1;1;0;0;0;352941,841;5654486,405;6,90310807;51,02310276
157595;5,21E+18;5;3;15;0;2021;3;15;2;3;6;4;0;0;0;1;1;0;0;0;354318,4823;5643277,59;6,92721423;50,92272367
157599;5,21E+18;5;3;15;0;2021;10;18;4;2;4;2;2;0;0;1;0;1;0;0;355290,103;5641928,925;6,941564064;50,91084798
157600;5,21E+18;5;3;15;0;2021;9;3;7;3;0;1;2;0;0;0;0;0;0;1;354751,7525;5644894,661;6,932730253;50,93736512
157602;5,21E+18;5;3;15;0;2021;10;13;7;3;3;5;0;0;1;1;0;0;0;0;353898,8513;5643708,228;6,921075286;50,92648758
157603;5,21E+18;5;3;15;0;2021;7;17;7;3;6;7;0;0;0;1;1;0;0;0;352516,5581;5647037,994;6,900072151;50,95605896
157604;5,21E+18;5;3;15;0;2021;4;10;1;3;6;4;0;0;1;0;1;0;0;0;354102,8304;5641919,01;6,924691381;50,91046
157605;5,21E+18;5;3;15;0;2021;5;14;7;3;2;6;0;0;1;0;0;0;0;0;355038,9048;5642861,746;6,937622712;50,91916802
157608;5,21E+18;5;3;15;0;2021;6;21;6;2;5;2;2;1;0;1;0;1;0;0;353338,3344;5647132,466;6,911726527;50,95711766
157610;5,21E+18;5;3;15;0;2021;7;17;4;3;5;5;0;0;0;1;0;1;0;0;355422,8886;5640832,177;6,943885974;50,90102494
157611;5,21E+18;5;3;15;0;2021;12;13;3;3;2;6;0;0;0;1;0;0;0;0;351687,2933;5652020,265;6,886240618;51,00061889
157614;5,21E+18;5;3;15;0;2021;3;12;2;3;1;5;0;0;0;1;0;0;0;0;355095,8877;5640900,166;6,939211736;50,90155398
157615;5,21E+18;5;3;15;0;2021;11;21;2;3;5;3;2;1;0;1;0;0;0;0;352440,7431;5645914,093;6,899448939;50,94593958
157617;5,21E+18;5;3;15;0;2021;5;18;1;3;1;5;0;0;1;1;0;0;0;0;355846,4814;5644268,933;6,948547957;50,93201651
157618;5,21E+18;5;3;15;0;2021;1;13;3;3;0;1;0;1;1;0;0;0;0;0;353968,9655;5647213,738;6,920666957;50,95800818
157619;5,21E+18;5;3;15;0;2021;2;10;4;3;6;4;0;0;0;1;1;0;0;0;352607,003;5647604,681;6,901129509;50,96117465
157621;5,21E+18;5;3;15;0;2021;11;7;3;3;5;2;0;0;0;1;0;0;0;0;355303,347;5654611,641;6,936707081;51,02482742
157624;5,21E+18;5;3;15;0;2021;9;7;4;3;3;7;0;0;0;1;0;1;0;0;353130,4465;5645814,651;6,909300172;50,94522207
157626;5,21E+18;5;3;15;0;2021;10;7;7;3;0;1;2;1;0;0;0;0;0;1;355725,4834;5642431,857;6,947554046;50,91547674
157628;5,21E+18;5;3;15;0;2021;11;7;3;3;6;2;0;1;0;1;1;0;0;0;355266,3142;5641785,482;6,941282802;50,90955291
157629;5,21E+18;5;3;15;0;2021;10;18;6;3;5;3;2;0;1;0;0;0;0;1;352476,7267;5648019,325;6,899107592;50,96486751
157630;5,21E+18;5;3;15;0;2021;7;10;1;3;4;6;0;0;0;1;0;0;0;1;354074,4327;5644154,515;6,9233933;50,93054266
157631;5,21E+18;5;3;15;0;2021;4;13;3;3;6;4;0;1;0;1;1;0;0;0;355008,5186;5647044,918;6,935526074;50,95675354
157635;5,21E+18;5;3;15;0;2021;6;0;1;3;0;1;2;0;1;0;0;0;0;0;355530,0298;5641343,849;6,945206164;50,90565008
157638;5,21E+18;5;3;15;0;2021;11;8;3;3;6;4;0;0;1;0;1;0;0;0;355211,9917;5645862,266;6,938891558;50,94617651
157640;5,21E+18;5;3;15;0;2021;9;13;4;3;0;5;0;0;0;1;0;0;0;1;353901,0434;5643221,479;6,921301478;50,92211387
157642;5,21E+18;5;3;15;0;2021;4;13;6;3;0;6;0;0;0;1;0;0;0;0;354909,798;5647918,015;6,933773286;50,96457497
157643;5,21E+18;5;3;15;0;2021;2;2;7;3;0;1;2;0;0;0;0;0;0;1;351548,315;5645784,823;6,886806854;50,94454879
157644;5,21E+18;5;3;15;0;2021;5;14;5;3;5;3;0;0;1;0;0;0;0;1;355870,3501;5642776,012;6,949477529;50,91860582
157645;5,21E+18;5;3;15;0;2021;9;16;6;3;5;3;0;0;0;1;0;0;0;0;352953,098;5647474,526;6,90610696;50,96009343
157646;5,21E+18;5;3;15;0;2021;3;11;6;3;0;6;0;0;0;1;0;0;0;1;354028,8024;5646679,359;6,921732674;50,95322106
157650;5,21E+18;5;3;15;0;2021;12;6;4;3;5;3;2;1;1;1;0;0;0;0;353641,2448;5647636,852;6,915833675;50,96172739
157653;5,21E+18;5;3;15;0;2021;12;16;5;3;5;3;0;1;1;1;0;0;0;0;352567,7664;5642869,557;6,902487372;50,91861215
157657;5,21E+18;5;3;15;0;2021;6;18;4;3;1;5;0;0;1;1;0;0;0;0;353905,429;5646756,064;6,919946597;50,95387912
157658;5,21E+18;5;3;15;0;2021;6;9;2;3;0;7;0;0;1;1;0;0;0;0;352675,1273;5652184,779;6,900242362;51,00235107
157659;5,21E+18;5;3;15;0;2021;11;19;6;3;5;3;2;1;1;1;0;0;0;0;354209,2784;5642698,334;6,925893083;50,91749047
157660;5,21E+18;5;3;15;0;2021;10;10;3;3;4;2;0;0;1;1;0;0;0;0;355037,9076;5645972,651;6,936371187;50,94712476
157664;5,21E+18;5;3;15;0;2021;10;6;7;2;6;4;2;0;0;0;1;0;0;1;353130,1951;5642918,174;6,910463749;50,91919247
157665;5,21E+18;5;3;15;0;2021;6;8;4;3;0;3;0;0;1;1;0;0;0;0;355504,383;5643362,279;6,944042244;50,92378297
157667;5,21E+18;5;3;15;0;2021;10;10;5;3;0;7;0;1;0;1;0;0;0;0;355805,7056;5647995,725;6,946492297;50,96549826
157669;5,21E+18;5;3;15;0;2021;11;17;7;2;5;2;2;1;0;0;0;1;0;1;354150,8027;5655495,387;6,919928402;51,03247798
157670;5,21E+18;5;3;15;0;2021;11;17;6;3;3;6;1;0;1;1;0;0;0;0;355180,1602;5644086,405;6,939144588;50,93020925
157671;5,21E+18;5;3;15;0;2021;9;8;7;2;7;1;0;0;0;1;0;0;0;1;352453,2658;5647481,163;6,898991954;50,96002531
157672;5,21E+18;5;3;15;0;2021;6;16;5;3;1;5;0;0;1;1;0;0;0;0;354034,1034;5643519,305;6,923074114;50,92482402
157674;5,21E+18;5;3;15;0;2021;11;11;4;2;6;4;0;1;0;1;1;0;0;0;351790,2762;5645248,129;6,890467007;50,93978805
157676;5,21E+18;5;3;15;0;2021;7;11;3;3;5;3;0;1;1;1;0;0;0;0;352978,1298;5643125,338;6,908218329;50,92101546
157678;5,21E+18;5;3;15;0;2021;3;8;6;2;0;2;0;0;0;1;0;1;0;0;355702,02;5647430,586;6,945240831;50,96039353
157679;5,21E+18;5;3;15;0;2021;12;8;6;3;0;3;0;0;1;1;0;0;0;0;352736,03;5644611,921;6,904175791;50,93431303
157680;5,21E+18;5;3;15;0;2021;1;14;7;3;0;1;0;0;1;0;0;0;0;0;354361,4632;5643450,66;6,927756222;50,92428986
157681;5,21E+18;5;3;15;0;2021;6;23;6;3;0;1;2;0;0;0;0;0;0;1;353709,1273;5646930,308;6,917083656;50,9553952
157682;5,21E+18;5;3;15;0;2021;11;19;3;3;0;5;2;0;1;0;0;0;0;1;355135,3868;5644557,036;6,938320825;50,93442747
157686;5,21E+18;5;3;15;0;2021;2;17;6;2;0;1;1;1;1;0;0;0;0;0;351614,228;5643064,483;6,888851933;50,92011945
157688;5,21E+18;5;3;15;0;2021;9;20;2;3;0;1;2;1;0;0;0;0;0;1;353016,2252;5648325,695;6,906661355;50,96775861
157690;5,21E+18;5;3;15;0;2021;6;7;3;3;0;4;0;0;1;1;1;0;0;0;354114,4716;5645706,534;6,923341283;50,9445003
157691;5,21E+18;5;3;15;0;2021;11;0;1;3;0;1;2;1;0;0;0;0;0;1;355014,539;5647048,365;6,935610363;50,95678603
157693;5,21E+18;5;3;15;0;2021;9;23;4;2;5;2;2;0;0;1;0;1;0;0;353425,1949;5647074,888;6,912985619;50,95662234
157697;5,21E+18;5;3;15;0;2021;7;17;3;3;2;1;0;0;0;1;0;0;0;0;354648,9751;5646831,691;6,930495397;50,95474676
157698;5,21E+18;5;3;15;0;2021;5;19;7;3;9;1;0;0;1;0;0;0;0;0;353741,3006;5646991,065;6,91751701;50,95594936
157699;5,21E+18;5;3;15;0;2021;5;23;6;3;0;7;2;0;1;1;0;0;0;0;355163,552;5645899,302;6,938187749;50,94649717
157701;5,21E+18;5;3;15;0;2021;9;19;4;3;5;7;0;0;1;1;0;0;0;0;355475,5444;5645683,784;6,94271156;50,94463866
157702;5,21E+18;5;3;15;0;2021;12;12;3;3;0;7;0;1;0;1;0;1;0;0;354864,375;5644520,088;6,934481241;50,93402729
157703;5,21E+18;5;3;15;0;2021;10;10;3;2;0;1;0;1;0;0;0;1;0;0;351704,3243;5648292,178;6,888004481;50,96712118
157704;5,21E+18;5;3;15;0;2021;6;5;7;3;0;5;0;1;0;1;0;0;0;1;355992,1326;5645700,811;6,950053358;50,94492095
157705;5,21E+18;5;3;15;0;2021;4;10;7;3;4;2;0;1;0;1;0;0;0;0;352901,398;5647401,582;6,905400782;50,95942472
157706;5,21E+18;5;3;15;0;2021;5;9;4;3;5;3;0;0;1;0;0;0;0;1;353905,8967;5643060,202;6,921435086;50,92066575
157707;5,21E+18;5;3;15;0;2021;5;17;7;3;1;3;0;0;1;1;0;0;0;0;351102,3569;5646100,938;6,88033409;50,94727453
157708;5,21E+18;5;3;15;0;2021;3;13;1;3;0;5;0;0;1;1;0;0;0;0;352656,1996;5645098,512;6,902843722;50,93866543
157710;5,21E+18;5;3;15;0;2021;7;7;6;3;0;1;0;1;0;0;0;1;0;0;353536,5836;5645674,437;6,915133852;50,94406534
157711;5,21E+18;5;3;15;0;2021;6;0;3;3;1;3;2;0;1;0;0;0;0;1;355021,0176;5643950,327;6,936935601;50,92894637
157715;5,21E+18;5;3;15;0;2021;12;11;4;3;3;6;0;1;1;1;0;0;0;0;354680,3288;5642171,7;6,932799627;50,91287654
157717;5,21E+18;5;3;15;0;2021;2;17;4;3;6;7;0;0;0;1;1;0;0;0;353986,7245;5647215,401;6,920918981;50,95802763
157718;5,21E+18;5;3;15;0;2021;11;5;1;3;6;4;2;0;0;1;1;0;0;0;355296,6925;5645352,592;6,940298953;50,94161745
157720;5,21E+18;5;3;15;0;2021;9;17;7;3;3;2;0;0;1;1;0;0;0;0;354141,81;5642680,013;6,924941235;50,91730878
157721;5,21E+18;5;3;15;0;2021;11;2;7;3;1;5;2;1;0;1;0;0;0;1;355100,3502;5648404,151;6,936291406;50,96899168
157722;5,21E+18;5;3;15;0;2021;2;0;5;3;1;7;2;0;1;1;0;0;0;0;352002,699;5647091,044;6,892739334;50,95640396
157724;5,21E+18;5;3;15;0;2021;10;0;2;3;9;5;2;0;0;1;0;0;0;1;355531,6249;5645904,212;6,943421872;50,94663365
157726;5,21E+18;5;3;15;0;2021;2;14;1;3;0;3;0;0;1;1;0;0;0;0;355686,416;5644203,259;6,946297629;50,93138628
157728;5,21E+18;5;3;15;0;2021;9;9;3;3;0;1;0;0;1;0;0;0;0;0;353758,8593;5642194,439;6,919691639;50,91284816
157730;5,21E+18;5;3;15;0;2021;5;13;7;3;5;2;0;0;1;1;0;0;0;0;352443,3626;5646674,604;6,899178015;50,95277462
157731;5,21E+18;5;3;15;0;2021;9;9;5;3;5;2;0;0;1;0;0;0;0;1;354179,2664;5646580,821;6,923912872;50,95237362
157732;5,21E+18;5;3;15;0;2021;9;5;7;2;0;1;2;0;0;0;0;0;0;1;354837,6625;5645605,52;6,93366888;50,94377506
157734;5,21E+18;5;3;15;0;2021;3;14;5;3;4;6;0;0;1;1;0;0;0;0;353411,0161;5646773,346;6,912905312;50,95390889
157735;5,21E+18;5;3;15;0;2021;11;13;6;3;5;3;0;0;0;1;0;1;0;0;353034,6163;5646030,285;6,907849977;50,94713545
157740;5,21E+18;5;3;15;0;2021;5;14;7;3;5;3;0;1;1;1;0;0;0;0;353750,9091;5647442,906;6,917472152;50,96001233
157741;5,21E+18;5;3;15;0;2021;4;12;1;3;5;3;0;1;1;1;0;0;0;0;355156,2672;5644988,467;6,938446295;50,93830988
157742;5,21E+18;5;3;15;0;2021;9;17;2;3;0;5;0;0;1;1;0;0;0;1;352332,0418;5646198,197;6,897787454;50,94846486
157743;5,21E+18;5;3;15;0;2021;7;17;1;3;5;2;0;0;0;1;0;0;0;0;355313,7895;5642609,539;6,941630863;50,91697048
157744;5,21E+18;5;3;15;0;2021;12;1;7;3;0;1;2;1;1;0;0;0;0;0;354772,1915;5643769,98;6,933469085;50,92726305
157747;5,21E+18;5;3;15;0;2021;9;20;1;3;0;7;1;0;1;0;1;0;0;0;352815,9154;5641519,535;6,90655981;50,90654336
157748;5,21E+18;5;3;15;0;2021;11;9;3;2;6;2;0;0;0;1;1;0;0;0;354098,0209;5651349,831;6,920843395;50,99521034
157749;5,21E+18;5;3;15;0;2021;6;12;3;3;6;4;0;0;1;0;1;0;0;0;352452,7499;5645020,628;6,899981624;50,9379135
157750;5,21E+18;5;3;15;0;2021;5;13;1;3;1;5;0;0;1;1;0;0;0;0;354476,0988;5648445,329;6,927390345;50,96920438
157751;5,21E+18;5;3;15;0;2021;3;16;3;3;0;5;0;0;1;1;0;0;0;0;353732,7709;5651058,372;6,915759504;50,99249842
157753;5,21E+18;5;3;15;0;2021;1;7;5;3;6;7;0;1;0;1;1;0;0;0;352194,4137;5647134,477;6,895449456;50,95684348