OBJECTID;UIDENTSTLAE;ULAND;UREGBEZ;UKREIS;UGEMEINDE;UJAHR;UMONAT;USTUNDE;UWOCHENTAG;UKATEGORIE;UART;UTYP1;ULICHTVERH;USTRZUSTAND;IstRad;IstPKW;IstFuss;IstKrad;IstGkfz;IstSonstige;LINREFX;LINREFY;XGCSWGS84;YGCSWGS84
157755;5,21E+18;5;3;15;0;2021;5;15;3;3;0;4;0;1;1;0;1;0;0;0;355259,7906;5642831,363;6,940775164;50,91895042
157756;5,21E+18;5;3;15;0;2021;12;11;3;3;7;1;0;1;1;0;0;0;0;0;355466,5636;5644319,409;6,943125042;50,93237505
157758;5,21E+18;5;3;15;0;2021;2;22;4;3;0;1;2;0;0;0;0;0;0;1;353842,2191;5647099,116;6,91890952;50,95694598
157759;5,21E+18;5;3;15;0;2021;10;15;6;3;6;4;0;0;0;0;1;0;0;1;355332,2133;5645086,919;6,940909704;50,93923882
157760;5,21E+18;5;3;15;0;2021;12;17;1;3;5;3;2;0;1;1;0;0;0;0;352360,9926;5645618,125;6,898434454;50,94325944
157761;5,21E+18;5;3;15;0;2021;11;9;5;3;2;6;0;0;0;1;0;0;0;0;354149,5384;5644164,055;6,924457531;50,9306474
157762;5,21E+18;5;3;15;0;2021;6;14;5;3;0;2;0;0;0;1;0;1;0;0;355177,6284;5654766,118;6,934853944;51,02618399
157764;5,21E+18;5;3;15;0;2021;6;15;4;3;0;1;0;0;0;0;0;1;0;0;354065,3407;5636577,87;6,926291455;50,86245091
157765;5,21E+18;5;3;15;0;2021;12;13;7;3;0;7;0;0;1;0;0;0;0;0;353510,4026;5646703,626;6,914347404;50,95330761
157766;5,21E+18;5;3;15;0;2021;7;19;4;2;8;1;0;0;1;1;0;0;0;0;354994,2471;5644009,63;6,936531329;50,92947259
157768;5,21E+18;5;3;15;0;2021;5;15;1;2;0;5;0;0;0;1;0;1;0;0;353161,2248;5642670,246;6,911004701;50,91697233
157769;5,21E+18;5;3;15;0;2021;1;8;6;3;5;3;0;0;0;1;0;0;0;1;355326,9181;5644419,511;6,941099365;50,93323964
157770;5,21E+18;5;3;15;0;2021;5;12;7;3;5;3;0;0;0;1;0;0;0;1;355495,6039;5643374,589;6,943912538;50,92389141
157771;5,21E+18;5;3;15;0;2021;2;6;3;3;5;3;1;0;0;1;0;0;0;0;355995,4755;5652119,363;6,947558936;51,00260385
157772;5,21E+18;5;3;15;0;2021;9;15;4;3;1;5;0;0;0;1;0;0;0;0;353343,7846;5646604,667;6,91201672;50,95237594
157776;5,21E+18;5;3;15;0;2021;6;8;2;3;6;4;0;0;1;0;1;0;0;0;354195,4481;5642625,803;6,925725452;50,91683517
157777;5,21E+18;5;3;15;0;2021;11;3;6;3;5;2;2;0;0;1;0;0;0;1;355028,4867;5645987,538;6,936231241;50,94725617
157778;5,21E+18;5;3;15;0;2021;5;12;7;3;2;6;0;0;0;1;0;1;0;0;351875,0481;5644662,527;6,891910784;50,93454732
157779;5,21E+18;5;3;15;0;2021;10;18;7;3;0;1;0;0;0;0;0;1;0;0;353232,015;5653116,37;6,907797042;51,01086513
157781;5,21E+18;5;3;15;0;2021;2;12;7;3;0;1;0;0;0;0;0;1;0;0;355815,1019;5648680,715;6,946354479;50,97165646
157786;5,21E+18;5;3;15;0;2021;9;8;5;3;6;4;0;0;1;0;1;0;0;0;354069,013;5642679,113;6,923906671;50,91728229
157787;5,21E+18;5;3;15;0;2021;5;18;7;2;0;1;1;1;1;0;0;0;0;0;354795,327;5643781,421;6,933793508;50,92737169
157789;5,21E+18;5;3;15;0;2021;12;16;3;3;0;5;0;1;1;1;0;0;0;0;355914,8882;5645304,363;6,94911136;50,94133884
157790;5,21E+18;5;3;15;0;2021;9;9;5;3;5;3;0;0;0;1;0;1;0;0;353281,8109;5642546,725;6,912768673;50,91589296
157793;5,21E+18;5;3;15;0;2021;9;17;3;3;6;6;0;0;1;0;1;0;0;0;355607,2206;5644616,844;6,945007531;50,93508327
157796;5,21E+18;5;3;15;0;2021;11;8;3;3;0;7;0;0;1;1;0;0;0;0;353616,778;5643325,532;6,917218031;50,92297691
157797;5,21E+18;5;3;15;0;2021;2;17;5;3;1;5;1;0;1;1;0;0;0;0;355161,6233;5645644,958;6,938261461;50,94421095
157798;5,21E+18;5;3;15;0;2021;2;18;4;3;3;6;2;1;1;1;0;0;0;0;352303,7443;5645481,493;6,89767554;50,94201693
157799;5,21E+18;5;3;15;0;2021;6;11;3;3;0;5;0;0;1;1;0;0;0;0;355286,9323;5641948,798;6,941511112;50,91102577
157802;5,21E+18;5;3;15;0;2021;10;21;3;3;3;1;2;1;0;1;0;1;0;0;355800,9679;5642601,634;6,948560043;50,91702138
157803;5,21E+18;5;3;15;0;2021;12;13;2;3;5;3;0;1;0;1;0;0;0;0;353494,7427;5651798,999;6,912071337;50,99909355
157804;5,21E+18;5;3;15;0;2021;4;13;7;3;0;1;0;0;1;0;0;0;0;0;353819,1578;5642290,445;6,92051033;50,91372621
157806;5,21E+18;5;3;15;0;2021;9;12;2;3;6;4;0;0;1;0;1;0;0;0;354154,8605;5642666,943;6,925131993;50,91719462
157808;5,21E+18;5;3;15;0;2021;6;15;7;3;5;3;0;0;0;1;0;1;0;0;351595,996;5650141,56;6,885707955;50,98371259
157810;5,21E+18;5;3;15;0;2021;4;9;3;3;0;7;0;0;0;0;0;0;0;1;353313,4379;5650545,149;6,909995681;50,9877796
157811;5,21E+18;5;3;15;0;2021;6;11;3;3;0;4;0;0;1;0;1;0;0;0;355461,022;5644098,338;6,943133897;50,93038694
157812;5,21E+18;5;3;15;0;2021;9;15;7;3;0;1;0;0;1;0;0;0;0;0;355740,6286;5647242,248;6,945864888;50,95871064
157813;5,21E+18;5;3;15;0;2021;12;8;6;3;0;1;0;2;1;0;0;0;0;0;353888,5379;5650620,984;6,918153467;50,98860736
157814;5,21E+18;5;3;15;0;2021;2;15;4;3;6;3;0;0;0;0;1;0;0;1;355265,9937;5641766,352;6,941285833;50,90938092
157815;5,21E+18;5;3;15;0;2021;6;10;5;2;0;7;0;1;1;0;0;0;0;0;352397,2102;5643490,553;6,899811291;50,92414918
157817;5,21E+18;5;3;15;0;2021;9;2;1;2;3;6;2;0;1;0;0;0;0;1;354969,978;5647022,798;6,934986505;50,95654506
157820;5,21E+18;5;3;15;0;2021;10;15;4;3;5;3;0;0;1;0;1;0;0;0;352919,1768;5643191,551;6,90735346;50,92159546
157822;5,21E+18;5;3;15;0;2021;10;13;6;3;3;6;0;0;0;1;0;1;0;0;355775,2743;5649397,996;6,945503079;50,97809251
157823;5,21E+18;5;3;15;0;2021;7;7;3;3;6;7;0;1;0;1;1;0;0;0;354535,651;5645320,241;6,92948678;50,94113522
157824;5,21E+18;5;3;15;0;2021;4;20;5;3;2;6;0;0;0;1;0;0;0;1;353637,4255;5646614,622;6,916190402;50,95254004
157826;5,21E+18;5;3;15;0;2021;6;17;4;2;5;3;0;0;1;1;0;0;0;0;352600,9076;5654533,895;6,898230916;51,02344222
157827;5,21E+18;5;3;15;0;2021;11;0;6;3;0;1;2;0;1;0;0;0;0;0;354043,5215;5645275,624;6,922504688;50,9406099
157828;5,21E+18;5;3;15;0;2021;9;22;6;2;7;1;2;0;0;0;0;0;0;1;355429,0484;5644984,972;6,942327483;50,93834693
157829;5,21E+18;5;3;15;0;2021;6;2;1;2;0;1;2;1;0;0;0;0;0;1;354802,6294;5643784,879;6,933895969;50,9274046
157830;5,21E+18;5;3;15;0;2021;9;19;1;1;0;1;1;0;0;0;0;1;0;0;351610,5349;5645951,588;6,887623959;50,94606344
157831;5,21E+18;5;3;15;0;2021;6;16;1;3;9;1;0;0;0;0;0;0;0;1;355862,1145;5644408,377;6,948715133;50,93327357
157833;5,21E+18;5;3;15;0;2021;12;1;2;3;8;1;2;1;0;1;0;0;0;0;353042,709;5650877,715;6,906006537;50,99069916
157834;5,21E+18;5;3;15;0;2021;6;17;1;3;1;7;0;0;0;1;0;1;0;0;354082,2465;5646646,508;6,922506217;50,95293938
157836;5,21E+18;5;3;15;0;2021;4;9;2;3;5;3;0;1;1;1;0;0;0;0;351922,8461;5645345,345;6,892313052;50,94069575
157837;5,21E+18;5;3;15;0;2021;9;14;1;2;5;3;0;0;0;1;0;1;0;0;353231,5863;5653231,288;6,907744452;51,01189773
157840;5,21E+18;5;3;15;0;2021;5;18;6;3;5;3;0;0;1;1;0;0;0;0;354443,0805;5646716,417;6,927612016;50,95365887
157844;5,21E+18;5;3;15;0;2021;6;11;3;3;6;4;0;0;0;1;0;0;0;1;354197,8098;5647678,5;6,923736963;50,96224278
157845;5,21E+18;5;3;15;0;2021;10;19;4;3;0;1;2;1;1;0;0;0;0;0;354854,8445;5643810,014;6,934628448;50,92764363
157846;5,21E+18;5;3;15;0;2021;10;14;1;2;8;1;0;0;0;0;0;1;0;0;351989,5735;5651580,014;6,89072506;50,99674046
157847;5,21E+18;5;3;15;0;2021;5;17;5;3;5;3;0;0;0;1;0;0;0;0;355971,0311;5647366,882;6,949094054;50,95988834
157849;5,21E+18;5;3;15;0;2021;9;7;5;3;9;6;0;0;1;1;0;0;0;0;354174,8892;5650157,339;6,922416704;50,98451338
157852;5,21E+18;5;3;15;0;2021;11;16;1;3;2;6;1;0;0;1;0;0;0;0;354322,2499;5642980,295;6,92738655;50,92005291
157853;5,21E+18;5;3;15;0;2021;5;16;1;3;0;1;0;0;1;0;0;0;0;0;353809,2123;5657767,176;6,914143194;51,05280656
157854;5,21E+18;5;3;15;0;2021;5;20;6;3;0;1;1;0;1;0;0;0;0;0;355092,6962;5644012,333;6,93793024;50,92952162
157856;5,21E+18;5;3;15;0;2021;9;7;4;3;2;7;0;0;1;1;0;0;0;0;355457,562;5647231,108;6,941841454;50,95853959
157857;5,21E+18;5;3;15;0;2021;6;1;1;2;0;1;2;0;0;0;0;0;0;1;354708,5136;5643728,029;6,932580325;50,92687001
157858;5,21E+18;5;3;15;0;2021;9;20;5;3;5;3;2;0;0;1;0;0;0;0;351646,3224;5646066,552;6,888086205;50,94710577
157859;5,21E+18;5;3;15;0;2021;6;17;2;3;5;3;0;0;1;0;0;0;0;0;355774,736;5641793,058;6,948506724;50,90974826
157860;5,21E+18;5;3;15;0;2021;1;7;2;3;0;1;2;1;1;0;0;0;0;0;353813,8912;5642282,06;6,920438822;50,91364952
157861;5,21E+18;5;3;15;0;2021;9;18;2;3;1;5;0;0;1;1;0;0;0;0;352475,7469;5642773,012;6,901218199;50,91772102
157862;5,21E+18;5;3;15;0;2021;10;13;6;3;0;5;0;0;1;1;0;0;0;0;354125,1723;5642696,675;6,924698041;50,91745431
157865;5,21E+18;5;3;15;0;2021;9;6;4;2;1;3;1;0;0;0;0;1;1;0;352040,8497;5645981,45;6,893733078;50,94644239
157866;5,21E+18;5;3;15;0;2021;11;16;2;3;2;5;0;0;0;1;0;0;0;1;353040,0914;5643277,723;6,909037866;50,92240067
157869;5,21E+18;5;3;15;0;2021;6;14;1;3;7;1;0;0;1;0;0;0;0;0;355751,7209;5644602,368;6,947068372;50,93498934
157870;5,21E+18;5;3;15;0;2021;6;15;6;2;6;4;0;0;0;1;1;0;0;0;353748,5693;5646857,504;6,917674095;50,95475094
157871;5,21E+18;5;3;15;0;2021;9;17;5;2;0;3;0;0;0;1;1;0;0;0;355262,1189;5641783,85;6,941223816;50,9095372
157872;5,21E+18;5;3;15;0;2021;12;15;4;3;5;3;1;0;0;1;0;0;0;0;352493,5307;5646963,333;6,899774769;50,95538213
157873;5,21E+18;5;3;15;0;2021;11;18;4;3;0;1;2;1;1;0;0;0;0;0;354075,1399;5643312,823;6,923740235;50,92297881
157874;5,21E+18;5;3;15;0;2021;6;19;2;3;0;1;0;0;1;0;0;0;0;0;354976,3389;5643911,677;6,936315635;50,9285878
157877;5,21E+18;5;3;15;0;2021;11;9;5;3;6;2;0;1;0;1;1;0;0;0;353461,6513;5648136,578;6,913076777;50,96617258
157878;5,21E+18;5;3;15;0;2021;7;12;6;3;0;2;0;0;1;1;0;0;0;0;353028,4526;5646382,116;6,907620291;50,95029564
157879;5,21E+18;5;3;15;0;2021;10;19;1;3;0;6;2;0;0;1;0;0;0;1;351278,8717;5647417,194;6,882307349;50,95914854
157880;5,21E+18;5;3;15;0;2021;6;16;2;3;0;1;0;0;1;0;0;0;0;0;355557,2266;5641577,842;6,945500121;50,90775975
157882;5,21E+18;5;3;15;0;2021;9;6;1;2;5;3;2;0;1;1;0;0;0;0;353557,686;5643062,995;6,916483268;50,92060258
157884;5,21E+18;5;3;15;0;2021;9;16;5;3;3;2;0;0;1;1;0;0;0;0;352348,6293;5645784,345;6,898191215;50,94475001
157885;5,21E+18;5;3;15;0;2021;9;12;4;3;0;1;0;1;1;0;0;0;0;0;354047,9307;5645756,549;6,922374706;50,94493293
157887;5,21E+18;5;3;15;0;2021;6;20;3;3;5;3;0;1;1;1;0;0;0;0;355005,8155;5649278,796;6,934597194;50,97682806
157891;5,21E+18;5;3;15;0;2021;6;7;5;3;0;3;0;0;1;1;0;0;0;0;354054,3165;5647605,82;6,921724167;50,9615533
157895;5,21E+18;5;3;15;0;2021;4;17;4;3;5;2;0;0;1;1;0;0;0;0;353549,9878;5647805,658;6,91446714;50,9632212
157896;5,21E+18;5;3;15;0;2021;10;17;6;3;4;6;0;0;1;0;0;0;0;0;355115,8724;5645932,796;6,937496153;50,94678619
157899;5,21E+18;5;3;15;0;2021;5;19;4;3;5;3;0;1;1;1;0;0;0;0;355416,1806;5644614,323;6,942291531;50,93501275
157902;5,21E+18;5;3;15;0;2021;12;19;5;3;2;6;2;1;0;1;0;0;0;0;353743,5437;5638697,937;6,920874175;50,88142216
157905;5,21E+18;5;3;15;0;2021;3;22;5;3;3;6;2;1;0;1;0;0;0;0;355019,6197;5646015,946;6,936093791;50,94750924
157910;5,21E+18;5;3;15;0;2021;5;23;6;2;0;1;2;0;1;0;0;0;0;0;354409,8739;5648556,021;6,926403493;50,97018239
157911;5,21E+18;5;3;15;0;2021;6;13;1;3;0;1;0;0;1;0;0;0;0;0;353601,9529;5647710,962;6,915244731;50,96238341
157912;5,21E+18;5;3;15;0;2021;11;11;4;3;1;3;0;0;1;1;0;0;0;0;355142,6998;5643927,179;6,93867515;50,92876892
157917;5,21E+18;5;3;15;0;2021;11;7;3;3;3;6;1;1;1;1;0;0;0;0;355914,5358;5647237,192;6,948341486;50,95870872
157918;5,21E+18;5;3;15;0;2021;6;6;7;3;5;3;0;0;0;1;0;0;0;0;353387,8238;5648041,833;6,912064294;50,96530236
157919;5,21E+18;5;3;15;0;2021;6;16;3;3;0;7;0;0;0;0;0;0;0;1;353052,9963;5653673,494;6,905021267;51,015826
157920;5,21E+18;5;3;15;0;2021;11;11;6;3;0;1;0;1;1;0;0;0;0;0;353986,4493;5647213,911;6,920915664;50,95801417
157921;5,21E+18;5;3;15;0;2021;6;19;4;3;5;3;0;0;1;1;0;0;0;0;352495,595;5644619,692;6,900753288;50,93432143
157923;5,21E+18;5;3;15;0;2021;11;12;7;3;0;1;0;0;0;0;0;1;0;0;354883,055;5637760,805;6,937433723;50,8732876
157924;5,21E+18;5;3;15;0;2021;9;19;6;3;2;6;0;0;1;1;0;0;0;0;351533,4941;5648675,769;6,885416747;50,97052428
157929;5,21E+18;5;3;15;0;2021;12;15;2;3;1;6;0;1;0;1;0;0;0;0;355920,112;5651338,657;6,946795343;50,99556899
157931;5,21E+18;5;3;15;0;2021;7;14;5;2;6;7;0;0;0;1;1;0;0;0;353668,4264;5643305,771;6,91796031;50,92281242
157933;5,21E+18;5;3;15;0;2021;1;14;4;3;5;3;0;0;0;1;0;0;0;1;352440,2636;5645090,245;6,899775842;50,93853592
157935;5,21E+18;5;3;15;0;2021;11;17;4;3;0;3;2;0;1;1;0;0;0;0;355039,2913;5645981,206;6,936387466;50,94720199
157936;5,21E+18;5;3;15;0;2021;4;18;3;2;0;1;0;0;1;0;0;0;0;0;351859,9835;5646471,004;6,890961066;50,95079532
157937;5,21E+18;5;3;15;0;2021;11;16;5;3;5;3;0;0;1;1;0;0;0;0;353280,582;5642548,013;6,912750686;50,91590422
157938;5,21E+18;5;3;15;0;2021;5;13;6;3;5;2;0;0;1;1;0;0;0;0;353268,3861;5653254,554;6,908259267;51,0121162
157940;5,21E+18;5;3;15;0;2021;11;12;2;2;6;2;0;1;0;1;1;0;0;0;355621,119;5644917,568;6,945086044;50,9377893
157943;5,21E+18;5;3;15;0;2021;11;15;3;3;0;5;0;0;1;1;0;0;0;0;355225,5913;5647459,166;6,938449949;50,96053086
157949;5,21E+18;5;3;15;0;2021;9;19;6;3;2;7;1;0;0;1;0;1;0;1;352931,5167;5647932,133;6,90561491;50,96420023
157952;5,21E+18;5;3;15;0;2021;11;11;4;3;1;5;0;0;0;1;0;0;1;0;352768,2933;5647174,674;6,9035986;50,95735161
157954;5,21E+18;5;3;15;0;2021;6;7;2;2;0;7;0;0;1;0;0;0;0;0;353399,5478;5643832,513;6,913925571;50,92747782
157955;5,21E+18;5;3;15;0;2021;7;10;3;3;1;5;0;1;1;1;0;0;0;0;355032,3275;5645214,27;6,936593642;50,94030797
157957;5,21E+18;5;3;15;0;2021;4;12;5;3;5;3;0;0;1;1;0;0;0;0;352696,2295;5647548,023;6,902422116;50,96068831
157958;5,21E+18;5;3;15;0;2021;12;19;7;3;0;7;2;0;1;0;0;0;0;1;355277,2709;5642472,294;6,941166138;50,91572792
157959;5,21E+18;5;3;15;0;2021;6;7;5;3;0;6;0;0;1;1;0;0;0;0;355664,1249;5648176,865;6,944405524;50,96709066
157962;5,21E+18;5;3;15;0;2021;6;13;3;3;2;6;0;0;0;1;0;0;0;0;355375,132;5648235,942;6,940269114;50,9675491
157965;5,21E+18;5;3;15;0;2021;2;17;5;3;1;5;0;0;1;1;0;0;0;0;354293,1614;5645941,468;6,925789132;50,94665677
157967;5,21E+18;5;3;15;0;2021;9;6;5;2;8;1;1;0;0;0;0;0;0;1;352188,9208;5653602,583;6,892740189;51,01496732
157968;5,21E+18;5;3;15;0;2021;5;15;1;3;1;5;0;0;1;1;0;0;0;1;356039,7698;5646185,603;6,950539364;50,94928958
157972;5,21E+18;5;3;15;0;2021;6;15;6;3;4;7;0;0;1;0;0;0;0;1;355691,6476;5645363,457;6,945912555;50,94181408
157975;5,21E+18;5;3;15;0;2021;6;10;4;2;6;4;0;0;0;0;1;1;0;0;355200,021;5643716,626;6,939573896;50,92689111
157977;5,21E+18;5;3;15;0;2021;12;14;3;2;6;4;0;0;0;1;1;0;0;0;354376,5721;5655229,839;6,923252713;51,03014887
157978;5,21E+18;5;3;15;0;2021;6;13;2;3;0;1;0;0;1;0;0;0;0;0;354880,9321;5646087,758;6,934092223;50,9481197
157980;5,21E+18;5;3;15;0;2021;6;13;7;3;1;5;0;0;1;1;0;0;0;0;355882,4357;5644606,65;6,948925727;50,9350605
157982;5,21E+18;5;3;15;0;2021;11;16;6;3;5;3;0;1;1;1;0;0;0;0;351126,6549;5646106,072;6,880677637;50,94732695
157983;5,21E+18;5;3;15;0;2021;7;16;5;3;0;7;0;0;1;0;0;0;0;1;355523,4107;5642452,616;6,944673119;50,91561275
157987;5,21E+18;5;3;15;0;2021;9;20;2;3;0;1;2;0;1;0;0;0;0;0;355121,5427;5644036,689;6,938330769;50,92974775
157988;5,21E+18;5;3;15;0;2021;11;7;4;3;0;1;0;1;1;0;0;0;0;0;355606,5581;5648315,823;6,943531075;50,96832502
157993;5,21E+18;5;3;15;0;2021;5;22;7;3;0;1;2;0;1;0;0;0;0;0;355308,1068;5645907,576;6,940240842;50,94660783
157995;5,21E+18;5;3;15;0;2021;10;0;7;2;0;1;2;1;1;1;0;0;0;0;353990,2599;5642556,442;6,922836172;50,91615995
157996;5,21E+18;5;3;15;0;2021;1;23;6;2;0;1;2;0;1;0;0;0;0;0;354866,5469;5646750,392;6,933623436;50,95407098
157997;5,21E+18;5;3;15;0;2021;1;18;5;3;6;4;2;1;0;1;1;0;0;0;351919,4347;5648503,839;6,890979646;50,96907859
158000;5,21E+18;5;3;15;0;2021;3;15;2;3;5;3;0;0;0;1;0;0;0;0;351480,2529;5650239,652;6,884020091;50,98456424
158001;5,21E+18;5;3;15;0;2021;1;23;4;3;0;1;2;0;0;0;0;0;0;1;355610,7643;5644489,461;6,9451084;50,93393939
158002;5,21E+18;5;3;15;0;2021;12;12;6;3;2;6;0;1;0;1;0;0;0;0;352692,016;5642961,519;6,904216663;50,9194703
158004;5,21E+18;5;3;15;0;2021;4;17;2;3;1;6;0;0;0;1;0;0;0;0;353654,9202;5646919,476;6,916316747;50,95528409
158008;5,21E+18;5;3;15;0;2021;2;18;7;3;6;2;2;0;0;1;1;0;0;0;354734,3433;5644266,132;6,932733183;50,93171231
158010;5,21E+18;5;3;15;0;2021;6;17;7;3;0;1;0;0;1;0;0;0;0;0;355924,6871;5644140,311;6,949710983;50,93088014
158011;5,21E+18;5;3;15;0;2021;4;10;6;2;4;2;0;0;0;1;0;1;0;0;352926,469;5647390,655;6,90576194;50,95933293
158012;5,21E+18;5;3;15;0;2021;11;10;2;3;5;2;0;0;0;1;0;0;0;1;354049,1636;5645325,659;6,922564894;50,94106097
158014;5,21E+18;5;3;15;0;2021;1;8;2;3;3;6;0;1;0;1;0;1;0;0;353520,9129;5648211,929;6,913889809;50,9668648
158015;5,21E+18;5;3;15;0;2021;12;14;3;3;5;2;0;0;0;1;0;0;0;1;354469,024;5651286,272;6,926152084;50,9947331
158016;5,21E+18;5;3;15;0;2021;11;17;2;3;5;7;2;0;0;1;0;1;0;0;353672,1064;5648388,419;6,915970538;50,96848927
158020;5,21E+18;5;3;15;0;2021;11;14;3;3;0;6;0;1;0;0;0;0;0;1;355610,3058;5654657,381;6,941062898;51,02531564
158021;5,21E+18;5;3;15;0;2021;5;9;4;3;0;1;0;0;0;0;0;1;0;0;355479,215;5643414,676;6,943663621;50,92424755
158022;5,21E+18;5;3;15;0;2021;6;23;4;3;5;3;2;0;0;1;0;0;0;1;355772,8652;5643681,058;6,947733631;50,92671497
158023;5,21E+18;5;3;15;0;2021;4;15;2;2;0;5;0;0;1;1;0;0;0;0;353925,4159;5646431,049;6,920361373;50,9509634
158024;5,21E+18;5;3;15;0;2021;5;18;3;3;0;6;0;1;0;1;0;1;0;0;355302,997;5645499,876;6,940330124;50,94294264
158025;5,21E+18;5;3;15;0;2021;9;18;2;3;0;7;1;0;1;0;1;0;0;0;352661,547;5652250,801;6,900022151;51,0029409
158026;5,21E+18;5;3;15;0;2021;7;9;3;3;5;3;0;1;1;1;0;0;0;0;354162,5428;5644167,135;6,924641229;50,93067836
158027;5,21E+18;5;3;15;0;2021;5;20;1;3;9;1;0;0;1;0;0;0;0;0;354962,3313;5647018,407;6,934879452;50,95650367
158034;5,21E+18;5;3;15;0;2021;10;19;5;2;1;5;2;0;1;1;0;0;0;0;353610,9062;5643324,79;6,917134842;50,92296876
158035;5,21E+18;5;3;15;0;2021;12;11;3;3;0;5;0;1;0;0;0;0;1;1;355173,0548;5644226,388;6,938987926;50,93146547
158036;5,21E+18;5;3;15;0;2021;3;10;4;3;0;7;0;0;0;1;0;0;0;1;352337,7876;5646009,016;6,897945903;50,94676625
158037;5,21E+18;5;3;15;0;2021;10;12;6;3;5;3;0;0;0;0;0;0;1;1;354386,0319;5655764,163;6,92317283;51,03495299
158038;5,21E+18;5;3;15;0;2021;10;1;6;2;0;1;2;0;0;0;0;0;0;1;354778,7787;5643773,381;6,9335614;50,92729527
158039;5,21E+18;5;3;15;0;2021;9;11;3;3;0;7;0;0;1;1;0;0;0;0;351765,7806;5644657,914;6,890358709;50,93447779
158041;5,21E+18;5;3;15;0;2021;4;4;1;3;3;6;2;0;1;1;0;0;0;0;352877,5488;5643244,007;6,906740443;50,92205625
158046;5,21E+18;5;3;15;0;2021;10;1;1;3;0;1;2;1;0;0;0;0;0;1;355171,6906;5647136,166;6,937811493;50,95761459
158048;5,21E+18;5;3;15;0;2021;11;19;3;3;1;1;2;0;1;1;0;0;0;0;355337,691;5643971,992;6,941430183;50,92922057
158049;5,21E+18;5;3;15;0;2021;2;10;4;2;5;2;0;0;1;1;0;0;0;0;354976,436;5651191,073;6,933415788;50,99400567
158051;5,21E+18;5;3;15;0;2021;10;14;4;3;0;1;0;1;0;0;0;1;0;0;355874,6116;5646617,284;6,94801885;50,95312774
158055;5,21E+18;5;3;15;0;2021;2;17;1;3;2;6;1;1;0;1;0;0;0;0;355009,3615;5642818,617;6,937219831;50,91877301
158059;5,21E+18;5;3;15;0;2021;10;0;1;3;6;4;2;0;1;0;1;0;0;0;355539,7741;5644475,2;6,944104443;50,93379345
158061;5,21E+18;5;3;15;0;2021;12;16;2;3;0;1;2;1;1;0;0;0;0;0;355350,9431;5643588,723;6,941770698;50,92577953
158062;5,21E+18;5;3;15;0;2021;10;5;1;2;1;5;2;0;1;1;0;0;0;0;354723,1986;5644432,572;6,932508353;50,93320526
158066;5,21E+18;5;3;15;0;2021;11;11;4;3;0;1;0;1;1;0;0;0;0;0;352519,4427;5644080,401;6,901310649;50,92948115
158067;5,21E+18;5;3;15;0;2021;9;13;1;3;0;1;0;0;1;0;0;0;0;0;354192,0838;5641697,057;6,926048749;50,90848792
158068;5,21E+18;5;3;15;0;2021;2;17;5;3;0;5;0;0;0;1;0;0;0;0;353696,7235;5649960,661;6,915688227;50,9826246
158069;5,21E+18;5;3;15;0;2021;12;0;4;2;1;1;2;0;1;1;0;0;0;0;355076,9162;5643998,683;6,937711269;50,92939498
158071;5,21E+18;5;3;15;0;2021;12;1;6;3;9;1;2;0;1;0;0;0;0;0;353069,5907;5643402,241;6,909407118;50,92352718
158072;5,21E+18;5;3;15;0;2021;9;16;2;3;5;3;0;0;1;1;0;0;0;0;355497,8758;5645867,195;6,942956456;50,94629253
158073;5,21E+18;5;3;15;0;2021;2;10;5;2;1;5;0;0;0;1;0;0;0;1;355719,6135;5645844,636;6,946119744;50,94614533
158074;5,21E+18;5;3;15;0;2021;7;10;3;3;0;1;0;1;1;0;0;0;0;1;353754,2122;5642187,04;6,919628545;50,91278049
158075;5,21E+18;5;3;15;0;2021;1;7;3;3;6;4;2;1;0;1;1;0;0;0;355398,1342;5647219,528;6,941000439;50,95842062
158076;5,21E+18;5;3;15;0;2021;6;12;6;3;5;3;0;0;1;1;0;0;0;0;352448,2638;5646703,941;6,899235855;50,95303951
158078;5,21E+18;5;3;15;0;2021;4;11;2;3;0;5;0;1;1;0;0;0;0;1;354879,4083;5642926,627;6,935329297;50,919711
158080;5,21E+18;5;3;15;0;2021;12;18;4;2;3;6;2;0;1;1;0;0;0;0;355912,8362;5642469,177;6,950202759;50,91585894
158081;5,21E+18;5;3;15;0;2021;12;15;3;3;0;1;0;0;1;0;0;0;0;0;353221,4869;5654745,435;6,906987809;51,02550199
158083;5,21E+18;5;3;15;0;2021;7;0;7;3;2;6;2;0;0;1;0;0;0;0;355621,4749;5645205,42;6,944977037;50,94037626
158084;5,21E+18;5;3;15;0;2021;5;20;6;3;0;5;0;0;0;0;1;1;0;0;354562,3184;5648867,804;6,928448506;50,97302279
158086;5,21E+18;5;3;15;0;2021;2;17;6;3;1;5;0;0;1;1;0;0;0;1;355163,8014;5643930,463;6,938973913;50,92880373
158088;5,21E+18;5;3;15;0;2021;3;13;7;3;3;3;0;0;1;1;0;0;0;0;354125,5168;5646619,911;6,9231325;50,95271131
158092;5,21E+18;5;3;15;0;2021;11;12;5;3;0;7;0;0;0;0;1;0;0;1;355912,4803;5645630,661;6,948948039;50,94427062