OBJECTID;UIDENTSTLAE;ULAND;UREGBEZ;UKREIS;UGEMEINDE;UJAHR;UMONAT;USTUNDE;UWOCHENTAG;UKATEGORIE;UART;UTYP1;ULICHTVERH;USTRZUSTAND;IstRad;IstPKW;IstFuss;IstKrad;IstGkfz;IstSonstige;LINREFX;LINREFY;XGCSWGS84;YGCSWGS84
158093;5,21E+18;5;3;15;0;2021;7;8;2;3;0;1;0;0;1;0;0;0;0;0;352960,3866;5646783,328;6,906489911;50,9538838
158094;5,21E+18;5;3;15;0;2021;4;8;4;3;0;1;0;0;0;0;0;0;0;1;353956,582;5643422,181;6,922010749;50,92393158
158095;5,21E+18;5;3;15;0;2021;5;18;5;2;0;1;0;1;0;0;0;0;0;1;351287,0775;5648319,937;6,882055128;50,96726307
158098;5,21E+18;5;3;15;0;2021;1;8;7;3;6;4;0;1;0;1;1;0;0;0;353611,6186;5651483,593;6,913862972;50,99628888
158099;5,21E+18;5;3;15;0;2021;11;9;4;3;0;1;0;0;0;0;0;1;0;0;355200,1762;5647151,765;6,938210608;50,95776194
158100;5,21E+18;5;3;15;0;2021;6;14;4;2;0;3;0;0;1;1;0;0;0;0;352060,7827;5644675,498;6,894546952;50,93471156
158101;5,21E+18;5;3;15;0;2021;6;16;2;3;0;1;0;0;1;0;0;0;0;0;355313,8512;5642609,867;6,94163161;50,91697344
158102;5,21E+18;5;3;15;0;2021;2;15;4;2;0;7;0;0;1;0;0;0;0;0;354681,7713;5642174,669;6,932818951;50,91290359
158104;5,21E+18;5;3;15;0;2021;5;21;5;3;0;1;2;0;1;0;0;0;0;0;353348,3152;5646319,934;6,912195865;50,94981831
158106;5,21E+18;5;3;15;0;2021;5;23;4;3;7;1;2;0;0;0;0;1;0;0;352806,0996;5654592,044;6,901131047;51,02401735
158107;5,21E+18;5;3;15;0;2021;12;17;2;3;6;7;2;0;0;0;1;0;0;1;354223,4437;5646834,074;6,924439981;50,9546607
158108;5,21E+18;5;3;15;0;2021;1;14;6;3;5;3;0;0;0;1;0;0;0;0;354980,939;5642843,25;6,93680595;50,91898724
158110;5,21E+18;5;3;15;0;2021;3;17;6;3;6;4;0;0;0;1;1;0;0;0;351813,9469;5642468,276;6,891933555;50,91481294
158111;5,21E+18;5;3;15;0;2021;10;11;3;3;5;3;0;0;1;0;0;1;0;0;353190,647;5648644,523;6,909015002;50,97066826
158112;5,21E+18;5;3;15;0;2021;6;15;6;3;4;3;0;0;0;1;0;0;0;1;355486,5745;5643403,393;6,943772736;50,924148
158114;5,21E+18;5;3;15;0;2021;1;18;6;3;2;6;2;0;0;1;0;0;0;0;355702,433;5642370,944;6,947250449;50,91492357
158115;5,21E+18;5;3;15;0;2021;6;22;7;3;1;1;2;0;0;1;0;0;0;1;353786,7042;5647062,102;6,918134489;50,95659927
158117;5,21E+18;5;3;15;0;2021;6;19;6;3;6;5;0;0;0;1;1;0;0;0;352658,996;5654940,209;6,898893477;51,02710841
158118;5,21E+18;5;3;15;0;2021;1;16;3;3;5;2;1;1;0;1;0;1;0;0;354244,007;5649622,297;6,923615313;50,97972267
158119;5,21E+18;5;3;15;0;2021;12;7;4;3;0;5;2;1;0;1;0;1;0;0;355103,2456;5648491,37;6,936297867;50,96977623
158122;5,21E+18;5;3;15;0;2021;11;14;7;3;5;2;0;0;0;1;0;0;0;1;353425,8392;5647074,467;6,912994956;50,95661871
158127;5,21E+18;5;3;15;0;2021;3;20;4;3;1;4;0;0;1;1;1;0;0;0;353472,5952;5641511,416;6,915896589;50,90663744
158130;5,21E+18;5;3;15;0;2021;9;15;1;3;6;4;0;0;0;1;1;0;0;0;355842,9491;5649634,033;6,946372845;50,98023067
158131;5,21E+18;5;3;15;0;2021;9;20;3;3;0;1;2;0;1;0;0;0;0;0;353748,9282;5643467,274;6,919040128;50,92428422
158132;5,21E+18;5;3;15;0;2021;4;15;3;3;0;1;0;0;1;0;0;0;0;0;355290,3623;5642729,777;6,94125011;50,91804515
158135;5,21E+18;5;3;15;0;2021;10;7;2;3;0;1;0;1;1;0;0;0;0;0;354920,9804;5643863,381;6,935547651;50,92813986
158136;5,21E+18;5;3;15;0;2021;12;18;5;3;2;6;2;1;0;1;0;0;0;0;351914,3686;5651754,209;6,889583065;50,99828649
158138;5,21E+18;5;3;15;0;2021;11;15;4;3;5;2;0;0;1;1;0;0;0;0;353003,8407;5647014,268;6,907014898;50,95597025
158140;5,21E+18;5;3;15;0;2021;9;6;7;2;1;5;0;0;0;1;0;0;0;1;355669,777;5645926,574;6,94537832;50,94686922
158141;5,21E+18;5;3;15;0;2021;4;17;6;3;5;3;0;0;0;1;0;0;0;0;354684,933;5654862,286;6,927794539;51,02692387
158143;5,21E+18;5;3;15;0;2021;12;8;2;3;0;1;0;0;0;0;0;0;0;1;355206,8673;5643952,189;6,939577691;50,92900978
158145;5,21E+18;5;3;15;0;2021;6;17;3;3;6;3;0;0;0;0;1;0;0;1;353981,9151;5644477,783;6,921948139;50,93342436
158146;5,21E+18;5;3;15;0;2021;1;10;4;3;0;1;0;1;0;0;0;1;0;0;355543,2051;5648902,647;6,942396321;50,97358278
158151;5,21E+18;5;3;15;0;2021;3;16;2;3;0;1;0;1;0;0;0;1;0;0;354050,9512;5646665,744;6,922053255;50,95310432
158155;5,21E+18;5;3;15;0;2021;4;7;2;3;0;6;0;0;1;0;0;0;0;0;353408,413;5643289,94;6,91426976;50,92260415
158157;5,21E+18;5;3;15;0;2021;9;15;5;3;2;2;0;0;0;1;0;0;0;1;352333,8701;5655206,692;6,89415192;51,02941971
158158;5,21E+18;5;3;15;0;2021;7;12;6;3;5;7;0;0;1;1;0;0;0;0;352568,4302;5642870,159;6,902496566;50,91861773
158159;5,21E+18;5;3;15;0;2021;12;15;5;3;4;2;0;0;1;1;0;0;0;0;355425,344;5644921,232;6,942300086;50,93777318
158160;5,21E+18;5;3;15;0;2021;2;14;1;3;1;5;0;0;0;0;1;0;0;1;354780,2066;5646275,994;6,932584226;50,94978595
158163;5,21E+18;5;3;15;0;2021;6;7;4;2;7;1;0;0;1;0;0;0;0;0;352503,9846;5645906,41;6,900351666;50,94588673
158165;5,21E+18;5;3;15;0;2021;6;7;3;3;5;2;0;1;0;1;0;0;0;0;355011,4187;5642816,834;6,937249788;50,9187575
158170;5,21E+18;5;3;15;0;2021;2;14;4;3;5;3;0;0;1;1;0;0;0;0;355639,1657;5647311,599;6,944393623;50,95930847
158174;5,21E+18;5;3;15;0;2021;11;1;7;3;0;1;2;1;0;0;0;0;0;1;353893,2173;5646450,803;6,919895363;50,95113276
158177;5,21E+18;5;3;15;0;2021;12;16;4;3;5;3;0;0;1;1;0;0;0;0;354007,6324;5643148,955;6,922845993;50,9214891
158178;5,21E+18;5;3;15;0;2021;4;17;2;2;6;4;0;0;0;1;1;0;0;0;354908,1192;5646987,276;6,934120499;50,95621026
158180;5,21E+18;5;3;15;0;2021;6;15;5;3;7;1;0;0;1;0;0;0;0;0;356266,9471;5655098,672;6,950244931;51,02944594
158182;5,21E+18;5;3;15;0;2021;7;14;5;3;0;2;0;1;0;1;0;0;0;0;353023,907;5645826,275;6,907779964;50,94529937
158184;5,21E+18;5;3;15;0;2021;11;10;1;3;0;1;0;1;1;0;0;0;0;0;355463,1173;5640775,108;6,944480286;50,90052215
158185;5,21E+18;5;3;15;0;2021;7;11;6;3;5;2;0;0;1;1;0;0;0;0;352787,1542;5647183,083;6,903863564;50,95743199
158190;5,21E+18;5;3;15;0;2021;9;11;6;3;0;1;0;0;1;0;0;0;0;0;355420,159;5645179,512;6,942123848;50,94009298
158191;5,21E+18;5;3;15;0;2021;4;20;1;3;6;4;2;0;1;0;1;0;0;0;354657,6813;5644237,214;6,931654501;50,93143312
158192;5,21E+18;5;3;15;0;2021;4;16;1;2;0;3;0;0;1;1;0;0;0;0;351965,1603;5655198,315;6,888901032;51,02924959
158193;5,21E+18;5;3;15;0;2021;10;22;3;3;0;6;2;1;0;1;0;1;0;0;356139,6055;5651002,055;6,950054411;50,99259895
158195;5,21E+18;5;3;15;0;2021;9;13;7;3;0;3;0;0;1;1;0;0;0;0;352866,97;5646759,765;6,905170345;50,95364821
158198;5,21E+18;5;3;15;0;2021;11;17;3;3;4;3;2;0;1;1;0;0;0;0;354323,742;5645517,707;6,926393648;50,94285629
158199;5,21E+18;5;3;15;0;2021;10;15;2;3;0;7;0;0;1;1;0;0;0;0;353402,3247;5642421,189;6,914532347;50,91479544
158201;5,21E+18;5;3;15;0;2021;1;18;6;3;5;3;2;0;1;1;0;0;0;0;352126,9294;5645965,251;6,894964154;50,94631891
158203;5,21E+18;5;3;15;0;2021;5;12;6;3;1;5;0;0;0;0;0;0;0;1;355249,246;5643008,81;6,940554827;50,92054246
158204;5,21E+18;5;3;15;0;2021;5;14;7;2;0;1;0;0;0;0;0;1;0;0;355704,143;5649951,684;6,944270694;50,98305054
158205;5,21E+18;5;3;15;0;2021;6;12;6;3;3;7;0;0;0;1;0;1;0;0;355845,2815;5645503,392;6,948042505;50,94311008
158206;5,21E+18;5;3;15;0;2021;5;7;5;2;0;1;0;1;1;0;0;0;0;0;353804,1962;5640717,98;6,920927453;50,89959112
158207;5,21E+18;5;3;15;0;2021;6;11;4;3;5;2;0;0;1;1;0;0;0;0;355468,7131;5648874,106;6,941347354;50,9733076
158209;5,21E+18;5;3;15;0;2021;6;8;5;3;0;1;0;0;1;0;0;0;0;0;354852,9792;5643809,101;6,934602288;50,92763495
158211;5,21E+18;5;3;15;0;2021;4;15;5;3;0;7;0;0;1;0;0;0;0;0;356038,129;5647346,614;6,950056861;50,95972296
158213;5,21E+18;5;3;15;0;2021;10;20;3;3;0;5;2;1;1;1;0;0;0;0;354027,1093;5646680,399;6,921708168;50,95322998
158216;5,21E+18;5;3;15;0;2021;9;8;6;3;0;1;0;0;1;0;0;0;0;0;354263,091;5643523,998;6,926328184;50,92492409
158217;5,21E+18;5;3;15;0;2021;12;14;5;3;4;6;0;0;1;0;0;0;0;0;353453,3066;5643229,413;6,914932385;50,92207163
158218;5,21E+18;5;3;15;0;2021;9;16;5;3;0;7;0;0;1;1;0;0;0;0;354998,3762;5642828,138;6,937059867;50,91885581
158220;5,21E+18;5;3;15;0;2021;10;7;2;3;0;1;0;1;1;0;0;0;0;0;352546,596;5642848,356;6,902194968;50,91841622
158222;5,21E+18;5;3;15;0;2021;2;18;2;3;0;1;0;0;1;0;0;0;0;0;354688,577;5646218,451;6,931303618;50,94924574
158223;5,21E+18;5;3;15;0;2021;11;4;7;3;0;1;2;1;0;0;0;1;0;0;355804,6403;5645280,869;6,947552481;50,94110014
158225;5,21E+18;5;3;15;0;2021;9;2;1;3;0;1;2;0;0;0;0;0;0;1;355271,913;5644166,136;6,940417715;50,93094881
158228;5,21E+18;5;3;15;0;2021;11;17;4;3;2;6;2;0;0;1;0;1;0;0;354963,4841;5644489,968;6,935902734;50,93378154
158230;5,21E+18;5;3;15;0;2021;11;10;3;3;0;1;0;1;0;0;0;1;0;0;353238,5615;5646391,682;6,91060555;50,95043515
158233;5,21E+18;5;3;15;0;2021;12;19;2;3;0;3;2;0;0;1;0;1;0;0;355775,8724;5644455,962;6,947469799;50,93367965
158235;5,21E+18;5;3;15;0;2021;7;9;6;2;6;4;0;1;0;1;1;0;0;0;353871,3017;5651409,52;6,917590826;50,99568922
158236;5,21E+18;5;3;15;0;2021;12;12;3;3;0;7;0;0;0;0;0;0;0;1;355302,6336;5647343,631;6,939592194;50,95951193
158238;5,21E+18;5;3;15;0;2021;10;8;5;2;0;1;0;1;1;0;0;0;0;0;354095,9579;5643323,667;6,924031893;50,92308152
158239;5,21E+18;5;3;15;0;2021;9;2;1;3;0;1;2;0;0;0;0;0;0;1;354791,4707;5643779,596;6,9337394;50,92735431
158240;5,21E+18;5;3;15;0;2021;6;7;4;3;4;2;0;0;0;1;0;0;0;0;352074,4473;5654726,732;6,890650857;51,02503991
158241;5,21E+18;5;3;15;0;2021;5;10;2;3;1;6;0;0;0;1;0;0;1;1;353026,579;5645782,824;6,907835507;50,94490958
158244;5,21E+18;5;3;15;0;2021;9;12;2;3;2;6;0;0;0;1;0;1;0;0;352788,7281;5646525,239;6,904151993;50,95152065
158245;5,21E+18;5;3;15;0;2021;1;20;4;3;2;6;2;0;0;1;0;0;0;0;354701,768;5651249,729;6,929481037;50,99446351
158247;5,21E+18;5;3;15;0;2021;11;8;6;3;0;7;1;0;0;0;1;0;0;1;355193,7972;5647472,005;6,937992415;50,96063825
158249;5,21E+18;5;3;15;0;2021;4;12;7;3;0;1;0;1;1;0;0;0;0;0;355283,9336;5641967,532;6,941461058;50,91119339
158250;5,21E+18;5;3;15;0;2021;10;16;6;3;5;3;0;0;1;1;0;0;0;0;354792,144;5646143,464;6,932806905;50,94859795
158251;5,21E+18;5;3;15;0;2021;3;15;5;3;2;2;0;0;0;1;0;0;0;0;351738,4816;5649980,533;6,887802143;50,98230225
158253;5,21E+18;5;3;15;0;2021;9;7;4;3;0;5;0;0;0;1;0;0;0;1;353822,4998;5643179,134;6,920201717;50,92171343
158260;5,21E+18;5;3;15;0;2021;11;15;2;3;0;1;1;0;1;0;0;0;0;0;355242,5279;5642079,839;6,940827929;50,91219228
158262;5,21E+18;5;3;15;0;2021;9;17;3;3;1;2;0;0;1;1;0;0;0;0;355702,433;5642370,944;6,947250449;50,91492357
158264;5,21E+18;5;3;15;0;2021;5;13;2;3;0;1;0;1;0;0;0;0;0;1;352915,2692;5649260,057;6,904846657;50,97612951
158265;5,21E+18;5;3;15;0;2021;5;15;3;3;1;5;0;1;0;1;0;0;0;1;353747,349;5643139,529;6,919149115;50,92133847
158268;5,21E+18;5;3;15;0;2021;5;12;2;3;1;7;0;0;0;0;0;1;0;1;354200,3596;5645483,965;6,924652117;50,94252187
158269;5,21E+18;5;3;15;0;2021;7;12;3;3;1;5;0;0;1;1;0;0;0;0;354931,2828;5643968,924;6,935652152;50,92909094
158271;5,21E+18;5;3;15;0;2021;5;15;6;3;1;7;0;0;0;1;0;1;0;0;353096,899;5648305,586;6,90781761;50,96759848
158273;5,21E+18;5;3;15;0;2021;12;12;4;3;0;1;0;1;0;0;0;1;0;0;355614,8436;5645594,11;6,944728652;50,94386768
158276;5,21E+18;5;3;15;0;2021;2;19;5;3;8;1;2;1;0;1;0;0;0;0;355307,4332;5647367,204;6,939651117;50,95972497
158278;5,21E+18;5;3;15;0;2021;10;15;6;3;1;5;0;1;1;1;0;0;0;0;354083,0005;5643316,917;6,923850361;50,92301759
158279;5,21E+18;5;3;15;0;2021;6;15;1;3;0;1;0;0;1;0;0;0;0;0;354856,8287;5643814,162;6,934655012;50,9276814
158280;5,21E+18;5;3;15;0;2021;11;16;2;3;0;1;0;1;1;0;0;0;0;0;352506,011;5644204,18;6,901069566;50,93059006
158281;5,21E+18;5;3;15;0;2021;10;14;7;3;0;3;0;0;0;0;0;1;0;1;354402,723;5653372,335;6,924371206;51,01346293
158282;5,21E+18;5;3;15;0;2021;11;1;6;2;0;1;2;0;0;0;0;0;0;1;354811,7247;5641963,455;6,934750319;50,91103817
158284;5,21E+18;5;3;15;0;2021;7;15;6;3;2;6;0;0;0;1;0;0;0;1;353026,6504;5648323,025;6,906810803;50,96773728
158288;5,21E+18;5;3;15;0;2021;10;18;4;3;0;1;2;0;1;0;0;0;0;0;353712,3974;5643125,489;6,918657814;50,92120344
158289;5,21E+18;5;3;15;0;2021;10;3;1;3;0;1;2;1;0;0;0;0;0;1;355235,37;5644397,794;6,939806032;50,9330215
158291;5,21E+18;5;3;15;0;2021;12;15;5;3;5;3;0;0;0;1;0;0;0;1;354183,2076;5646579,526;6,923969464;50,95236298
158292;5,21E+18;5;3;15;0;2021;11;10;6;2;5;3;0;1;1;0;0;0;0;0;354844,3071;5646395,886;6,933448358;50,95087953
158295;5,21E+18;5;3;15;0;2021;6;11;5;3;5;2;0;0;0;1;0;0;0;0;352902,291;5645084,229;6,906349625;50,9385999
158296;5,21E+18;5;3;15;0;2021;1;16;2;3;2;6;2;1;0;1;0;0;0;0;351048,0341;5647995,244;6,87878615;50,9642835
158298;5,21E+18;5;3;15;0;2021;3;18;5;3;3;2;1;0;1;0;0;0;0;0;352803,8186;5647656,426;6,903909216;50,96168997
158300;5,21E+18;5;3;15;0;2021;6;13;2;3;0;1;0;1;1;0;0;0;0;0;353691,9313;5645640,116;6,917357407;50,94379635
158301;5,21E+18;5;3;15;0;2021;9;8;2;3;5;3;0;0;1;1;0;0;0;0;355219,5136;5648355,807;6,938006638;50,9685872
158302;5,21E+18;5;3;15;0;2021;10;15;2;3;5;3;0;0;1;0;0;0;0;1;352561,318;5654060,028;6,897859477;51,01917371
158303;5,21E+18;5;3;15;0;2021;11;9;2;2;1;5;0;0;0;1;0;0;0;0;355513,5599;5649760,036;6,941633591;50,98128046
158304;5,21E+18;5;3;15;0;2021;7;10;3;3;0;1;0;1;1;0;0;0;0;0;354771,9653;5643769,863;6,933465916;50,92726194
158306;5,21E+18;5;3;15;0;2021;3;12;5;3;3;7;0;1;0;1;0;0;0;0;355883,3123;5645491,201;6,948588303;50,94301003
158307;5,21E+18;5;3;15;0;2021;9;16;4;3;0;6;0;0;1;1;0;0;0;0;354082,3634;5651306,975;6,920637645;50,99482124
158309;5,21E+18;5;3;15;0;2021;11;19;7;3;0;4;2;1;0;1;1;0;0;0;354409,3353;5647057,492;6,92699548;50,95671548
158310;5,21E+18;5;3;15;0;2021;5;11;1;3;0;1;0;0;1;0;0;0;0;0;353797,0564;5657756,311;6,913974266;51,05270582
158311;5,21E+18;5;3;15;0;2021;1;15;7;2;0;5;0;0;0;1;0;1;0;0;354985,4477;5642839,343;6,936871606;50,91895326
158314;5,21E+18;5;3;15;0;2021;5;12;4;3;3;2;0;1;1;1;0;0;0;0;353227,9153;5645803,292;6,910691239;50,94514481
158315;5,21E+18;5;3;15;0;2021;11;7;5;3;3;6;1;1;1;0;0;0;0;0;355471,1734;5643450,308;6,943535155;50,92456575
158318;5,21E+18;5;3;15;0;2021;7;2;1;3;6;7;2;1;0;1;1;0;0;0;355330,7143;5644597,746;6,9410826;50,93484234
158319;5,21E+18;5;3;15;0;2021;3;14;6;3;0;1;0;0;0;0;0;1;0;0;352403,9314;5647471,433;6,898293903;50,95992523
158320;5,21E+18;5;3;15;0;2021;5;17;5;3;1;5;0;1;1;1;0;0;0;0;353349,7935;5643806,542;6,913228533;50,92723178
158322;5,21E+18;5;3;15;0;2021;10;8;5;3;0;4;0;1;1;1;1;0;0;0;354895,8434;5645126,522;6,934687285;50,93948507
158323;5,21E+18;5;3;15;0;2021;9;16;4;3;3;2;0;1;1;1;0;0;0;0;351916,402;5648668,547;6,890869423;50,97055796
158324;5,21E+18;5;3;15;0;2021;12;18;3;3;5;3;2;0;1;0;0;0;0;1;352918,7105;5642929,944;6,907452327;50,91924439
158326;5,21E+18;5;3;15;0;2021;9;10;6;3;6;4;0;0;1;0;1;0;0;0;355653,0227;5644793,824;6,945588832;50,93668522
158327;5,21E+18;5;3;15;0;2021;12;18;4;3;6;4;2;1;1;0;1;0;0;0;354331,5447;5641696,153;6,928031395;50,908515
158328;5,21E+18;5;3;15;0;2021;3;9;7;2;3;6;0;0;1;0;0;0;0;0;353592,6768;5643261,172;6,916901193;50,92239241
158332;5,21E+18;5;3;15;0;2021;6;8;2;2;0;1;0;0;1;0;0;0;0;0;355346,5416;5641918,754;6,942370358;50,91077072
158333;5,21E+18;5;3;15;0;2021;9;18;4;3;6;7;0;0;1;0;1;0;0;0;354669,0795;5638361,351;6,93415588;50,87863084
158337;5,21E+18;5;3;15;0;2021;2;15;5;3;0;4;0;0;1;0;1;0;0;0;354062,3902;5645486,989;6,922688395;50,94251414
158340;5,21E+18;5;3;15;0;2021;9;21;3;3;0;7;1;0;0;0;0;0;0;1;353612,6923;5646532,816;6,91587141;50,9517986
158343;5,21E+18;5;3;15;0;2021;3;17;2;3;9;1;0;0;0;1;1;0;0;0;355289,789;5641931,039;6,941558763;50,9108669
158344;5,21E+18;5;3;15;0;2021;6;14;4;3;0;1;0;0;1;0;0;0;0;0;354723,301;5644285,777;6,93256832;50,93188607
158346;5,21E+18;5;3;15;0;2021;12;9;3;3;0;5;0;1;0;1;0;0;0;0;353601,1236;5651817,011;6,913579093;50,99928248
158347;5,21E+18;5;3;15;0;2021;1;8;3;3;2;2;1;1;0;1;0;0;0;0;354055,489;5649491,685;6,920984086;50,97850116
158348;5,21E+18;5;3;15;0;2021;6;18;2;3;5;3;0;0;1;1;0;0;0;0;352496,7985;5646631,943;6,899955542;50,95240492
158351;5,21E+18;5;3;15;0;2021;3;8;5;3;1;5;0;1;1;1;0;0;0;0;353105,6315;5651591,101;6,906613954;50,99712607
158352;5,21E+18;5;3;15;0;2021;7;22;2;2;8;1;2;0;0;0;0;1;0;0;354162,7102;5648953,122;6,922726437;50,97368846
158353;5,21E+18;5;3;15;0;2021;5;17;6;3;0;6;0;0;1;1;0;0;0;0;351257,3009;5647023,984;6,882161115;50,95560942
158355;5,21E+18;5;3;15;0;2021;11;16;3;3;0;1;0;1;1;0;0;0;0;0;354237,7286;5642739,31;6,926281176;50,9178659
158356;5,21E+18;5;3;15;0;2021;9;18;6;2;7;1;1;0;1;0;0;0;0;0;353790,0658;5657750,065;6,913877118;51,05264792
158357;5,21E+18;5;3;15;0;2021;2;14;7;3;0;1;0;1;1;0;0;0;0;0;355190,7459;5647146,601;6,938078478;50,95771316
158358;5,21E+18;5;3;15;0;2021;7;12;4;3;5;2;0;0;0;0;0;1;1;0;352267,3298;5650859,058;6,894973709;50,990333
158361;5,21E+18;5;3;15;0;2021;12;20;3;3;5;3;2;1;0;1;0;0;0;0;351872,31;5653444,308;6,888294349;51,01346354
158362;5,21E+18;5;3;15;0;2021;9;13;6;3;0;6;0;0;0;0;1;0;0;1;355819,3715;5645314,933;6,947748537;50,94140995
158363;5,21E+18;5;3;15;0;2021;5;12;1;2;0;7;0;0;1;0;0;0;0;0;353921,4898;5646746,07;6,920179115;50,95379339
158364;5,21E+18;5;3;15;0;2021;6;17;5;3;0;7;0;0;1;0;0;0;0;0;352504,8943;5644216,933;6,901048526;50,93070438
158371;5,21E+18;5;3;15;0;2021;9;20;7;2;0;1;2;0;0;0;0;0;0;1;355467,6001;5644053,568;6,943245194;50,92998625
158373;5,21E+18;5;3;15;0;2021;6;3;1;3;1;5;2;1;0;1;0;0;0;0;355567,5208;5641475,001;6,945687136;50,90683811
158374;5,21E+18;5;3;15;0;2021;9;11;4;3;5;3;0;0;1;1;0;0;0;0;353822,4016;5648531,941;6,918051876;50,9698172
158375;5,21E+18;5;3;15;0;2021;9;21;7;3;0;5;2;0;0;1;0;1;0;0;355267,5483;5641800,015;6,94129458;50,90968383
158376;5,21E+18;5;3;15;0;2021;7;6;2;2;0;1;0;0;1;0;0;0;0;0;352445,1912;5645066,801;6,899855421;50,9383265
158378;5,21E+18;5;3;15;0;2021;9;5;5;3;0;6;1;0;0;1;0;0;0;1;354415,8284;5655838,839;6,923567501;51,03563162
158379;5,21E+18;5;3;15;0;2021;4;9;3;2;6;7;0;0;0;0;1;0;0;1;354894,5238;5645082,595;6,93468601;50,93908998
158381;5,21E+18;5;3;15;0;2021;3;19;3;3;0;2;2;0;1;1;0;0;0;0;353028,3438;5646381,277;6,907619082;50,95028808
158383;5,21E+18;5;3;15;0;2021;1;14;6;2;0;7;0;0;1;1;0;0;0;0;355705,3963;5648728,367;6,944774095;50,97205722
158386;5,21E+18;5;3;15;0;2021;1;6;4;3;0;1;2;2;1;0;0;0;0;0;355373,2522;5648992,899;6,939941333;50,97435119
158388;5,21E+18;5;3;15;0;2021;4;14;4;3;0;1;0;0;1;0;0;0;0;0;353960,0453;5643252,569;6,922127917;50,9224082
158390;5,21E+18;5;3;15;0;2021;6;9;5;3;0;1;0;0;0;0;0;1;0;0;354884,0246;5646973,44;6,933783185;50,95607985
158393;5,21E+18;5;3;15;0;2021;4;10;5;3;0;5;0;0;0;1;0;1;0;0;353067,2483;5653177,845;6,905425049;51,01137551
158394;5,21E+18;5;3;15;0;2021;1;16;6;3;5;2;0;1;1;1;0;0;0;0;354122,5148;5648890,601;6,922179387;50,97311643
158398;5,21E+18;5;3;15;0;2021;9;19;2;3;0;7;1;0;1;0;0;0;0;0;353590,7042;5646534,544;6,91555789;50,95180854
158401;5,21E+18;5;3;15;0;2021;3;7;2;3;6;4;1;1;1;0;1;0;0;0;355270,2882;5641580,481;6,941420583;50,9077116
158404;5,21E+18;5;3;15;0;2021;5;9;7;3;5;2;0;0;0;1;0;0;0;1;353466,3149;5647917,112;6,913231545;50,96420152
158405;5,21E+18;5;3;15;0;2021;4;15;7;3;3;5;0;0;1;1;0;0;0;0;353893,303;5645856,445;6,920135058;50,9457915
158406;5,21E+18;5;3;15;0;2021;11;7;2;3;0;1;2;0;0;0;0;0;0;1;352614,8655;5647293,795;6,901367301;50,95838287
158407;5,21E+18;5;3;15;0;2021;11;17;6;3;2;6;2;0;0;1;0;0;0;0;354352,6325;5648900,373;6,925450878;50,97326248
158408;5,21E+18;5;3;15;0;2021;12;0;7;2;9;7;2;1;1;0;0;0;0;0;353396,5419;5644521,395;6,913605769;50,93366779
158412;5,21E+18;5;3;15;0;2021;12;15;6;3;5;3;0;0;1;1;0;0;0;0;353114,134;5644276,2;6,90968834;50,93139246
158415;5,21E+18;5;3;15;0;2021;3;13;3;3;6;2;0;1;0;1;1;0;0;0;355595,1714;5642107,379;6,945829927;50,91252812
158417;5,21E+18;5;3;15;0;2021;10;23;1;3;6;7;2;0;0;0;1;0;0;1;354699,7709;5648407,323;6,930588931;50,96891929
158418;5,21E+18;5;3;15;0;2021;9;10;2;3;0;1;0;0;1;0;0;0;0;0;353787,075;5647364,218;6,918018392;50,95931436
158419;5,21E+18;5;3;15;0;2021;6;16;4;3;5;3;0;0;1;1;0;0;0;0;355110,4626;5642007,162;6,938979459;50,91150602
158421;5,21E+18;5;3;15;0;2021;10;22;6;3;0;1;0;0;1;0;0;0;0;0;354082,3936;5642886,853;6,924013797;50,91915258
158422;5,21E+18;5;3;15;0;2021;11;15;7;3;0;1;0;0;1;0;0;0;0;0;354796,2897;5643781,877;6,933807017;50,92737603
158426;5,21E+18;5;3;15;0;2021;9;8;4;3;5;6;0;1;1;1;0;0;0;0;354217,53;5642603,259;6,926048388;50,91663815
158431;5,21E+18;5;3;15;0;2021;9;12;5;3;3;3;0;0;1;1;0;0;0;0;355602,6027;5648334,16;6,943467501;50,96848882
158432;5,21E+18;5;3;15;0;2021;10;6;6;3;5;3;2;0;0;1;0;1;0;0;351593,893;5650142,322;6,885677704;50,9837189
158434;5,21E+18;5;3;15;0;2021;4;19;7;3;3;6;0;0;1;1;0;0;0;0;353842,5823;5647244,748;6,918856205;50,95825481
158435;5,21E+18;5;3;15;0;2021;7;16;3;2;0;1;0;1;1;0;0;0;0;0;355178,8792;5644085,274;6,939126821;50,93019877
158438;5,21E+18;5;3;15;0;2021;3;9;6;3;5;2;0;0;1;1;0;0;0;0;355043,6108;5645979,471;6,936449606;50,94718749
158443;5,21E+18;5;3;15;0;2021;1;19;5;3;1;1;2;1;0;1;0;0;0;1;355588,769;5643475,37;6,945197317;50,92482043
158444;5,21E+18;5;3;15;0;2021;1;12;7;3;4;7;0;1;1;1;0;0;0;0;354360,0602;5643035,492;6,927902074;50,9205585
158445;5,21E+18;5;3;15;0;2021;5;16;3;3;0;7;0;0;0;1;0;1;0;0;353806,9912;5649834,341;6,917308858;50,98151743