OBJECTID;UIDENTSTLAE;ULAND;UREGBEZ;UKREIS;UGEMEINDE;UJAHR;UMONAT;USTUNDE;UWOCHENTAG;UKATEGORIE;UART;UTYP1;ULICHTVERH;USTRZUSTAND;IstRad;IstPKW;IstFuss;IstKrad;IstGkfz;IstSonstige;LINREFX;LINREFY;XGCSWGS84;YGCSWGS84
159221;5,21E+18;5;3;15;0;2021;12;18;5;2;0;7;2;0;0;1;0;0;0;0;356324,6639;5643745,426;6,955554678;50,92743113
159222;5,21E+18;5;3;15;0;2021;11;9;3;3;4;2;0;0;1;1;0;0;0;0;359961,991;5647235,362;7,005936757;50,95969013
159225;5,21E+18;5;3;15;0;2021;12;15;5;3;1;6;0;0;0;1;0;0;0;0;359356,1098;5643120,333;6,998903679;50,9225604
159226;5,21E+18;5;3;15;0;2021;11;12;2;3;0;1;0;0;1;0;0;0;0;0;358304,7717;5637085,724;6,986296078;50,86806954
159227;5,21E+18;5;3;15;0;2021;9;18;1;2;0;1;0;0;1;0;0;0;0;0;358980,1894;5648648,697;6,991417716;50,97215236
159230;5,21E+18;5;3;15;0;2021;6;3;7;2;0;1;2;0;0;0;0;0;0;1;359363,4338;5638934,477;7,000620352;50,88494321
159231;5,21E+18;5;3;15;0;2021;10;17;3;3;2;6;0;1;0;1;0;0;0;0;356230,5741;5645679,334;6,953453725;50,94478745
159232;5,21E+18;5;3;15;0;2021;10;18;5;3;0;1;2;0;1;1;0;0;0;0;358621,5208;5646131,557;6,987290452;50,94944288
159233;5,21E+18;5;3;15;0;2021;11;22;6;3;5;3;2;1;0;1;0;0;0;1;360061,5743;5648009,452;7,007056116;50,96667116
159234;5,21E+18;5;3;15;0;2021;10;13;3;2;5;2;0;0;1;0;0;0;0;1;356791,1532;5649204,22;6,960040872;50,97660462
159235;5,21E+18;5;3;15;0;2021;9;10;6;3;0;7;0;0;1;0;0;0;0;0;358093,732;5646493,873;6,979640449;50,95256932
159236;5,21E+18;5;3;15;0;2021;10;22;7;3;6;4;2;0;0;1;1;0;0;0;359795,543;5647598,057;7,003428416;50,96290923
159237;5,21E+18;5;3;15;0;2021;6;19;3;3;6;4;0;0;0;1;1;0;0;0;356382,0153;5646021,384;6,955473121;50,94789914
159238;5,21E+18;5;3;15;0;2021;9;7;2;3;7;7;0;0;0;1;1;0;0;0;359100,5677;5650353,484;6,992470337;50,98750276
159243;5,21E+18;5;3;15;0;2021;4;8;4;3;1;5;0;0;1;1;0;0;0;0;356874,8685;5643189,251;6,963596894;50,9225696
159244;5,21E+18;5;3;15;0;2021;9;8;6;3;5;2;0;0;1;0;0;0;0;1;356754,3459;5648831,5;6,959663763;50,9732459
159245;5,21E+18;5;3;15;0;2021;1;13;2;3;5;3;0;0;1;1;0;0;0;0;357960,168;5648625,51;6,976907991;50,97169333
159248;5,21E+18;5;3;15;0;2021;9;20;7;3;0;1;2;0;1;0;0;0;0;0;356115,9338;5640735,3;6,953773609;50,90032744
159253;5,21E+18;5;3;15;0;2021;3;15;4;3;5;3;0;0;0;1;0;1;0;0;358726,8868;5644635,935;6,989369548;50,93602749
159254;5,21E+18;5;3;15;0;2021;6;12;6;3;4;7;0;0;1;1;0;0;0;0;357305,8262;5635358,52;6,972782446;50,85230131
159255;5,21E+18;5;3;15;0;2021;10;14;5;2;0;1;0;0;0;1;0;0;0;0;359858,593;5646344,521;7,00480837;50,95165891
159257;5,21E+18;5;3;15;0;2021;9;10;6;3;3;6;0;0;0;0;0;0;1;1;359235,5937;5646986,113;6,995696422;50,95727312
159258;5,21E+18;5;3;15;0;2021;9;8;2;3;0;5;0;0;1;1;0;0;0;0;357779,7797;5647855,29;6,974641572;50,96472691
159260;5,21E+18;5;3;15;0;2021;6;23;7;3;0;1;2;0;0;0;0;0;0;1;356668,5977;5642529,838;6,96092316;50,9165923
159262;5,21E+18;5;3;15;0;2021;9;15;6;3;1;6;0;0;0;1;0;0;0;0;356190,194;5645131,862;6,953095446;50,93985733
159264;5,21E+18;5;3;15;0;2021;10;17;1;2;5;3;0;0;1;1;0;0;0;0;356790,9844;5645803,901;6,961376729;50,9460464
159266;5,21E+18;5;3;15;0;2021;9;20;7;3;1;5;2;0;1;1;0;0;0;0;359592,4665;5639726,593;7,003569925;50,89211783
159268;5,21E+18;5;3;15;0;2021;5;15;2;3;6;4;0;0;0;1;1;0;0;0;359136,6214;5651325,883;6,992606595;50,99625052
159269;5,21E+18;5;3;15;0;2021;9;17;5;3;3;7;0;0;1;0;0;0;0;1;357605,2018;5645269,214;6,973168609;50,94144288
159271;5,21E+18;5;3;15;0;2021;6;13;3;3;0;1;0;0;0;0;0;0;0;1;356955,8057;5640643,637;6,965745563;50,89971233
159272;5,21E+18;5;3;15;0;2021;6;21;4;2;1;5;1;0;1;1;0;0;0;0;359488,3651;5649736,83;6,998230492;50,98205566
159275;5,21E+18;5;3;15;0;2021;11;13;2;3;7;1;0;0;0;1;0;0;0;0;356798,1644;5649273,023;6,960113575;50,97722469
159276;5,21E+18;5;3;15;0;2021;6;7;2;2;6;4;0;0;1;0;1;0;0;0;358003,601;5648007,373;6,977767526;50,96614888
159278;5,21E+18;5;3;15;0;2021;10;13;6;3;0;4;0;1;1;0;1;0;0;0;356457,47;5645934,29;6,956580882;50,94713524
159279;5,21E+18;5;3;15;0;2021;6;15;7;3;0;1;0;0;0;0;0;0;0;1;359895,2045;5644929,337;7,005873675;50,93894937
159281;5,21E+18;5;3;15;0;2021;10;20;1;3;0;1;0;1;1;0;0;0;0;0;356889,5578;5640981,856;6,964671512;50,90273548
159282;5,21E+18;5;3;15;0;2021;10;15;7;2;5;7;0;0;1;1;0;0;0;0;359178,286;5639260,289;6,997864334;50,88782624
159284;5,21E+18;5;3;15;0;2021;9;15;3;3;6;7;0;0;1;0;1;0;0;0;358771,1306;5639437,068;6,992011057;50,88931558
159287;5,21E+18;5;3;15;0;2021;5;19;1;2;0;7;1;0;1;0;0;0;0;0;359200,7454;5640546,281;6,997687748;50,89938915
159289;5,21E+18;5;3;15;0;2021;3;12;2;3;0;5;0;0;0;0;0;0;0;1;356127,8469;5648056,197;6,951052936;50,96612225
159291;5,21E+18;5;3;15;0;2021;10;17;5;3;0;6;0;1;0;1;0;1;0;0;356253,0792;5644159,047;6,954373648;50,93113045
159299;5,21E+18;5;3;15;0;2021;5;8;2;3;5;2;0;0;0;0;1;0;0;1;357395,868;5648303,495;6,969002245;50,96865998
159301;5,21E+18;5;3;15;0;2021;11;1;1;3;1;6;2;1;0;1;0;0;0;0;356191,5137;5644404,032;6,953401461;50,93331676
159303;5,21E+18;5;3;15;0;2021;3;19;1;3;0;3;0;0;1;1;0;0;0;0;356183,5214;5648097,435;6,951828975;50,96650675
159305;5,21E+18;5;3;15;0;2021;10;18;3;3;6;6;0;1;0;0;1;0;0;1;356224,39;5644799,261;6,953713087;50,93687682
159309;5,21E+18;5;3;15;0;2021;3;13;2;3;1;5;0;0;0;1;0;0;0;1;359890,6245;5646843,211;7,005072166;50,95614848
159310;5,21E+18;5;3;15;0;2021;3;19;2;3;7;1;2;0;1;0;0;0;0;0;356660,0948;5646171,328;6,959370112;50,94931588
159312;5,21E+18;5;3;15;0;2021;3;3;1;3;0;1;2;0;0;0;0;0;0;1;357719,6877;5644750,014;6,97499986;50,9368051
159315;5,21E+18;5;3;15;0;2021;7;9;6;3;5;3;0;0;1;1;0;0;0;0;356180,664;5645318,167;6,952886344;50,94152925
159320;5,21E+18;5;3;15;0;2021;12;23;6;3;0;7;2;0;0;0;0;0;0;1;356438,522;5644031,868;6,957060932;50,9300337
159321;5,21E+18;5;3;15;0;2021;9;15;4;3;2;6;0;1;0;1;0;0;0;0;358991,0116;5645133,702;6,992933518;50,94056561
159322;5,21E+18;5;3;15;0;2021;3;10;7;3;3;5;0;1;1;1;0;0;0;0;357644,8518;5644748,026;6,973936249;50,93676877
159327;5,21E+18;5;3;15;0;2021;6;16;3;3;0;1;0;0;1;0;0;0;0;0;356706,371;5645176,095;6,960420024;50,94038335
159329;5,21E+18;5;3;15;0;2021;1;9;2;3;0;5;0;0;1;1;0;0;0;1;356203,6749;5647517,615;6,952344965;50,96130105
159331;5,21E+18;5;3;15;0;2021;9;16;7;3;4;2;0;0;1;1;0;0;0;0;356394,5897;5644708,988;6,956169382;50,93610796
159334;5,21E+18;5;3;15;0;2021;12;11;4;3;2;5;0;1;0;1;0;1;0;0;356867,1768;5641199,433;6,964268116;50,9046853
159337;5,21E+18;5;3;15;0;2021;6;13;5;3;0;1;0;0;1;0;0;0;0;0;358643,8564;5639018,61;6,990364543;50,88552371
159338;5,21E+18;5;3;15;0;2021;3;14;1;3;0;1;0;1;1;0;0;0;0;0;356788,5747;5643204,852;6,962363799;50,92268839
159339;5,21E+18;5;3;15;0;2021;10;0;7;3;0;5;2;0;1;1;0;0;0;0;356625,8901;5644717,16;6,959455863;50,93623895
159343;5,21E+18;5;3;15;0;2021;1;19;6;3;1;5;2;1;1;1;0;0;0;0;359565,0171;5645013,623;7,001144649;50,93962653
159346;5,21E+18;5;3;15;0;2021;10;17;3;3;5;3;0;1;1;1;0;0;0;0;357438,1647;5648847,127;6,969391131;50,97355601
159349;5,21E+18;5;3;15;0;2021;10;15;6;3;6;2;0;0;0;1;1;0;0;0;359640,082;5637289,595;7,005182286;50,87022754
159350;5,21E+18;5;3;15;0;2021;12;14;5;3;5;2;0;0;1;1;0;0;0;0;356445,1663;5641302,095;6,958229692;50,90550313
159351;5,21E+18;5;3;15;0;2021;9;17;2;3;0;7;0;0;0;1;0;0;0;0;359152,1477;5644000,756;6,995663462;50,9304231
159354;5,21E+18;5;3;15;0;2021;1;12;1;3;1;5;0;1;1;1;0;0;0;0;359532,9858;5647002,876;6,99992167;50,95749634
159355;5,21E+18;5;3;15;0;2021;3;15;6;3;5;3;0;0;0;1;0;0;0;0;356188,9039;5644963,18;6,953143679;50,93834109
159357;5,21E+18;5;3;15;0;2021;12;19;4;3;6;4;2;1;0;1;1;0;0;0;356685,2436;5644775,09;6,960277243;50,93677431
159358;5,21E+18;5;3;15;0;2021;4;16;3;3;3;2;0;0;0;1;0;1;0;0;358089,8684;5642338,851;6,981203405;50,91522714
159359;5,21E+18;5;3;15;0;2021;5;20;1;3;2;6;0;0;0;1;0;0;0;0;359928,838;5650633,802;7,004155741;50,99022413
159361;5,21E+18;5;3;15;0;2021;2;18;4;3;2;6;0;0;0;1;0;0;0;0;359022,3758;5644991,59;6,993434644;50,93929611
159362;5,21E+18;5;3;15;0;2021;3;15;1;3;0;7;0;0;0;0;0;0;0;1;357655,4877;5647028,158;6,973196278;50,95726284
159365;5,21E+18;5;3;15;0;2021;3;16;2;2;6;6;0;0;1;0;1;0;0;0;357046,5247;5643713,813;6,96583194;50,92732636
159366;5,21E+18;5;3;15;0;2021;2;12;1;2;0;6;0;0;1;0;0;0;0;0;359528,9022;5647771,423;6,999566873;50,96440234
159367;5,21E+18;5;3;15;0;2021;11;17;4;3;2;6;1;0;0;1;0;0;0;0;358629,4822;5648387,62;6,986527285;50,96972009
159369;5,21E+18;5;3;15;0;2021;11;13;7;3;5;3;0;0;0;1;0;0;0;0;356754,6774;5648834,998;6,959667103;50,97327742
159373;5,21E+18;5;3;15;0;2021;10;19;1;3;6;2;2;1;0;1;1;0;0;0;358275,9113;5651905,171;6,980122945;51,0012452
159375;5,21E+18;5;3;15;0;2021;12;8;7;3;4;3;0;0;1;0;0;0;0;0;356339,1157;5641361,309;6,956699062;50,90600891
159376;5,21E+18;5;3;15;0;2021;11;15;3;3;6;2;0;0;0;1;1;0;0;0;358859,518;5639364,312;6,993295028;50,88868331
159377;5,21E+18;5;3;15;0;2021;3;14;7;3;3;7;0;0;0;1;0;0;0;0;357705,7819;5648990,597;6,973144292;50,97491155
159380;5,21E+18;5;3;15;0;2021;7;18;4;3;0;1;0;0;1;0;0;0;0;0;359350,7385;5644561,048;6,998271441;50,93550696
159381;5,21E+18;5;3;15;0;2021;5;8;3;3;5;3;0;1;1;1;0;0;0;0;358429,8001;5638328,78;6,987590531;50,87927171
159382;5,21E+18;5;3;15;0;2021;11;9;3;3;4;6;0;0;1;0;0;0;0;0;357622,466;5645279,092;6,973410322;50,94153592
159383;5,21E+18;5;3;15;0;2021;9;10;7;2;8;1;0;0;0;0;0;1;0;0;356804,9392;5647927,577;6,960739788;50,96513506
159386;5,21E+18;5;3;15;0;2021;3;17;4;3;5;3;0;0;0;1;0;0;0;0;359663,554;5643838,641;7,00299871;50,9290908
159388;5,21E+18;5;3;15;0;2021;12;18;6;3;5;3;2;0;0;1;0;0;0;1;359936,0625;5646011,813;7,006038575;50,94868765
159393;5,21E+18;5;3;15;0;2021;6;0;6;3;0;1;2;0;1;0;0;0;0;0;358879,53;5646778,389;6,990710403;50,95531921
159394;5,21E+18;5;3;15;0;2021;9;14;3;3;5;2;0;0;1;1;0;0;0;0;356788,129;5642609,857;6,962591086;50,9173411
159395;5,21E+18;5;3;15;0;2021;10;16;1;3;0;1;0;0;0;0;0;0;0;1;356742,7385;5648708,993;6,959546806;50,97214206
159399;5,21E+18;5;3;15;0;2021;5;13;4;3;2;7;0;0;1;1;0;0;0;0;356015,3879;5643277,791;6,951341466;50,92315145
159405;5,21E+18;5;3;15;0;2021;7;16;6;3;6;4;0;0;0;1;1;0;0;0;359573,3926;5636756,058;7,004439908;50,86541633
159406;5,21E+18;5;3;15;0;2021;10;12;2;3;5;3;0;0;1;0;0;0;1;0;356530,0465;5644723,241;6,958090319;50,93626976
159407;5,21E+18;5;3;15;0;2021;4;16;2;3;5;3;0;0;0;1;0;1;0;0;358979,151;5639882,672;6,994794741;50,89337112
159408;5,21E+18;5;3;15;0;2021;4;11;7;3;3;6;0;0;1;1;0;0;0;0;357545,9952;5640723,378;6,974102014;50,90057487
159409;5,21E+18;5;3;15;0;2021;11;13;2;3;8;1;0;1;0;0;0;0;0;1;357249,7534;5642138,995;6,969338224;50,91322385
159410;5,21E+18;5;3;15;0;2021;4;14;2;3;3;3;0;0;0;1;0;0;0;0;357150,5994;5641920,928;6,968014049;50,91123955
159411;5,21E+18;5;3;15;0;2021;7;14;3;3;5;2;0;0;0;1;0;0;0;0;359430,5731;5643670,725;6,999750274;50,92752499
159412;5,21E+18;5;3;15;0;2021;11;16;5;3;0;5;0;1;1;1;0;0;0;0;356200,8451;5646242,937;6,952808271;50,94984504
159413;5,21E+18;5;3;15;0;2021;3;8;6;3;1;6;0;0;0;1;0;1;0;0;359983,9904;5645259,611;7,007009619;50,94193915
159416;5,21E+18;5;3;15;0;2021;11;8;4;3;6;4;0;0;0;1;1;0;0;0;359583,549;5637927,129;7,004134563;50,87594349
159417;5,21E+18;5;3;15;0;2021;4;15;7;3;5;3;0;1;1;1;0;0;0;0;356391,611;5645410,47;6,955850515;50,94241134
159423;5,21E+18;5;3;15;0;2021;9;17;1;3;9;1;0;0;0;0;0;1;0;0;358455,9157;5642236,124;6,986447163;50,91439382
159424;5,21E+18;5;3;15;0;2021;3;9;4;3;9;1;0;1;1;0;0;0;0;0;359057,8669;5651199,765;6,991533976;50,99509782
159425;5,21E+18;5;3;15;0;2021;12;12;5;3;4;2;0;0;1;1;0;0;0;0;356967,3475;5647820,345;6,963093262;50,96421173
159426;5,21E+18;5;3;15;0;2021;12;16;6;3;5;2;1;0;0;1;0;0;0;0;356770,6358;5648939,585;6,959853057;50,97422129
159428;5,21E+18;5;3;15;0;2021;1;11;5;2;6;7;0;1;0;0;1;0;0;1;356040,0306;5642689,708;6,951923974;50,91787257
159430;5,21E+18;5;3;15;0;2021;6;18;2;3;0;1;0;0;0;0;0;0;0;1;356417,3146;5648730,74;6,954906271;50,97225646
159431;5,21E+18;5;3;15;0;2021;1;15;4;3;2;6;0;1;0;1;0;1;0;0;359906,1267;5645464,451;7,005823242;50,94376116
159432;5,21E+18;5;3;15;0;2021;12;22;4;3;1;7;2;0;0;1;0;0;0;0;360204,8619;5644375,228;7,010490799;50,93404464
159438;5,21E+18;5;3;15;0;2021;10;9;6;3;1;6;0;0;0;1;0;0;0;0;356656,198;5646388,771;6,959229068;50,95126905
159439;5,21E+18;5;3;15;0;2021;5;21;7;3;0;1;2;0;0;0;0;1;0;0;359046,824;5642441,595;6,994768301;50,91638503
159440;5,21E+18;5;3;15;0;2021;3;14;4;3;6;4;0;0;1;0;1;0;0;0;357697,6779;5644749,081;6,97468718;50,93679129
159444;5,21E+18;5;3;15;0;2021;11;21;6;3;8;1;2;1;0;1;0;0;0;0;356224,7932;5645675,071;6,953373173;50,94474769
159446;5,21E+18;5;3;15;0;2021;9;15;2;3;3;2;0;0;0;1;0;0;0;1;356727,635;5643565,319;6,961355693;50,92591275
159449;5,21E+18;5;3;15;0;2021;4;14;3;3;0;6;0;0;0;1;1;0;0;0;356464,6818;5646003,001;6,956656395;50,94775453
159450;5,21E+18;5;3;15;0;2021;3;22;7;2;0;1;2;1;1;0;0;0;0;0;359927,0974;5646472,542;7,005733778;50,9528261
159452;5,21E+18;5;3;15;0;2021;10;15;7;3;5;3;0;0;1;1;0;0;0;0;356878,0332;5641129,32;6,964449908;50,90405788
159455;5,21E+18;5;3;15;0;2021;7;10;2;3;5;2;0;0;1;1;0;0;0;0;356761,0554;5641898,335;6,962485521;50,91093997
159456;5,21E+18;5;3;15;0;2021;6;9;6;3;5;3;0;0;1;1;0;0;0;0;356512,4882;5641870,907;6,958962936;50,91063174
159457;5,21E+18;5;3;15;0;2021;2;9;4;3;0;1;0;2;1;0;0;0;0;0;359201,3891;5640545,856;6,99769706;50,89938548
159459;5,21E+18;5;3;15;0;2021;9;20;3;3;0;6;2;0;0;0;1;0;0;1;356751,3525;5641398,756;6,962543678;50,90644787
159461;5,21E+18;5;3;15;0;2021;10;8;4;3;0;1;0;0;1;1;0;0;0;0;359603,8204;5645806,567;7,001390955;50,94676225
159462;5,21E+18;5;3;15;0;2021;10;10;7;3;1;5;0;1;1;1;0;0;0;0;356225,9222;5641900,432;6,954877821;50,91082577
159464;5,21E+18;5;3;15;0;2021;1;14;2;3;5;2;0;0;0;1;0;0;0;0;356709,5958;5641884,372;6,961759508;50,91080172
159467;5,21E+18;5;3;15;0;2021;1;14;6;3;6;4;0;1;1;0;1;0;0;0;356486,4338;5646227,949;6,956877185;50,94978152
159468;5,21E+18;5;3;15;0;2021;12;17;3;3;1;7;1;0;0;1;1;0;0;0;359117,644;5645160,781;6,994724302;50,94083992
159471;5,21E+18;5;3;15;0;2021;9;15;4;3;0;1;0;0;0;0;0;0;0;1;359609,857;5648103,278;7,00059092;50,96740447
159472;5,21E+18;5;3;15;0;2021;5;12;3;3;5;3;0;0;0;1;0;0;0;0;356189,1281;5644963,168;6,953146871;50,93834104
159473;5,21E+18;5;3;15;0;2021;2;16;4;3;5;7;0;1;1;1;0;0;0;0;358498,8504;5643195,422;6,986685389;50,92302562
159475;5,21E+18;5;3;15;0;2021;7;8;4;3;1;5;0;0;1;1;0;0;1;0;356619,7627;5642837,085;6,960108122;50,91934137
159477;5,21E+18;5;3;15;0;2021;12;13;7;3;5;3;0;1;0;1;0;0;0;1;359738,876;5644961,54;7,003637681;50,93920077
159480;5,21E+18;5;3;15;0;2021;10;8;6;3;2;5;0;0;1;1;0;0;0;0;357248,0626;5649431,847;6,966455607;50,97876372
159481;5,21E+18;5;3;15;0;2021;11;12;6;3;2;2;0;1;0;1;0;0;0;0;359355,8037;5643112,969;6,998902167;50,92249414
159484;5,21E+18;5;3;15;0;2021;1;7;2;3;1;5;1;0;0;1;0;0;0;1;356820,0741;5641515,625;6,963474616;50,90751521
159487;5,21E+18;5;3;15;0;2021;12;10;5;3;6;3;0;0;0;1;1;0;0;0;356125,7477;5645717,455;6,951947489;50,94510388
159488;5,21E+18;5;3;15;0;2021;3;0;5;3;2;7;2;0;0;1;0;0;0;1;359555,1256;5644362,768;7,001254811;50,93377481
159492;5,21E+18;5;3;15;0;2021;10;18;6;3;6;4;1;1;1;0;1;0;0;0;358481,364;5639439,473;6,987892943;50,88926628
159493;5,21E+18;5;3;15;0;2021;7;19;4;3;1;5;0;1;1;1;0;0;0;0;359874,4586;5646329,583;7,005039851;50,95152851
159494;5,21E+18;5;3;15;0;2021;6;9;6;3;1;6;0;0;0;1;0;0;0;0;356692,6728;5648294,709;6,958997434;50,96840651
159495;5,21E+18;5;3;15;0;2021;3;15;5;3;5;1;0;0;1;0;0;0;0;1;359276,5848;5647268,149;6,996170644;50,95981781
159499;5,21E+18;5;3;15;0;2021;12;21;6;3;5;3;2;0;0;1;0;0;0;0;359332,9677;5639372,83;7,000018765;50,88887535
159503;5,21E+18;5;3;15;0;2021;6;0;1;2;0;6;2;0;1;0;0;0;0;0;356918,3216;5643747,375;6,963995722;50,92759619
159506;5,21E+18;5;3;15;0;2021;6;14;6;3;5;3;0;0;1;1;0;0;0;0;359800,7886;5646782,723;7,003817179;50,95558301
159507;5,21E+18;5;3;15;0;2021;10;12;1;3;5;3;0;0;0;1;0;0;0;0;356491,574;5645781,368;6,957126305;50,94576944
159508;5,21E+18;5;3;15;0;2021;9;18;7;3;6;4;0;0;0;1;1;0;0;0;358820,944;5640081,949;6,992469614;50,8951234
159509;5,21E+18;5;3;15;0;2021;4;20;1;2;5;2;1;0;0;1;0;1;0;0;357619,9778;5645098,983;6,973445321;50,93991667
159512;5,21E+18;5;3;15;0;2021;11;15;6;3;1;5;1;1;0;1;0;0;0;1;359379,8698;5643873,278;6,998951125;50,929333
159517;5,21E+18;5;3;15;0;2021;10;0;7;3;8;1;2;1;1;0;0;0;0;0;356314,45;5641727,157;6,956204456;50,90929061
159519;5,21E+18;5;3;15;0;2021;5;13;1;3;1;5;0;0;1;1;0;0;0;0;358203,9693;5648178,028;6,980552637;50,96773191
159521;5,21E+18;5;3;15;0;2021;10;17;3;3;1;6;1;1;0;1;0;0;0;0;356463,535;5645761,013;6,956735457;50,94557953
159522;5,21E+18;5;3;15;0;2021;5;15;6;3;0;1;0;0;1;0;0;0;0;0;358872,4752;5639742,805;6,993332925;50,89208805
159523;5,21E+18;5;3;15;0;2021;3;20;4;3;6;4;2;0;1;0;1;0;0;0;357742,7976;5649930,573;6,973303334;50,98336816
159524;5,21E+18;5;3;15;0;2021;10;10;5;2;0;1;0;1;0;1;0;0;0;0;357021,3104;5640112,7;6,966884354;50,89495702
159528;5,21E+18;5;3;15;0;2021;9;14;6;3;0;1;0;1;1;0;0;0;0;0;356633,8141;5642726,294;6,960351444;50,91834919
159531;5,21E+18;5;3;15;0;2021;11;14;3;2;0;1;0;0;0;0;0;0;0;1;356419,5973;5645311,28;6,956287703;50,9415269
159532;5,21E+18;5;3;15;0;2021;11;9;5;3;0;2;0;0;0;1;0;0;0;1;360019,998;5648032,887;7,006455369;50,96687167
159534;5,21E+18;5;3;15;0;2021;9;14;7;3;0;6;0;0;1;0;0;0;0;0;356877,7507;5641131,144;6,964445178;50,90407421
159539;5,21E+18;5;3;15;0;2021;10;21;6;3;0;7;2;0;0;0;0;0;0;1;356653,9476;5645316,913;6,959618946;50,94163584
159540;5,21E+18;5;3;15;0;2021;12;9;4;3;1;5;0;0;1;1;0;0;0;0;358000,3272;5648361,412;6,97758272;50,9693298
159541;5,21E+18;5;3;15;0;2021;10;16;3;2;0;4;0;1;0;1;1;0;0;0;355906,5066;5640751,657;6,95079085;50,90042221
159543;5,21E+18;5;3;15;0;2021;10;16;3;3;5;5;0;1;0;1;0;0;0;0;356167,3012;5640825,888;6,954467941;50,90115434
159546;5,21E+18;5;3;15;0;2021;12;17;5;2;0;1;2;1;0;0;0;1;0;0;358599,7853;5642379,011;6,988437069;50,91571322
159547;5,21E+18;5;3;15;0;2021;9;9;7;3;0;7;0;0;0;0;0;1;0;1;359642,2916;5637290,31;7,005213393;50,87023451
159551;5,21E+18;5;3;15;0;2021;9;12;1;3;5;3;0;0;1;1;0;0;0;0;357397,947;5648303,335;6,969031898;50,96865906
159552;5,21E+18;5;3;15;0;2021;11;10;4;3;6;6;0;0;1;0;1;0;0;0;359532,9345;5646156,786;7,000247419;50,94989244
159553;5,21E+18;5;3;15;0;2021;3;14;6;3;0;5;0;0;1;1;0;0;0;0;356272,1424;5647437,379;6,953350967;50,96059707
159554;5,21E+18;5;3;15;0;2021;6;22;3;3;5;3;2;1;1;1;0;0;0;0;360061,9687;5648009,187;7,007061831;50,96666887
159555;5,21E+18;5;3;15;0;2021;10;16;3;3;5;3;0;1;1;1;0;0;0;0;356899,3395;5650281,606;6,961156712;50,9863138
159558;5,21E+18;5;3;15;0;2021;1;21;7;2;0;1;2;2;0;1;0;0;0;0;359794,036;5646757,573;7,003730784;50,95535535
159559;5,21E+18;5;3;15;0;2021;9;17;2;3;2;2;0;1;1;0;0;1;0;0;356557,1157;5648939,373;6,956813846;50,97416624
159561;5,21E+18;5;3;15;0;2021;10;12;5;3;5;2;0;1;1;1;0;0;0;0;357648,3989;5645138,344;6,9738342;50,94027743
159562;5,21E+18;5;3;15;0;2021;9;17;5;3;0;1;0;0;1;0;0;0;0;0;357145,7346;5642093,755;6,967877235;50,91279154
159564;5,21E+18;5;3;15;0;2021;10;12;5;3;0;7;0;0;0;1;1;0;0;0;358759,1;5651861,969;6,987021689;51,00097576
159565;5,21E+18;5;3;15;0;2021;4;14;3;3;0;2;0;0;0;1;0;0;0;1;356633,3797;5642752,969;6,960334782;50,91858881
159568;5,21E+18;5;3;15;0;2021;11;21;2;3;0;1;2;1;1;0;0;0;0;0;359748,6182;5646229,428;7,003288012;50,9505978
159569;5,21E+18;5;3;15;0;2021;1;11;4;3;1;3;0;0;1;1;0;0;0;0;356631,1855;5654558,886;6,955649215;51,024686
159572;5,21E+18;5;3;15;0;2021;9;16;2;3;5;3;0;0;0;1;0;0;0;1;356876,9494;5641136,32;6,964431759;50,90412052
159573;5,21E+18;5;3;15;0;2021;4;19;3;3;5;3;0;0;0;1;0;0;0;0;359227,654;5642677,821;6,997247988;50,91855216
159576;5,21E+18;5;3;15;0;2021;1;7;5;3;6;2;0;1;0;1;1;0;0;0;356765,6466;5648939,684;6,959782001;50,97422094
159579;5,21E+18;5;3;15;0;2021;10;16;4;3;5;2;0;0;1;1;0;0;0;0;356060,1181;5643231,301;6,951995817;50,92274481
159581;5,21E+18;5;3;15;0;2021;5;17;7;3;9;1;0;0;1;1;0;0;0;0;356295,4463;5647414,788;6,953691504;50,96039986
159582;5,21E+18;5;3;15;0;2021;11;15;5;3;2;6;0;0;0;0;0;0;0;1;360142,8982;5648391,804;7,008066527;50,97012715
159584;5,21E+18;5;3;15;0;2021;10;13;6;3;6;7;0;0;0;0;1;0;0;1;358511,0477;5651704,373;6,983550182;50,99949852
159585;5,21E+18;5;3;15;0;2021;5;8;3;3;6;2;0;1;0;1;1;0;0;0;358560,796;5639314,546;6,98906992;50,888163
159591;5,21E+18;5;3;15;0;2021;12;8;3;2;0;1;0;0;1;1;0;0;0;0;356788,709;5642778,097;6,96253328;50,9188532
159592;5,21E+18;5;3;15;0;2021;4;18;1;2;4;2;0;0;0;1;0;1;0;0;356766,7725;5648939,662;6,959798036;50,97422102
159594;5,21E+18;5;3;15;0;2021;6;15;2;3;5;3;0;0;1;0;0;0;0;1;357736,5842;5640832,748;6,97676804;50,90160477
159595;5,21E+18;5;3;15;0;2021;12;12;5;3;2;6;0;1;0;1;0;0;0;0;356154,6475;5649051,586;6,951040651;50,9750743