OBJECTID;UIDENTSTLAE;ULAND;UREGBEZ;UKREIS;UGEMEINDE;UJAHR;UMONAT;USTUNDE;UWOCHENTAG;UKATEGORIE;UART;UTYP1;ULICHTVERH;USTRZUSTAND;IstRad;IstPKW;IstFuss;IstKrad;IstGkfz;IstSonstige;LINREFX;LINREFY;XGCSWGS84;YGCSWGS84
159597;5,21E+18;5;3;15;0;2021;5;20;1;3;4;6;0;0;0;0;0;0;0;1;356258,7425;5644755,48;6,954218946;50,93649193
159600;5,21E+18;5;3;15;0;2021;11;8;2;3;3;7;0;0;1;1;0;0;0;0;358631,3486;5640082,631;6,989775124;50,89508314
159602;5,21E+18;5;3;15;0;2021;1;14;6;3;2;6;0;1;0;1;0;1;0;0;359897,0228;5647626,803;7,004861526;50,96319226
159606;5,21E+18;5;3;15;0;2021;10;6;1;3;9;1;2;1;0;1;0;0;0;0;357390,9473;5648360,804;6,968909741;50,96917379
159607;5,21E+18;5;3;15;0;2021;2;15;3;3;0;4;0;0;0;1;1;0;0;0;359591,5677;5647711,463;7,000481846;50,96387875
159608;5,21E+18;5;3;15;0;2021;7;0;2;3;3;6;2;0;1;1;0;0;0;0;356163,039;5643489,612;6,953357305;50,92509188
159610;5,21E+18;5;3;15;0;2021;1;7;3;3;5;3;2;1;1;1;0;0;0;0;356717,4012;5642292,939;6,961710025;50,91447542
159612;5,21E+18;5;3;15;0;2021;10;9;7;3;0;1;0;1;0;0;0;0;0;1;357675,5312;5649435,375;6,972539561;50,97890124
159615;5,21E+18;5;3;15;0;2021;6;9;1;3;8;7;0;0;0;1;0;0;0;0;358945,5507;5642216,714;6,993415456;50,91433926
159617;5,21E+18;5;3;15;0;2021;9;9;6;3;5;3;0;0;1;1;0;0;0;0;357052,475;5640727,329;6,967086624;50,90048841
159619;5,21E+18;5;3;15;0;2021;9;8;3;3;0;1;0;0;0;0;0;0;0;1;358645,8869;5646174,073;6,987620601;50,94983095
159620;5,21E+18;5;3;15;0;2021;4;15;5;2;4;7;0;0;1;0;0;0;0;0;357574,1913;5644069,913;6,973196257;50,93065714
159621;5,21E+18;5;3;15;0;2021;10;15;6;3;4;6;0;0;0;1;0;0;0;0;356644,4341;5642680,85;6,960520289;50,91794343
159623;5,21E+18;5;3;15;0;2021;1;15;2;3;0;6;0;0;0;1;0;0;0;0;356171,9498;5645578,264;6,952659692;50,94386453
159625;5,21E+18;5;3;15;0;2021;9;17;2;3;5;3;0;0;1;1;0;0;0;0;356132,174;5636634,142;6,95561859;50,86347458
159626;5,21E+18;5;3;15;0;2021;5;21;3;3;0;6;2;1;0;1;0;0;0;1;359944,8756;5645981,772;7,006175513;50,9484198
159628;5,21E+18;5;3;15;0;2021;6;7;6;3;1;5;0;0;1;1;0;0;0;0;357168,0546;5648697,685;6,965605053;50,97214607
159629;5,21E+18;5;3;15;0;2021;4;12;7;3;4;6;0;0;0;1;0;0;0;0;359090,9151;5635877,438;6,997926344;50,85740258
159630;5,21E+18;5;3;15;0;2021;6;18;4;3;5;3;0;0;0;0;0;1;0;1;358389,369;5645485,277;6,984238954;50,94357777
159631;5,21E+18;5;3;15;0;2021;6;18;3;3;0;1;0;0;1;0;0;0;0;0;358809,6957;5648196,788;6,989166366;50,96804928
159632;5,21E+18;5;3;15;0;2021;4;13;6;3;5;2;0;0;0;1;0;0;0;0;356760,835;5641901,326;6,962481213;50,91096679
159634;5,21E+18;5;3;15;0;2021;6;13;6;3;6;4;0;0;0;1;1;0;0;0;359280,5049;5643927,921;6,997516974;50,92979985
159636;5,21E+18;5;3;15;0;2021;11;19;7;3;5;3;2;0;1;0;0;0;0;0;356040,807;5642689,05;6,951935271;50,91786685
159637;5,21E+18;5;3;15;0;2021;5;16;2;3;3;6;0;0;1;1;0;0;0;0;359344,7278;5636637,006;7,001238301;50,86429079
159638;5,21E+18;5;3;15;0;2021;5;22;1;2;0;1;2;0;0;0;0;0;0;1;356177,5332;5642898,747;6,953796425;50,91978547
159643;5,21E+18;5;3;15;0;2021;6;13;4;3;2;6;0;0;0;1;0;0;0;0;359637,17;5637290,426;7,005140607;50,87023431
159644;5,21E+18;5;3;15;0;2021;6;22;1;2;1;1;2;1;0;1;0;0;0;1;356483,616;5643719,059;6,957825348;50,92723373
159647;5,21E+18;5;3;15;0;2021;10;14;3;3;4;3;0;0;1;1;0;0;0;0;357395,5009;5649325,973;6,968596031;50,97784878
159649;5,21E+18;5;3;15;0;2021;4;15;5;3;3;6;0;0;0;1;0;1;0;0;356181,3086;5644908,6;6,953057192;50,93784869
159652;5,21E+18;5;3;15;0;2021;6;16;6;3;1;5;0;0;1;1;0;0;0;0;357023,3543;5648125,298;6,963770452;50,96696621
159653;5,21E+18;5;3;15;0;2021;12;10;6;3;0;2;0;0;0;1;0;1;0;0;356794,8522;5649240,524;6,960079227;50,9769318
159655;5,21E+18;5;3;15;0;2021;2;16;4;3;4;7;0;0;0;0;0;1;0;1;359797,8036;5647604,315;7,003458176;50,96296602
159657;5,21E+18;5;3;15;0;2021;5;19;7;3;2;6;0;0;0;1;0;0;0;0;359024,85;5644980,38;6,993474174;50,93919596
159660;5,21E+18;5;3;15;0;2021;5;15;3;3;1;6;0;0;0;1;0;0;0;0;359639,6585;5637289,458;7,005176324;50,87022621
159661;5,21E+18;5;3;15;0;2021;6;8;5;3;4;6;0;0;1;0;0;0;0;0;356529,6785;5643416,641;6,958599351;50,92452739
159662;5,21E+18;5;3;15;0;2021;11;14;3;3;5;3;0;0;0;1;0;0;0;1;359150,4185;5644988,221;6,995257213;50,93929711
159664;5,21E+18;5;3;15;0;2021;12;13;3;3;2;6;0;0;0;1;0;0;0;0;357394,5036;5649530,557;6,968501576;50,97968711
159668;5,21E+18;5;3;15;0;2021;7;19;6;2;0;1;0;0;1;0;0;0;0;0;356876,8974;5652083,184;6,960127222;51,00249866
159671;5,21E+18;5;3;15;0;2021;9;13;7;3;5;3;0;0;1;0;0;0;0;0;356425,5717;5641874,355;6,957726076;50,91064112
159674;5,21E+18;5;3;15;0;2021;4;16;5;2;3;6;0;0;1;0;0;0;0;0;357031,2724;5642582,678;6,966058495;50,91715713
159675;5,21E+18;5;3;15;0;2021;10;18;7;3;1;5;0;0;0;1;0;0;0;1;359439,3401;5644734,211;6,999464807;50,9370848
159678;5,21E+18;5;3;15;0;2021;10;13;4;3;1;5;0;0;1;1;0;0;0;0;356709,1474;5646444,294;6,959960541;50,95178119
159689;5,21E+18;5;3;15;0;2021;5;20;1;3;2;6;0;0;0;1;0;0;0;0;359875,6485;5645742,787;7,005282593;50,9462552
159690;5,21E+18;5;3;15;0;2021;11;16;6;3;4;6;0;0;1;0;0;0;0;1;356516,7436;5643514,124;6,958377069;50,92540025
159693;5,21E+18;5;3;15;0;2021;10;16;6;3;1;5;0;0;0;1;0;0;0;1;356823,815;5643330,029;6,962815716;50,92382209
159695;5,21E+18;5;3;15;0;2021;12;10;2;3;0;5;0;0;1;1;0;0;0;0;359577,0954;5645055,473;7,00130032;50,94000559
159696;5,21E+18;5;3;15;0;2021;11;17;5;3;1;6;2;0;0;1;0;0;0;0;356284,8373;5643697,065;6,95500741;50,9269866
159698;5,21E+18;5;3;15;0;2021;12;15;1;3;5;2;0;0;1;1;0;0;0;0;356647,5629;5641653,058;6,960968576;50,90870751
159701;5,21E+18;5;3;15;0;2021;11;9;3;3;6;4;0;0;0;1;1;0;0;0;359777,161;5646787,506;7,00347914;50,95562026
159702;5,21E+18;5;3;15;0;2021;2;15;6;3;4;5;0;0;1;0;0;0;0;1;356469,7657;5643805,863;6,957594224;50,92801039
159703;5,21E+18;5;3;15;0;2021;6;15;3;3;0;1;0;0;0;0;0;0;0;1;359063,5933;5644800,817;6,994094712;50,93759169
159705;5,21E+18;5;3;15;0;2021;5;9;3;3;2;2;0;1;0;1;0;0;0;0;357314,0725;5646860,484;6,968403958;50,95567153
159706;5,21E+18;5;3;15;0;2021;6;15;1;3;6;7;0;0;0;1;1;0;0;0;359519,7533;5644856,358;7,000561452;50,93820215
159708;5,21E+18;5;3;15;0;2021;6;10;5;3;5;3;0;1;1;1;0;0;0;0;359731,7923;5637040,075;7,006580526;50,86800731
159709;5,21E+18;5;3;15;0;2021;6;10;2;3;4;7;0;0;1;1;0;0;0;0;356682,9601;5645433,499;6,959985759;50,9426908
159710;5,21E+18;5;3;15;0;2021;9;14;7;3;5;3;0;0;1;1;0;0;0;0;358063,4044;5648386,198;6,97847082;50,9695681
159712;5,21E+18;5;3;15;0;2021;11;16;4;3;6;4;1;1;0;1;1;0;0;0;356473,6923;5648815,64;6,95567522;50,9730335
159714;5,21E+18;5;3;15;0;2021;10;16;2;3;0;7;0;0;0;0;1;0;0;1;360172,4347;5645641,425;7,009543631;50,9454163
159716;5,21E+18;5;3;15;0;2021;5;13;7;3;2;6;0;1;0;1;0;0;0;1;359214,5874;5639543,775;6,99827088;50,89038283
159717;5,21E+18;5;3;15;0;2021;3;13;3;3;1;7;0;1;0;1;0;0;0;1;358670,1551;5650732,534;6,986194422;50,99080375
159719;5,21E+18;5;3;15;0;2021;4;17;4;3;5;3;0;0;1;1;0;0;0;0;356944,1483;5646634,609;6,963229213;50,95354991
159720;5,21E+18;5;3;15;0;2021;5;14;4;3;4;6;0;0;0;1;0;0;0;0;356739,2199;5648672,056;6,959511276;50,97180924
159721;5,21E+18;5;3;15;0;2021;12;20;3;3;7;1;2;0;0;1;0;0;0;0;357614,176;5637788,452;6,97621462;50,87421534
159723;5,21E+18;5;3;15;0;2021;11;20;3;3;5;3;2;0;0;1;0;0;0;1;359556,945;5644985,654;7,001040612;50,9393732
159726;5,21E+18;5;3;15;0;2021;9;15;6;3;5;3;0;0;1;1;0;0;0;0;358332,6619;5642604,477;6,984551917;50,91767399
159729;5,21E+18;5;3;15;0;2021;5;7;4;3;4;5;0;0;1;1;0;0;0;0;356603,3066;5644190,199;6,959342007;50,93149759
159734;5,21E+18;5;3;15;0;2021;10;16;3;3;8;1;0;1;0;0;0;1;0;0;356753,7832;5639230,935;6,963428495;50,88696633
159737;5,21E+18;5;3;15;0;2021;10;17;3;3;0;1;0;1;1;0;0;0;0;0;356118,2034;5648393,921;6,950782102;50,9691549
159739;5,21E+18;5;3;15;0;2021;12;10;1;2;0;7;0;1;1;0;1;0;0;0;356330,9283;5647699,869;6,95408385;50,96297068
159744;5,21E+18;5;3;15;0;2021;11;16;4;3;5;3;1;0;1;1;0;0;0;0;358696,613;5642991,005;6,989576558;50,92123698
159746;5,21E+18;5;3;15;0;2021;12;18;3;3;6;2;2;1;0;1;1;0;0;0;356618,2185;5647490,984;6,958254532;50,96116503
159747;5,21E+18;5;3;15;0;2021;12;12;6;3;1;5;0;0;1;1;0;0;0;0;359144,2011;5645192,301;6,995089872;50,94112968
159750;5,21E+18;5;3;15;0;2021;4;10;3;3;0;1;0;1;1;0;0;0;0;0;356852,9941;5648937,946;6,961026012;50,97422704
159751;5,21E+18;5;3;15;0;2021;9;17;6;3;5;2;0;0;1;1;0;0;0;0;359545,1628;5644530,839;7,001048341;50,93528286
159752;5,21E+18;5;3;15;0;2021;3;7;6;3;5;3;0;0;1;1;0;0;0;0;356284,2384;5648527,755;6,953092334;50,97039909
159753;5,21E+18;5;3;15;0;2021;9;16;1;3;3;6;0;0;0;1;0;0;0;1;360122,3147;5647966,303;7,007937188;50,96629813
159754;5,21E+18;5;3;15;0;2021;12;15;5;3;5;2;0;0;1;1;0;0;0;0;356812,6589;5646739,309;6,961317204;50,95445818
159758;5,21E+18;5;3;15;0;2021;9;16;5;3;3;6;0;0;0;1;0;0;0;0;356449,1548;5643929,474;6,957252461;50,92911614
159766;5,21E+18;5;3;15;0;2021;5;12;6;3;4;2;0;0;1;1;0;0;0;0;358058,1324;5648381,797;6,978397501;50,96952725
159768;5,21E+18;5;3;15;0;2021;11;14;3;3;5;3;0;1;1;1;0;0;0;0;356402,5907;5645425,081;6,956000935;50,94254538
159772;5,21E+18;5;3;15;0;2021;6;16;2;3;0;4;0;0;1;0;1;0;0;0;359333,4192;5644548,584;6,998029925;50,93539073
159776;5,21E+18;5;3;15;0;2021;6;19;5;3;3;5;0;0;1;1;0;0;0;0;356769,7505;5648991,551;6,959819985;50,97468808
159777;5,21E+18;5;3;15;0;2021;9;7;6;3;2;6;0;0;0;1;0;0;0;0;357999,1773;5648536,352;6,977498049;50,97090169
159779;5,21E+18;5;3;15;0;2021;11;16;4;3;6;6;0;0;1;1;1;0;0;0;359439,8079;5639103,128;7,001640561;50,8864775
159780;5,21E+18;5;3;15;0;2021;9;18;4;3;0;2;0;0;0;1;0;0;0;1;356209,5994;5642599,12;6,954370443;50,91710074
159781;5,21E+18;5;3;15;0;2021;6;15;5;3;5;3;0;0;0;0;0;0;0;1;360086,376;5645344,302;7,008433507;50,94272513
159786;5,21E+18;5;3;15;0;2021;9;0;6;3;0;7;2;0;0;0;0;0;0;1;359224,1897;5646091,56;6,995880078;50,94923093
159788;5,21E+18;5;3;15;0;2021;6;5;6;3;0;1;1;0;0;0;0;0;0;1;357284,9298;5646828,474;6,968001847;50,95537664
159789;5,21E+18;5;3;15;0;2021;9;11;5;3;0;1;0;0;0;0;0;0;0;1;359559,9609;5647181,502;7,000236582;50,95910825
159790;5,21E+18;5;3;15;0;2021;6;1;7;3;0;7;2;0;1;0;0;0;0;0;356244,7105;5646311,426;6,953405293;50,95047148
159791;5,21E+18;5;3;15;0;2021;12;7;5;3;0;1;0;0;1;0;0;0;0;0;359983,3811;5645864,956;7,006768238;50,94737932
159792;5,21E+18;5;3;15;0;2021;5;19;1;3;4;2;0;0;0;1;0;0;0;0;356770,6332;5645270,372;6,961297018;50,94124658
159795;5,21E+18;5;3;15;0;2021;2;18;7;3;3;6;2;0;1;0;0;0;0;1;356494,5694;5643656,102;6,958005884;50,92667068
159796;5,21E+18;5;3;15;0;2021;1;18;2;2;0;1;2;0;1;0;0;0;0;0;359062,726;5643776,818;6,994478358;50,92838871
159800;5,21E+18;5;3;15;0;2021;6;9;4;3;1;5;0;0;0;1;0;0;0;0;358656,2551;5646192,164;6,987761087;50,94999608
159801;5,21E+18;5;3;15;0;2021;10;9;5;3;0;5;0;0;1;1;0;0;0;0;357581,4284;5644574,812;6,973101879;50,93519644
159804;5,21E+18;5;3;15;0;2021;7;18;2;3;5;3;0;0;1;1;0;0;0;0;356860,3823;5649265,56;6,961002197;50,97717309
159806;5,21E+18;5;3;15;0;2021;9;22;3;3;9;1;2;0;0;1;0;0;0;0;356178,9358;5645314,366;6,952863262;50,94149466
159808;5,21E+18;5;3;15;0;2021;12;16;3;2;3;2;1;0;1;1;0;0;0;0;356698,8791;5642323,722;6,961434623;50,91474747
159811;5,21E+18;5;3;15;0;2021;2;11;6;3;3;6;0;0;1;0;0;0;0;0;356336,5688;5641117,568;6,956758786;50,90381779
159812;5,21E+18;5;3;15;0;2021;4;16;5;3;6;4;0;0;1;0;1;0;0;0;358776,2676;5639455,293;6,992077002;50,88948062
159818;5,21E+18;5;3;15;0;2021;4;20;2;2;0;3;0;0;0;1;0;0;0;0;358127,5459;5648120,77;6,979487278;50,96719851
159819;5,21E+18;5;3;15;0;2021;6;16;4;3;2;6;0;0;0;1;0;0;0;0;356157,6082;5644854,653;6,952741396;50,93735797
159821;5,21E+18;5;3;15;0;2021;7;21;2;3;0;1;1;1;0;0;0;1;0;0;356335,3239;5643767,382;6,955697611;50,9276311
159827;5,21E+18;5;3;15;0;2021;6;12;6;2;5;3;0;0;1;0;0;0;0;0;359048,3346;5650227,572;6,991775457;50,9863584
159828;5,21E+18;5;3;15;0;2021;11;19;5;3;0;5;2;0;1;0;0;0;0;1;356770,8782;5641837,108;6,962649183;50,91039217
159831;5,21E+18;5;3;15;0;2021;11;20;2;3;4;6;2;1;0;0;0;1;0;1;357746,5667;5640838,131;6,976907816;50,90165561
159832;5,21E+18;5;3;15;0;2021;5;0;1;3;0;5;2;0;1;0;0;0;0;0;355941,9013;5640862,959;6,951249954;50,9014313
159834;5,21E+18;5;3;15;0;2021;2;14;3;3;1;6;0;0;0;1;0;0;0;0;356115,4995;5640734,535;6,953767738;50,90032045
159836;5,21E+18;5;3;15;0;2021;11;13;6;3;6;4;0;0;1;0;1;0;0;0;357549,8875;5644755,77;6,97258255;50,93681491
159837;5,21E+18;5;3;15;0;2021;4;17;5;3;3;6;0;0;0;1;0;1;0;0;358460,5133;5651116,445;6,983059619;50,99420242
159841;5,21E+18;5;3;15;0;2021;10;17;1;3;0;3;2;1;0;1;0;1;0;0;356628,704;5645853,184;6,959048783;50,94644896
159842;5,21E+18;5;3;15;0;2021;12;16;5;3;5;3;0;1;0;1;0;1;0;0;359208,2444;5647142,075;6,995246923;50,95866808
159843;5,21E+18;5;3;15;0;2021;3;12;7;3;0;5;0;0;1;1;0;0;0;0;357750,6332;5647907,105;6,974206515;50,96518537
159845;5,21E+18;5;3;15;0;2021;11;16;6;3;0;5;0;0;0;1;0;0;0;1;359507,0096;5643802,545;7,000786428;50,92872829
159846;5,21E+18;5;3;15;0;2021;5;19;4;3;0;1;0;1;0;0;0;1;0;0;356212,6312;5645630,865;6,953217618;50,94434739
159847;5,21E+18;5;3;15;0;2021;10;17;6;3;0;6;0;0;0;1;0;0;0;0;359987,0017;5645775,231;7,006854243;50,94657383
159848;5,21E+18;5;3;15;0;2021;5;15;4;3;3;5;0;0;1;1;0;0;0;0;356627,7413;5642787,799;6,96024093;50,91890042
159849;5,21E+18;5;3;15;0;2021;3;14;5;3;1;6;0;0;0;1;0;0;1;0;358006,2526;5640425,662;6,980758943;50,89801264
159851;5,21E+18;5;3;15;0;2021;11;17;5;2;0;4;2;0;1;1;1;0;0;0;356465,0015;5643870,334;6,957501093;50,9285886
159852;5,21E+18;5;3;15;0;2021;10;15;5;3;5;2;0;1;0;1;0;1;0;0;358831,4778;5637641,713;6,993561867;50,87319519
159856;5,21E+18;5;3;15;0;2021;12;12;6;3;2;6;0;0;0;1;0;0;0;0;357026,5844;5640081,417;6,966971542;50,8946772
159857;5,21E+18;5;3;15;0;2021;6;12;2;2;8;1;0;0;0;1;0;1;0;0;359354,1763;5644494,539;6,998346006;50,93491008
159860;5,21E+18;5;3;15;0;2021;6;17;5;3;5;3;0;0;0;1;0;0;0;0;356765,5686;5648939,686;6,95978089;50,97422094
159861;5,21E+18;5;3;15;0;2021;4;5;3;3;5;3;2;1;0;1;0;0;1;0;357849,593;5641344,631;6,978174832;50,90623291
159862;5,21E+18;5;3;15;0;2021;10;18;3;3;2;6;1;1;0;1;0;0;0;0;356170,0662;5645340,239;6,952726884;50,94172496
159863;5,21E+18;5;3;15;0;2021;6;17;5;3;5;2;0;0;1;1;0;0;0;0;359749,9379;5649479,381;7,002053851;50,97980573
159864;5,21E+18;5;3;15;0;2021;6;18;6;3;6;7;0;0;0;0;1;0;0;1;356410,281;5644968,611;6,956290243;50,93844506
159866;5,21E+18;5;3;15;0;2021;7;18;5;3;0;1;0;1;1;0;0;0;0;0;360022,141;5636881,668;7,010764765;50,86665404
159867;5,21E+18;5;3;15;0;2021;3;15;3;3;4;2;0;0;0;1;0;1;0;0;358370,6502;5644821,736;6,984230641;50,93760991
159870;5,21E+18;5;3;15;0;2021;11;17;7;3;5;3;2;0;0;1;0;0;0;0;356653,956;5647879,936;6,958609846;50,96466937
159871;5,21E+18;5;3;15;0;2021;12;19;2;3;0;7;2;0;0;1;1;0;0;0;359230,0487;5644231,828;6,996682065;50,93251879
159872;5,21E+18;5;3;15;0;2021;4;13;4;3;0;3;0;0;1;1;0;0;0;0;357954,1523;5648611,08;6,976828002;50,97156217
159880;5,21E+18;5;3;15;0;2021;12;8;6;3;0;1;0;1;1;0;0;0;0;0;360223,8199;5647935,024;7,009393856;50,96604165
159883;5,21E+18;5;3;15;0;2021;3;23;2;3;2;2;2;0;0;1;0;0;0;0;359228,4401;5642678,559;6,99725888;50,91855899
159886;5,21E+18;5;3;15;0;2021;2;11;4;3;0;1;0;0;1;0;0;0;0;0;356597,5415;5642991,055;6,959731654;50,92071956
159888;5,21E+18;5;3;15;0;2021;4;9;6;3;0;7;0;0;0;0;0;0;0;1;357913,0651;5647830,369;6,976548157;50,96453583
159889;5,21E+18;5;3;15;0;2021;11;13;6;3;0;1;0;0;1;0;0;0;0;0;356872,7354;5644563,552;6,963026996;50,93491981
159891;5,21E+18;5;3;15;0;2021;12;10;6;3;0;2;0;0;1;0;0;0;0;1;359555,433;5644355,827;7,001261858;50,9337125
159894;5,21E+18;5;3;15;0;2021;5;15;4;3;3;6;0;0;0;1;0;0;0;0;356849,0646;5641318,664;6,963963929;50,90575233
159896;5,21E+18;5;3;15;0;2021;3;10;6;3;0;7;0;0;1;0;0;0;0;0;358841,6726;5646511,937;6,990275062;50,95291533
159897;5,21E+18;5;3;15;0;2021;5;14;5;3;2;6;0;0;0;1;0;0;0;1;356831,6407;5641436,883;6,963669909;50,90681044
159899;5,21E+18;5;3;15;0;2021;6;11;5;3;5;2;0;0;1;1;0;0;0;0;356643,942;5647651,409;6,958557379;50,96261315
159901;5,21E+18;5;3;15;0;2021;3;14;4;3;5;3;0;0;1;1;0;0;0;0;357808,591;5648290,721;6,974881394;50,96864721
159903;5,21E+18;5;3;15;0;2021;4;20;6;3;5;3;0;0;0;1;0;0;0;0;359476,8556;5645392,357;6,999744539;50,94300877
159904;5,21E+18;5;3;15;0;2021;4;15;5;3;5;3;0;0;0;1;0;0;0;0;356189,6411;5644963,141;6,953154179;50,93834092
159905;5,21E+18;5;3;15;0;2021;1;13;7;3;1;5;0;0;1;1;0;0;0;0;359748,5203;5636732,095;7,006936172;50,86524347
159906;5,21E+18;5;3;15;0;2021;3;15;2;3;0;4;0;0;0;1;1;0;0;0;356869,0816;5649976,695;6,960846001;50,9835661
159911;5,21E+18;5;3;15;0;2021;1;15;4;3;5;2;0;0;0;1;0;0;0;0;357721,2345;5648995,106;6,973362488;50,97495589
159912;5,21E+18;5;3;15;0;2021;5;12;5;3;1;5;0;1;1;1;0;0;0;1;360215,47;5643508,388;7,010974086;50,92625676
159918;5,21E+18;5;3;15;0;2021;1;16;6;3;1;1;0;1;1;1;0;0;0;0;356708,0018;5646481,747;6,959929499;50,95211749
159922;5,21E+18;5;3;15;0;2021;2;22;1;3;6;5;2;0;0;1;1;0;0;0;356347,8858;5646041,113;6,954979805;50,94806794
159927;5,21E+18;5;3;15;0;2021;4;17;2;3;0;2;0;0;1;1;0;0;0;0;358681,809;5641970,274;6,989761486;50,91205995
159928;5,21E+18;5;3;15;0;2021;6;17;5;2;1;5;0;1;1;1;0;0;0;0;356768,6992;5642278,206;6,962445063;50,91435575
159929;5,21E+18;5;3;15;0;2021;6;16;5;2;1;5;0;0;1;1;0;0;0;0;356973,4889;5646422,168;6,963730132;50,95164801
159930;5,21E+18;5;3;15;0;2021;2;14;1;2;5;2;0;0;0;1;0;1;0;0;359876,5458;5646276,139;7,005090116;50,95104872
159931;5,21E+18;5;3;15;0;2021;1;13;5;2;0;7;0;1;0;0;1;0;0;1;356637,1749;5646320,668;6,958985237;50,95065229
159932;5,21E+18;5;3;15;0;2021;11;9;1;3;1;1;0;0;0;1;0;0;0;1;359092,2488;5642555,095;6,995370261;50,91741616
159933;5,21E+18;5;3;15;0;2021;4;16;6;3;5;3;0;0;0;1;0;0;0;1;357803,7629;5648289,658;6,974813093;50,96863647
159934;5,21E+18;5;3;15;0;2021;12;11;5;3;0;7;0;0;0;1;0;0;0;0;356781,0514;5641775,316;6,962818042;50,90983937
159937;5,21E+18;5;3;15;0;2021;5;18;6;3;5;2;0;0;0;1;0;0;0;1;356248,864;5647488,168;6,95299965;50,96104769
159939;5,21E+18;5;3;15;0;2021;10;9;2;3;4;6;0;0;0;1;0;0;0;1;357274,0968;5641948,282;6,96975888;50,91151593
159940;5,21E+18;5;3;15;0;2021;2;9;6;2;5;3;0;0;1;1;0;0;0;0;356778,8753;5643580,177;6,96207847;50,926059
159945;5,21E+18;5;3;15;0;2021;5;18;1;3;0;7;0;0;0;0;0;0;0;1;357615,836;5645494,512;6,97323181;50,94347025
159946;5,21E+18;5;3;15;0;2021;10;16;3;3;6;4;0;1;0;1;1;0;0;0;360371,7291;5648646,512;7,011225785;50,97247176
159948;5,21E+18;5;3;15;0;2021;6;10;2;3;1;5;0;0;0;1;0;1;0;0;357333,4004;5650049,997;6,967427808;50,98434011
159949;5,21E+18;5;3;15;0;2021;6;22;7;3;0;1;1;0;0;0;0;0;0;1;359574,2588;5647841,731;7,000185233;50,96504526
159951;5,21E+18;5;3;15;0;2021;5;18;4;2;6;4;0;0;0;1;1;0;0;0;360007,5625;5645335,515;7,007315757;50,94262703
159952;5,21E+18;5;3;15;0;2021;6;8;7;2;5;3;0;0;0;1;0;1;0;0;356825,5012;5649235,819;6,960517371;50,97689714
159955;5,21E+18;5;3;15;0;2021;2;12;5;3;1;5;0;0;1;1;0;0;0;0;356325,1922;5644965,977;6,955081039;50,9384002
159957;5,21E+18;5;3;15;0;2021;6;18;4;3;5;3;0;0;0;1;0;1;0;0;356894,2407;5642990,428;6,963950356;50,92078759
159961;5,21E+18;5;3;15;0;2021;9;2;1;2;0;1;2;0;0;0;0;0;0;1;359123,4444;5643892,017;6,995297291;50,92943884
159962;5,21E+18;5;3;15;0;2021;1;18;5;3;5;3;2;1;1;1;0;0;0;0;357762,1005;5648285,129;6,974221897;50,96858548
159963;5,21E+18;5;3;15;0;2021;10;20;6;2;5;2;2;0;0;1;0;0;0;1;357431,612;5648938,565;6,969262007;50,97437613
159965;5,21E+18;5;3;15;0;2021;4;12;5;2;0;1;0;0;1;0;0;0;0;0;359611,3307;5648085,737;7,000618663;50,96724719
159966;5,21E+18;5;3;15;0;2021;12;21;1;3;5;3;2;1;1;1;0;0;0;0;356177,2269;5645495,239;6,952767541;50,94311971
159969;5,21E+18;5;3;15;0;2021;10;16;5;3;0;5;0;0;1;1;0;0;0;0;356658,6025;5642593,574;6,960756018;50,91716261
159970;5,21E+18;5;3;15;0;2021;12;16;7;3;5;2;2;0;1;1;0;0;0;0;358136,82;5648158,585;6,979604521;50,96754064
159971;5,21E+18;5;3;15;0;2021;12;18;3;3;5;3;2;0;0;1;0;0;0;0;359770,588;5644465,718;7,004279567;50,93475246
159974;5,21E+18;5;3;15;0;2021;11;12;6;3;0;1;0;1;1;0;0;0;0;0;357216,7803;5647306,37;6,966844692;50,95965457
159976;5,21E+18;5;3;15;0;2021;11;14;3;2;7;1;0;0;0;1;1;0;0;0;358439,464;5641783,962;6,9863887;50,91032617
159979;5,21E+18;5;3;15;0;2021;6;16;4;3;8;1;0;0;0;0;0;0;0;1;356853,3885;5641941,479;6,96378111;50,91135061
159980;5,21E+18;5;3;15;0;2021;1;20;1;3;8;1;2;1;0;0;0;1;0;0;356774,2382;5649190,356;6,959805549;50,97647583
159982;5,21E+18;5;3;15;0;2021;1;11;6;3;0;7;0;0;1;0;0;0;0;1;356121,2979;5646561,736;6,951550589;50,95269018
159984;5,21E+18;5;3;15;0;2021;9;16;3;3;2;6;0;0;1;1;0;0;0;0;356309,1098;5646121,666;6,954396382;50,94878219
159987;5,21E+18;5;3;15;0;2021;3;7;5;3;6;7;0;0;1;0;1;0;0;0;356859,49;5641249,076;6,964139397;50,90512953
159991;5,21E+18;5;3;15;0;2021;9;9;5;3;4;6;0;0;1;1;0;0;0;0;356572,978;5643413,811;6,959216143;50,92451273
159993;5,21E+18;5;3;15;0;2021;2;11;1;2;0;1;0;0;1;0;0;0;0;0;357687,8743;5645135,869;6,974396665;50,94026492