OBJECTID;UIDENTSTLAE;ULAND;UREGBEZ;UKREIS;UGEMEINDE;UJAHR;UMONAT;USTUNDE;UWOCHENTAG;UKATEGORIE;UART;UTYP1;ULICHTVERH;USTRZUSTAND;IstRad;IstPKW;IstFuss;IstKrad;IstGkfz;IstSonstige;LINREFX;LINREFY;XGCSWGS84;YGCSWGS84
159994;5,21E+18;5;3;15;0;2021;7;17;3;3;0;5;0;0;1;1;0;0;0;0;357215,9295;5641847,304;6,968971531;50,91059406
159995;5,21E+18;5;3;15;0;2021;6;11;3;3;0;7;0;0;0;1;0;0;0;0;356687,914;5640000;6,962190972;50,89386156
159997;5,21E+18;5;3;15;0;2021;11;18;4;3;2;6;2;1;0;1;0;0;0;0;356179,5623;5644967,105;6,95300926;50,93837403
159998;5,21E+18;5;3;15;0;2021;9;11;3;3;5;3;0;0;0;1;0;0;0;0;360072,5841;5645407,836;7,008212909;50,94329278
159999;5,21E+18;5;3;15;0;2021;10;18;3;3;5;5;2;1;0;1;0;0;0;0;356686,2131;5641719,414;6,961491904;50,90931344
160001;5,21E+18;5;3;15;0;2021;6;10;3;3;6;4;0;0;0;1;1;0;0;0;359545,9227;5636695,352;7,0040731;50,86486407
160002;5,21E+18;5;3;15;0;2021;1;11;6;3;2;6;0;0;0;1;0;0;0;0;356586,436;5648938,212;6,957231655;50,97416311
160003;5,21E+18;5;3;15;0;2021;9;9;5;3;5;2;0;0;0;1;0;0;0;1;359147,6479;5651632,796;6,992644576;50,99901144
160007;5,21E+18;5;3;15;0;2021;3;10;4;2;0;1;0;0;0;0;0;1;0;0;358467,0265;5641693,218;6,986815694;50,9095174
160008;5,21E+18;5;3;15;0;2021;12;19;5;3;6;2;2;1;0;1;1;0;0;0;356880,8716;5650085,364;6,960971058;50,98454562
160010;5,21E+18;5;3;15;0;2021;9;14;2;3;2;2;0;0;0;1;0;0;0;0;359714,8354;5647847,41;7,002183704;50,96513055
160012;5,21E+18;5;3;15;0;2021;9;19;3;3;0;1;2;0;0;0;0;0;0;1;359891,6003;5646279,913;7,005302854;50,95108629
160014;5,21E+18;5;3;15;0;2021;12;17;6;3;2;5;2;1;0;1;0;0;0;0;359304,754;5644512,618;6,997636113;50,9350605
160015;5,21E+18;5;3;15;0;2021;10;8;6;3;4;3;0;0;0;1;0;0;0;0;358306,5495;5637085,021;6,986321599;50,86806366
160017;5,21E+18;5;3;15;0;2021;2;14;3;3;0;3;0;0;1;1;0;0;0;0;356760,4069;5642005,886;6,962434085;50,91190637
160018;5,21E+18;5;3;15;0;2021;10;10;3;3;0;7;0;1;0;1;0;1;0;0;356777,7053;5649070,684;6,959902045;50,97540122
160020;5,21E+18;5;3;15;0;2021;12;6;4;3;0;1;2;2;0;0;0;1;0;0;357995,0844;5648530,619;6,977442031;50,97084916
160021;5,21E+18;5;3;15;0;2021;11;15;4;3;5;3;0;1;0;1;0;1;0;0;356042,1184;5642687,938;6,951954354;50,91785718
160022;5,21E+18;5;3;15;0;2021;9;12;1;3;6;2;0;0;0;1;1;0;0;0;359600,8063;5645235,867;7,001568064;50,94163258
160025;5,21E+18;5;3;15;0;2021;7;11;7;3;5;3;0;0;1;0;0;0;0;1;360588,0596;5637782,684;7,018458491;50,87488851
160031;5,21E+18;5;3;15;0;2021;10;15;2;3;0;1;0;0;1;0;0;0;0;0;364982,0879;5638668,844;7,080547981;50,88389625
160034;5,21E+18;5;3;15;0;2021;3;8;5;3;5;3;0;0;1;1;0;0;0;0;364613,0259;5642753,5;7,073789759;50,92052101
160035;5,21E+18;5;3;15;0;2021;6;8;4;3;5;2;0;0;1;1;0;0;0;0;364276,4376;5649082,319;7,066644876;50,97732195
160036;5,21E+18;5;3;15;0;2021;11;15;5;3;2;6;0;0;1;1;0;0;0;0;360526,7316;5637933,677;7,017529764;50,87623074
160043;5,21E+18;5;3;15;0;2021;7;11;1;3;1;5;0;0;1;1;0;0;0;0;361012,5955;5644352,59;7,021987433;50,93403642
160045;5,21E+18;5;3;15;0;2021;12;16;4;2;6;6;0;0;0;1;1;0;0;0;364494,939;5645129,01;7,071227575;50,94184321
160047;5,21E+18;5;3;15;0;2021;4;13;3;3;0;6;0;0;0;1;0;0;0;0;360546,77;5647084,007;7,014316324;50,95847171
160052;5,21E+18;5;3;15;0;2021;5;20;6;3;0;1;0;1;1;0;0;0;0;0;361013,667;5645290,033;7,021645071;50,94246169
160056;5,21E+18;5;3;15;0;2021;5;16;6;3;0;1;0;1;1;0;0;0;0;0;360205,4183;5636592,715;7,013478065;50,86410148
160058;5,21E+18;5;3;15;0;2021;12;11;2;3;4;6;0;0;1;1;0;0;0;0;363151,015;5638732,353;7,05450909;50,88403622
160061;5,21E+18;5;3;15;0;2021;9;16;4;3;5;3;0;0;0;1;0;1;0;0;360582,7156;5637781,504;7,018383032;50,87487661
160068;5,21E+18;5;3;15;0;2021;3;9;3;3;5;3;0;0;0;1;0;0;0;1;362940,4647;5641509,135;7,050475607;50,90894251
160073;5,21E+18;5;3;15;0;2021;5;11;5;2;6;4;0;1;1;0;1;0;0;0;364094,129;5639878,005;7,067482385;50,89455545
160077;5,21E+18;5;3;15;0;2021;9;8;6;2;2;6;0;0;0;1;0;0;0;0;361896,176;5649573,191;7,032573223;50,9811676
160083;5,21E+18;5;3;15;0;2021;9;10;5;3;5;3;0;0;1;0;0;0;0;0;365318,955;5637596,645;7,085729123;50,87433831
160084;5,21E+18;5;3;15;0;2021;12;7;5;3;1;5;2;0;0;1;0;0;0;0;363280,786;5637688,062;7,056743374;50,87468137
160085;5,21E+18;5;3;15;0;2021;10;6;6;3;5;3;2;0;1;1;0;0;0;0;364054,9808;5645196,432;7,064943881;50,94234559
160090;5,21E+18;5;3;15;0;2021;10;13;6;3;0;2;0;1;1;0;0;0;0;0;365034,2075;5645592,869;7,078726987;50,94613864
160097;5,21E+18;5;3;15;0;2021;6;13;7;3;0;2;0;1;0;1;0;1;0;0;360320,8613;5638468,849;7,014400935;50,88099075
160104;5,21E+18;5;3;15;0;2021;10;2;4;3;1;5;2;0;0;1;0;0;0;1;365652,5856;5638549,638;7,090118107;50,88298117
160106;5,21E+18;5;3;15;0;2021;2;14;7;3;2;6;0;0;0;1;0;0;0;0;363714,4105;5640158,989;7,061981414;50,89699132
160107;5,21E+18;5;3;15;0;2021;7;13;5;3;0;7;0;0;1;1;0;0;0;0;360496,035;5648941,842;7,012881871;50,97515605
160110;5,21E+18;5;3;15;0;2021;5;6;4;3;5;2;0;0;1;1;0;0;0;0;364756,9136;5649819,404;7,073210748;50,98405951
160112;5,21E+18;5;3;15;0;2021;2;14;1;3;1;7;0;0;0;1;0;1;0;0;360866,2695;5647340,618;7,018764675;50,96085515
160115;5,21E+18;5;3;15;0;2021;6;8;2;3;3;6;0;0;1;1;0;0;0;0;362362,1535;5648506,956;7,039611037;50,97169664
160120;5,21E+18;5;3;15;0;2021;2;15;4;3;5;3;0;1;1;1;0;0;0;0;362847,4609;5636843,017;7,050904998;50,86698387
160121;5,21E+18;5;3;15;0;2021;4;21;4;2;6;2;2;0;0;1;1;0;0;0;360375,5356;5647695,639;7,011644981;50,96392706
160123;5,21E+18;5;3;15;0;2021;12;13;6;3;2;6;0;0;0;1;0;0;0;0;362049,221;5651628,805;7,033971502;50,99967854
160129;5,21E+18;5;3;15;0;2021;2;15;1;3;1;5;0;0;1;1;0;0;0;0;361110,3385;5644568,31;7,023295369;50,93599869
160130;5,21E+18;5;3;15;0;2021;7;15;3;3;5;7;0;0;0;1;0;0;0;0;361890,8072;5649446,863;7,032544789;50,98003097
160140;5,21E+18;5;3;15;0;2021;5;10;1;3;6;4;0;0;0;1;1;0;0;0;361034,635;5649776,674;7,020229721;50,98278904
160144;5,21E+18;5;3;15;0;2021;12;0;3;3;1;7;2;0;0;1;0;0;0;0;363603,7963;5638850,807;7,060897825;50,8852079
160146;5,21E+18;5;3;15;0;2021;7;11;6;3;5;3;0;0;1;1;0;0;0;0;364965,1796;5636331,218;7,08117093;50,86288254
160151;5,21E+18;5;3;15;0;2021;4;12;3;3;5;2;0;0;1;1;0;0;0;0;360763,8107;5641702,728;7,019460802;50,91016146
160156;5,21E+18;5;3;15;0;2021;12;20;3;3;5;3;2;1;1;1;0;0;0;0;364410,7091;5649743,021;7,068309916;50,98329159
160157;5,21E+18;5;3;15;0;2021;5;11;5;3;0;7;0;0;1;0;1;0;0;0;362859,0874;5645450,242;7,047836362;50,94434346
160162;5,21E+18;5;3;15;0;2021;10;17;1;3;0;1;2;0;0;0;0;0;0;1;363516,75;5639219,556;7,059523346;50,88850148
160168;5,21E+18;5;3;15;0;2021;11;17;3;3;6;2;2;1;0;1;1;0;0;0;360913,456;5646991,607;7,019569563;50,95772991
160169;5,21E+18;5;3;15;0;2021;6;0;7;3;0;1;2;0;0;0;0;1;0;0;361272,708;5647326,796;7,024553859;50,96082893
160180;5,21E+18;5;3;15;0;2021;2;15;2;3;6;6;0;1;0;1;1;0;0;0;360752,1457;5649378,261;7,016360452;50,97914019
160185;5,21E+18;5;3;15;0;2021;10;12;6;3;0;7;0;0;0;0;1;0;0;1;360954,9663;5640489,353;7,022640298;50,89930259
160187;5,21E+18;5;3;15;0;2021;11;14;7;3;5;3;0;1;0;1;0;0;0;0;364266,3899;5641069,9;7,069487308;50,90530818
160190;5,21E+18;5;3;15;0;2021;5;15;3;3;1;3;0;0;0;1;0;0;0;0;365150,0235;5636452,393;7,083751312;50,86401477
160195;5,21E+18;5;3;15;0;2021;6;10;4;3;1;5;0;0;0;1;0;0;0;1;361148,6067;5640396,317;7,025427685;50,89851304
160197;5,21E+18;5;3;15;0;2021;12;13;4;3;5;2;0;0;0;1;0;1;0;0;362544,314;5642653,158;7,044413287;50,9191301
160205;5,21E+18;5;3;15;0;2021;6;15;3;3;5;3;0;0;1;1;0;0;0;0;363999,568;5637308,628;7,06709465;50,87144077
160208;5,21E+18;5;3;15;0;2021;4;13;7;3;2;6;0;0;0;1;0;0;0;0;362311,8046;5648262,536;7,0389869;50,96948794
160210;5,21E+18;5;3;15;0;2021;10;16;3;2;0;7;0;0;1;0;1;0;0;0;364237,865;5649432,914;7,06596481;50,9804638
160214;5,21E+18;5;3;15;0;2021;6;11;6;3;0;7;0;0;1;0;0;0;0;0;361506,4544;5636284,053;7,032071285;50,86164053
160217;5,21E+18;5;3;15;0;2021;9;18;3;3;3;6;1;0;1;1;0;0;0;0;360569,8829;5646242,54;7,014967536;50,9509149
160218;5,21E+18;5;3;15;0;2021;5;19;2;3;5;3;0;0;1;1;0;0;0;0;363520,028;5648181,579;7,056214666;50,9690479
160219;5,21E+18;5;3;15;0;2021;10;17;5;3;6;4;0;0;0;0;1;1;0;0;363711,0835;5638804,812;7,062439314;50,88481984
160229;5,21E+18;5;3;15;0;2021;3;14;4;3;2;6;0;0;0;1;0;0;0;0;362528,8092;5647770,22;7,042261704;50,96511518
160233;5,21E+18;5;3;15;0;2021;7;14;6;3;5;3;0;0;1;1;0;0;0;0;363826,674;5644153,966;7,062085728;50,9329226
160249;5,21E+18;5;3;15;0;2021;10;16;6;3;6;4;0;0;0;1;1;0;0;0;361927,1725;5636517,038;7,03795783;50,86383509
160250;5,21E+18;5;3;15;0;2021;9;8;4;3;5;3;0;0;1;1;0;0;0;0;363702,6131;5643648,344;7,060510335;50,92834905
160252;5,21E+18;5;3;15;0;2021;3;15;3;3;3;3;0;0;1;1;0;0;0;0;365182,7266;5645577,407;7,080845651;50,94603443
160264;5,21E+18;5;3;15;0;2021;11;18;3;3;0;1;1;1;1;0;0;0;0;0;361178,7227;5647027,42;7,023330585;50,95811574
160265;5,21E+18;5;3;15;0;2021;9;12;4;2;0;1;0;1;1;0;0;0;0;0;361616,4631;5643046,403;7,031071815;50,92244254
160267;5,21E+18;5;3;15;0;2021;4;13;6;3;1;1;0;0;0;1;0;0;0;0;364492,1364;5650029,01;7,069362629;50,98588106
160272;5,21E+18;5;3;15;0;2021;7;11;2;3;5;3;0;1;1;1;0;0;0;0;364891,7737;5648494,102;7,075623496;50,97218007
160274;5,21E+18;5;3;15;0;2021;11;17;5;3;0;4;2;0;0;0;1;1;0;0;361075,0733;5648053,698;7,021463804;50,96731412
160279;5,21E+18;5;3;15;0;2021;9;8;6;3;5;3;0;0;0;1;0;0;0;1;360379,8666;5644544,236;7,012915041;50,93560595
160284;5,21E+18;5;3;15;0;2021;9;18;4;3;1;6;0;1;0;1;0;0;0;0;360914,5141;5646991,859;7,019584522;50,95773243
160287;5,21E+18;5;3;15;0;2021;12;15;5;3;3;6;0;0;0;0;0;1;0;0;362555,5442;5644251,159;7,043970549;50,9334946
160290;5,21E+18;5;3;15;0;2021;11;15;6;3;0;7;0;0;0;1;0;1;0;0;360444,2569;5648222,49;7,012420871;50,9686786
160301;5,21E+18;5;3;15;0;2021;12;14;3;3;6;4;0;0;0;1;1;0;0;0;365553,8447;5636320,865;7,089534618;50,86292668
160312;5,21E+18;5;3;15;0;2021;11;6;5;3;5;2;2;0;0;1;1;0;0;0;363649,2036;5649127,607;7,057698545;50,9775808
160313;5,21E+18;5;3;15;0;2021;3;12;3;2;5;3;0;0;1;1;0;0;0;0;364034,0262;5640104,553;7,066543934;50,89657741
160317;5,21E+18;5;3;15;0;2021;3;15;3;3;3;2;0;0;1;1;0;0;0;0;361838,4339;5648434,413;7,032183907;50,97091929
160319;5,21E+18;5;3;15;0;2021;11;7;6;3;0;6;1;0;0;1;1;0;0;0;364159,4585;5638944,646;7,068757815;50,88618221
160322;5,21E+18;5;3;15;0;2021;10;11;3;3;0;1;0;0;0;1;0;0;0;0;365327,897;5637718,497;7,085811266;50,87543556
160323;5,21E+18;5;3;15;0;2021;3;8;5;3;0;4;0;1;0;1;1;0;0;0;363347,8795;5640486,798;7,056649773;50,89985088
160325;5,21E+18;5;3;15;0;2021;7;13;4;3;6;7;0;0;0;0;1;0;0;1;364731,9341;5639737,96;7,076598062;50,89344652
160327;5,21E+18;5;3;15;0;2021;5;14;4;3;0;1;0;1;0;0;0;0;0;1;360979,785;5645621,875;7,021036437;50,94543586
160330;5,21E+18;5;3;15;0;2021;2;9;3;2;0;1;0;1;0;0;0;0;0;1;362560,4778;5644182,714;7,04406653;50,93288063
160332;5,21E+18;5;3;15;0;2021;12;12;2;3;0;1;0;0;1;0;0;0;0;0;363495,5422;5638894,977;7,059343255;50,88557931
160343;5,21E+18;5;3;15;0;2021;7;17;5;3;6;4;0;1;0;1;1;0;0;0;365097,3908;5643340,857;7,080459602;50,92591337
160345;5,21E+18;5;3;15;0;2021;10;12;6;3;5;3;0;0;1;1;0;0;0;0;363040,8348;5644835,926;7,050652852;50,93886557
160348;5,21E+18;5;3;15;0;2021;3;8;5;3;5;2;0;0;1;1;0;0;0;0;361934,9681;5648108,526;7,033681675;50,96801361
160354;5,21E+18;5;3;15;0;2021;10;12;6;3;5;2;0;0;0;1;0;0;0;0;361043,6129;5643346,12;7,022812238;50,92499849
160355;5,21E+18;5;3;15;0;2021;4;10;5;3;0;7;0;0;0;0;1;0;0;1;361888,6005;5649463,779;7,032506944;50,98018247
160358;5,21E+18;5;3;15;0;2021;10;13;7;3;5;3;0;0;0;1;0;1;0;0;362591,1098;5651561,462;7,041714972;50,99920297
160372;5,21E+18;5;3;15;0;2021;4;12;5;2;0;5;0;0;0;1;0;0;0;0;361884,9463;5649215,486;7,032549261;50,97795013
160373;5,21E+18;5;3;15;0;2021;5;23;1;3;0;1;2;0;0;1;0;0;0;0;365414,281;5645138,924;7,084301933;50,94214764
160378;5,21E+18;5;3;15;0;2021;3;23;6;3;6;4;2;0;0;1;1;0;0;0;363266,1045;5640998,738;7,055295827;50,90443256
160382;5,21E+18;5;3;15;0;2021;11;13;6;2;1;1;0;1;0;1;0;1;0;0;360950,0657;5645403,38;7,020697066;50,94346503
160391;5,21E+18;5;3;15;0;2021;2;13;6;3;5;3;0;0;1;0;0;0;0;1;364647,5575;5645296,388;7,07333643;50,94338336
160393;5,21E+18;5;3;15;0;2021;3;20;2;3;8;1;2;0;0;1;0;0;0;0;360943,3467;5648014,225;7,019604072;50,96692759
160397;5,21E+18;5;3;15;0;2021;6;17;5;3;6;4;0;0;0;0;1;0;0;1;363342,1463;5638697,484;7,057237644;50,88376808
160404;5,21E+18;5;3;15;0;2021;6;16;2;3;1;3;0;0;1;1;0;0;0;0;362072,5401;5649650,146;7,035054919;50,98190148
160411;5,21E+18;5;3;15;0;2021;1;21;1;3;0;1;2;2;1;0;0;0;0;0;360815,269;5637503,899;7,021791996;50,87243774
160414;5,21E+18;5;3;15;0;2021;4;13;6;3;1;3;0;0;0;1;0;0;0;1;362407,2692;5640485,487;7,043282017;50,89961573
160417;5,21E+18;5;3;15;0;2021;2;17;4;3;0;7;2;0;1;0;0;0;0;0;365008,4373;5635867,13;7,081956439;50,85872158
160418;5,21E+18;5;3;15;0;2021;5;21;1;3;0;6;1;0;1;0;0;0;0;0;363104,0871;5639021,383;7,053734088;50,88662276
160425;5,21E+18;5;3;15;0;2021;9;15;2;3;6;7;0;0;0;1;1;0;0;0;363660,1119;5638887,459;7,061684283;50,88555061
160432;5,21E+18;5;3;15;0;2021;11;12;7;3;8;7;0;0;0;0;0;1;0;0;363121,233;5641703,035;7,052972526;50,91072807
160443;5,21E+18;5;3;15;0;2021;7;16;1;3;8;5;0;0;0;1;0;0;0;0;362959,4206;5639754,313;7,051403702;50,89317564
160449;5,21E+18;5;3;15;0;2021;7;21;6;3;0;3;0;0;1;1;0;0;0;0;362360,738;5650870,268;7,038695855;50,99293599
160450;5,21E+18;5;3;15;0;2021;12;7;6;3;0;4;2;0;0;0;1;1;0;0;363538,9853;5643784,56;7,058132376;50,9295346
160451;5,21E+18;5;3;15;0;2021;1;20;5;2;4;1;2;1;0;1;0;0;0;0;364063,0921;5637188,43;7,068041611;50,87037542
160452;5,21E+18;5;3;15;0;2021;7;16;6;3;4;6;0;0;1;0;0;0;0;1;365188,4415;5648489,333;7,079848228;50,97220673
160455;5,21E+18;5;3;15;0;2021;6;13;5;3;0;3;0;0;0;1;0;0;0;1;361004,9925;5644396,975;7,021862371;50,93443348
160457;5,21E+18;5;3;15;0;2021;5;19;1;3;0;1;0;0;1;0;0;0;0;0;364538,625;5644182,135;7,072201051;50,93334343
160461;5,21E+18;5;3;15;0;2021;6;23;7;3;8;1;2;1;1;1;0;0;0;0;364141,5576;5650029,352;7,064370702;50,9858015
160469;5,21E+18;5;3;15;0;2021;4;13;6;2;0;1;0;0;0;1;0;0;0;0;365251,462;5647957,992;7,080942169;50,96744605
160473;5,21E+18;5;3;15;0;2021;5;23;7;2;0;1;2;1;1;0;0;0;0;0;360849,9401;5647831,829;7,01834443;50,96526581
160476;5,21E+18;5;3;15;0;2021;9;20;4;3;0;1;2;0;1;0;0;0;0;1;362181,0677;5648249,146;7,037131134;50,96933633
160477;5,21E+18;5;3;15;0;2021;11;9;3;3;0;1;0;0;0;1;0;0;0;0;363558,775;5638869,085;7,06025134;50,88536155
160478;5,21E+18;5;3;15;0;2021;6;17;2;2;0;3;0;0;1;1;0;0;0;0;360078,8325;5637171,355;7,011459089;50,86927126
160490;5,21E+18;5;3;15;0;2021;11;13;3;3;6;4;0;1;0;1;1;0;0;0;361352,7148;5652301,187;7,023794622;51,00555392
160496;5,21E+18;5;3;15;0;2021;6;11;1;3;5;7;0;0;1;1;0;0;0;0;364761,3133;5647973,875;7,073959888;50,96747394
160502;5,21E+18;5;3;15;0;2021;6;18;2;3;5;5;0;0;1;1;0;0;0;0;365127,0956;5648106,56;7,079116944;50,96875221
160506;5,21E+18;5;3;15;0;2021;5;16;7;3;6;4;0;0;0;1;1;0;0;0;364316,8851;5638584,205;7,071128408;50,88297971
160511;5,21E+18;5;3;15;0;2021;6;19;3;3;0;1;0;0;1;0;0;0;0;0;364876,5934;5648715,621;7,075325091;50,97416741
160513;5,21E+18;5;3;15;0;2021;3;16;2;2;6;7;0;0;0;1;1;0;0;0;360790,5046;5637846,891;7,021309679;50,87551436
160518;5,21E+18;5;3;15;0;2021;9;14;5;3;2;6;0;0;0;1;0;0;0;0;365341,743;5645634,199;7,08308693;50,94658201
160519;5,21E+18;5;3;15;0;2021;3;14;3;3;5;2;0;0;0;0;0;1;0;1;363079,8788;5640934,753;7,052672856;50,90381337
160520;5,21E+18;5;3;15;0;2021;10;13;7;3;6;4;0;0;0;1;1;0;0;0;364625,298;5640476,231;7,074809037;50,90005681
160522;5,21E+18;5;3;15;0;2021;7;22;7;3;0;7;2;1;1;0;0;0;0;0;360898,8001;5644792,221;7,020201155;50,93796004
160523;5,21E+18;5;3;15;0;2021;11;22;3;2;0;7;2;0;0;0;1;0;0;1;361367,4816;5647143,284;7,02597247;50,95920247
160524;5,21E+18;5;3;15;0;2021;12;7;3;3;5;3;2;0;1;1;0;0;0;0;365859,7056;5648295,61;7,089474954;50,97062237
160527;5,21E+18;5;3;15;0;2021;6;11;4;3;0;1;0;0;1;1;0;0;0;0;360477,0153;5648796,505;7,012666897;50,97384528
160537;5,21E+18;5;3;15;0;2021;10;8;3;3;6;2;0;1;0;1;1;0;0;0;364824,869;5639758,434;7,077911149;50,89365229
160539;5,21E+18;5;3;15;0;2021;12;17;1;3;5;3;1;0;0;1;0;0;0;1;361136,6587;5645371,099;7,023363736;50,94321989
160542;5,21E+18;5;3;15;0;2021;11;11;6;3;0;1;0;1;1;0;0;0;0;0;364430,4671;5649480,358;7,06868921;50,98093558
160545;5,21E+18;5;3;15;0;2021;5;16;2;3;5;3;0;0;1;1;0;0;0;0;365481,5344;5645307,012;7,085196573;50,94367404
160547;5,21E+18;5;3;15;0;2021;10;16;5;3;1;7;0;0;1;1;0;0;0;0;363913,737;5639872,561;7,064920886;50,89446405
160550;5,21E+18;5;3;15;0;2021;12;11;4;3;0;1;0;1;0;0;0;1;0;0;361073,7031;5648840,539;7,02114372;50,97438526
160552;5,21E+18;5;3;15;0;2021;4;15;6;2;3;2;0;0;1;1;0;0;0;0;362740,4985;5649597,966;7,044584566;50,98159216
160554;5,21E+18;5;3;15;0;2021;12;7;3;3;0;1;1;0;0;0;0;0;0;1;363543,1335;5640187,132;7,059536784;50,89720381
160557;5,21E+18;5;3;15;0;2021;11;23;7;3;0;7;2;1;0;0;0;0;0;1;363317,5717;5644167,444;7,054839976;50,93292331
160559;5,21E+18;5;3;15;0;2021;5;11;5;3;6;5;0;0;0;0;1;0;0;1;363481,6756;5647978,357;7,055745053;50,96721238
160560;5,21E+18;5;3;15;0;2021;1;14;7;2;1;7;0;0;0;1;0;0;0;0;363904,7353;5639224,536;7,065034379;50,88863778
160566;5,21E+18;5;3;15;0;2021;3;7;6;3;6;4;0;0;0;1;1;0;0;0;362381,1858;5636776,043;7,044308005;50,86627113
160569;5,21E+18;5;3;15;0;2021;1;0;4;2;9;1;2;1;0;1;0;0;0;0;365371,3194;5649168,794;7,08219984;50,97835616
160571;5,21E+18;5;3;15;0;2021;9;10;5;3;5;2;0;0;1;1;0;0;0;0;364781,8139;5648848,18;7,073926585;50,97533653
160576;5,21E+18;5;3;15;0;2021;1;19;7;3;5;3;2;0;0;1;0;0;0;1;362445,414;5651268,962;7,039750691;50,9965394
160578;5,21E+18;5;3;15;0;2021;5;19;7;3;1;5;0;1;1;1;0;0;0;0;360127,8127;5636734,593;7,012321735;50,86535781
160580;5,21E+18;5;3;15;0;2021;6;12;1;3;9;7;0;0;0;1;0;0;0;0;361943,0493;5646212,282;7,034516082;50,9509735
160585;5,21E+18;5;3;15;0;2021;12;11;3;3;1;5;0;0;0;1;0;0;0;0;360854,4278;5648440,631;7,018175401;50,9707383
160586;5,21E+18;5;3;15;0;2021;6;14;3;3;1;5;0;0;0;1;0;0;0;1;363434,1511;5640402,428;7,057907455;50,89911302
160587;5,21E+18;5;3;15;0;2021;11;12;3;3;8;1;0;1;0;1;0;0;0;0;364231,2053;5649458,735;7,06586035;50,98069429
160588;5,21E+18;5;3;15;0;2021;9;15;4;3;3;6;0;1;1;1;0;0;0;0;365084,8939;5648512,068;7,078365828;50,97238682
160589;5,21E+18;5;3;15;0;2021;10;7;3;3;5;3;1;1;1;1;0;0;0;0;362772,216;5636495,71;7,049966611;50,86384459
160606;5,21E+18;5;3;15;0;2021;2;14;6;3;5;3;0;0;1;1;0;0;0;0;363735,0612;5643727,086;7,06094235;50,92906441
160607;5,21E+18;5;3;15;0;2021;6;20;7;3;0;1;1;0;0;1;1;0;0;0;360548,5984;5649076,121;7,013578607;50,97637556
160608;5,21E+18;5;3;15;0;2021;10;13;2;3;0;1;0;0;0;0;0;1;0;0;365406,5583;5649009,115;7,082760642;50,97692929
160613;5,21E+18;5;3;15;0;2021;3;8;3;3;6;7;0;1;0;1;1;0;0;0;360791,6297;5645220,589;7,018513112;50,94178402
160614;5,21E+18;5;3;15;0;2021;6;23;4;3;0;2;2;0;0;1;0;0;0;0;361008,1044;5638111,261;7,024300124;50,87794271
160617;5,21E+18;5;3;15;0;2021;2;8;2;3;1;6;0;2;0;1;0;0;0;0;362331,6191;5648426,403;7,039206901;50,97096539
160620;5,21E+18;5;3;15;0;2021;2;13;3;3;1;5;0;1;1;1;0;0;0;0;365086,3114;5642628,24;7,080565689;50,91950608
160621;5,21E+18;5;3;15;0;2021;9;14;4;3;0;7;0;0;0;1;0;1;0;0;363029,4515;5645849,52;7,050109776;50,94797242
160622;5,21E+18;5;3;15;0;2021;12;21;2;3;8;1;2;1;0;0;0;1;0;0;361059,4659;5646123,916;7,021978427;50,94996702
160624;5,21E+18;5;3;15;0;2021;11;14;5;3;0;1;0;0;1;0;0;0;0;0;364442,489;5640295,192;7,072278053;50,89838682
160640;5,21E+18;5;3;15;0;2021;3;8;2;3;4;6;0;0;1;1;0;0;0;0;361960,7059;5647387,768;7,034321486;50,96154214
160647;5,21E+18;5;3;15;0;2021;2;5;6;3;5;2;2;0;0;1;0;0;0;0;361838,2754;5648434,821;7,032181496;50,97092291
160648;5,21E+18;5;3;15;0;2021;6;18;3;3;0;1;0;1;0;0;0;0;0;1;364203,4367;5639545,399;7,069159394;50,89159185
160653;5,21E+18;5;3;15;0;2021;12;18;7;3;5;2;2;1;0;1;0;0;0;0;364633,718;5639700,169;7,075216355;50,89308386
160655;5,21E+18;5;3;15;0;2021;9;23;2;3;0;6;2;0;1;0;1;0;0;0;360995,1665;5644240,93;7,021782137;50,9330287
160665;5,21E+18;5;3;15;0;2021;6;11;6;2;7;1;0;0;1;0;0;0;0;0;364174,4699;5649273,891;7,065121673;50,97901964
160667;5,21E+18;5;3;15;0;2021;9;19;5;2;4;2;0;0;0;1;0;0;0;1;365323,5773;5635623,749;7,086521022;50,85660762
160668;5,21E+18;5;3;15;0;2021;11;18;4;3;5;2;1;0;0;1;1;0;0;0;363347,5914;5639256,402;7,057105998;50,88879264
160670;5,21E+18;5;3;15;0;2021;12;1;7;3;1;5;2;1;0;1;0;1;0;0;364821,4148;5636036,908;7,079237993;50,86020379
160680;5,21E+18;5;3;15;0;2021;12;15;2;3;5;3;0;0;1;1;0;0;0;0;363797,5525;5639455,629;7,063425263;50,89068947
160685;5,21E+18;5;3;15;0;2021;5;12;6;3;0;7;0;1;0;0;0;0;0;1;364525,6146;5649265,152;7,070124059;50,97902382
160690;5,21E+18;5;3;15;0;2021;10;11;4;3;6;4;0;0;0;1;1;0;0;0;364734,3866;5648932,22;7,073220163;50,9760807
160692;5,21E+18;5;3;15;0;2021;9;16;6;3;0;7;0;0;0;1;0;1;0;0;360793,0612;5645191,689;7,018544519;50,94152463